target_date,event_ticker,market_ticker,strike_type,floor_strike,cap_strike,rules_source,rules_hash,kalshi_result,kalshi_expiration_value,settlement_value_dollars,nws_cli_max_f,nws_cli_issued_utc,nws_cli_wmo_header,nws_cli_basis,expected_from_kalshi_value,expected_from_nws_cli,match_kalshi_value,match_nws_cli,strikes_from_rules_text,explanation
2025-01-01,KXHIGHNY-25JAN01,KXHIGHNY-25JAN01-B47.5,between,47,48,nws_climatological_report_daily,5614d88a8b138e5c,no,,0.0000,51,2025-01-02T07:09:00+00:00,CDUS41 KOKX 020709,first final report with data,no,no,True,True,False,
2025-01-01,KXHIGHNY-25JAN01,KXHIGHNY-25JAN01-B49.5,between,49,50,nws_climatological_report_daily,a340377b209cd7b0,no,,0.0000,51,2025-01-02T07:09:00+00:00,CDUS41 KOKX 020709,first final report with data,no,no,True,True,False,
2025-01-01,KXHIGHNY-25JAN01,KXHIGHNY-25JAN01-B51.5,between,51,52,nws_climatological_report_daily,c0a0049d76de30e1,yes,51.00,1.0000,51,2025-01-02T07:09:00+00:00,CDUS41 KOKX 020709,first final report with data,yes,yes,True,True,False,
2025-01-01,KXHIGHNY-25JAN01,KXHIGHNY-25JAN01-B53.5,between,53,54,nws_climatological_report_daily,931f1b374ad56f8e,no,,0.0000,51,2025-01-02T07:09:00+00:00,CDUS41 KOKX 020709,first final report with data,no,no,True,True,False,
2025-01-01,KXHIGHNY-25JAN01,KXHIGHNY-25JAN01-T47,less,,47,nws_climatological_report_daily,2c3060555871b5c4,no,,0.0000,51,2025-01-02T07:09:00+00:00,CDUS41 KOKX 020709,first final report with data,no,no,True,True,False,
2025-01-01,KXHIGHNY-25JAN01,KXHIGHNY-25JAN01-T54,greater,54,,nws_climatological_report_daily,658cab9150579001,no,,0.0000,51,2025-01-02T07:09:00+00:00,CDUS41 KOKX 020709,first final report with data,no,no,True,True,False,
2025-01-02,KXHIGHNY-25JAN02,KXHIGHNY-25JAN02-B36.5,between,36,37,nws_climatological_report_daily,22d439d1fa33a66a,no,,0.0000,43,2025-01-03T06:20:00+00:00,CDUS41 KOKX 030620,first final report with data,no,no,True,True,False,
2025-01-02,KXHIGHNY-25JAN02,KXHIGHNY-25JAN02-B38.5,between,38,39,nws_climatological_report_daily,1cc41c8e7ec99434,no,,0.0000,43,2025-01-03T06:20:00+00:00,CDUS41 KOKX 030620,first final report with data,no,no,True,True,False,
2025-01-02,KXHIGHNY-25JAN02,KXHIGHNY-25JAN02-B40.5,between,40,41,nws_climatological_report_daily,fa0d2606c5e086e7,no,,0.0000,43,2025-01-03T06:20:00+00:00,CDUS41 KOKX 030620,first final report with data,no,no,True,True,False,
2025-01-02,KXHIGHNY-25JAN02,KXHIGHNY-25JAN02-B42.5,between,42,43,nws_climatological_report_daily,369c642260849f8a,yes,43.00,1.0000,43,2025-01-03T06:20:00+00:00,CDUS41 KOKX 030620,first final report with data,yes,yes,True,True,False,
2025-01-02,KXHIGHNY-25JAN02,KXHIGHNY-25JAN02-T36,less,,36,nws_climatological_report_daily,6189d59330b76c2f,no,,0.0000,43,2025-01-03T06:20:00+00:00,CDUS41 KOKX 030620,first final report with data,no,no,True,True,False,
2025-01-02,KXHIGHNY-25JAN02,KXHIGHNY-25JAN02-T43,greater,43,,nws_climatological_report_daily,f4d255e676f62887,no,,0.0000,43,2025-01-03T06:20:00+00:00,CDUS41 KOKX 030620,first final report with data,no,no,True,True,False,
2025-01-03,KXHIGHNY-25JAN03,KXHIGHNY-25JAN03-B35.5,between,35,36,nws_climatological_report_daily,0c360c135bd7faa7,no,,0.0000,39,2025-01-04T06:18:00+00:00,CDUS41 KOKX 040618,first final report with data,no,no,True,True,False,
2025-01-03,KXHIGHNY-25JAN03,KXHIGHNY-25JAN03-B37.5,between,37,38,nws_climatological_report_daily,82ecbeb57a11a823,no,,0.0000,39,2025-01-04T06:18:00+00:00,CDUS41 KOKX 040618,first final report with data,no,no,True,True,False,
2025-01-03,KXHIGHNY-25JAN03,KXHIGHNY-25JAN03-B39.5,between,39,40,nws_climatological_report_daily,dc5b6b9b048fbf7f,yes,39.00,1.0000,39,2025-01-04T06:18:00+00:00,CDUS41 KOKX 040618,first final report with data,yes,yes,True,True,False,
2025-01-03,KXHIGHNY-25JAN03,KXHIGHNY-25JAN03-B41.5,between,41,42,nws_climatological_report_daily,3b7cd8cc1fb60b01,no,,0.0000,39,2025-01-04T06:18:00+00:00,CDUS41 KOKX 040618,first final report with data,no,no,True,True,False,
2025-01-03,KXHIGHNY-25JAN03,KXHIGHNY-25JAN03-T35,less,,35,nws_climatological_report_daily,09a48ef843dfb2ee,no,,0.0000,39,2025-01-04T06:18:00+00:00,CDUS41 KOKX 040618,first final report with data,no,no,True,True,False,
2025-01-03,KXHIGHNY-25JAN03,KXHIGHNY-25JAN03-T42,greater,42,,nws_climatological_report_daily,09871f19f9dd3933,no,,0.0000,39,2025-01-04T06:18:00+00:00,CDUS41 KOKX 040618,first final report with data,no,no,True,True,False,
2025-01-04,KXHIGHNY-25JAN04,KXHIGHNY-25JAN04-B31.5,between,31,32,nws_climatological_report_daily,3773a371d1b370c5,no,,0.0000,33,2025-01-05T06:18:00+00:00,CDUS41 KOKX 050618,first final report with data,no,no,True,True,False,
2025-01-04,KXHIGHNY-25JAN04,KXHIGHNY-25JAN04-B33.5,between,33,34,nws_climatological_report_daily,bf65eaf4a574039d,yes,33.00,1.0000,33,2025-01-05T06:18:00+00:00,CDUS41 KOKX 050618,first final report with data,yes,yes,True,True,False,
2025-01-04,KXHIGHNY-25JAN04,KXHIGHNY-25JAN04-B35.5,between,35,36,nws_climatological_report_daily,649efd6422753a5c,no,,0.0000,33,2025-01-05T06:18:00+00:00,CDUS41 KOKX 050618,first final report with data,no,no,True,True,False,
2025-01-04,KXHIGHNY-25JAN04,KXHIGHNY-25JAN04-B37.5,between,37,38,nws_climatological_report_daily,597cad0011bdc7b3,no,,0.0000,33,2025-01-05T06:18:00+00:00,CDUS41 KOKX 050618,first final report with data,no,no,True,True,False,
2025-01-04,KXHIGHNY-25JAN04,KXHIGHNY-25JAN04-T31,less,,31,nws_climatological_report_daily,92902a1187f63cf8,no,,0.0000,33,2025-01-05T06:18:00+00:00,CDUS41 KOKX 050618,first final report with data,no,no,True,True,False,
2025-01-04,KXHIGHNY-25JAN04,KXHIGHNY-25JAN04-T38,greater,38,,nws_climatological_report_daily,1f4d10f15c085a7a,no,,0.0000,33,2025-01-05T06:18:00+00:00,CDUS41 KOKX 050618,first final report with data,no,no,True,True,False,
2025-01-05,KXHIGHNY-25JAN05,KXHIGHNY-25JAN05-B30.5,between,30,31,nws_climatological_report_daily,48cd23003a7a37a3,no,,0.0000,33,2025-01-06T06:16:00+00:00,CDUS41 KOKX 060616,first final report with data,no,no,True,True,False,
2025-01-05,KXHIGHNY-25JAN05,KXHIGHNY-25JAN05-B32.5,between,32,33,nws_climatological_report_daily,888a78a3f58cbcab,yes,33.00,1.0000,33,2025-01-06T06:16:00+00:00,CDUS41 KOKX 060616,first final report with data,yes,yes,True,True,False,
2025-01-05,KXHIGHNY-25JAN05,KXHIGHNY-25JAN05-B34.5,between,34,35,nws_climatological_report_daily,35f0ae3e8ccd9e4b,no,,0.0000,33,2025-01-06T06:16:00+00:00,CDUS41 KOKX 060616,first final report with data,no,no,True,True,False,
2025-01-05,KXHIGHNY-25JAN05,KXHIGHNY-25JAN05-B36.5,between,36,37,nws_climatological_report_daily,b2e5272a142a0bb0,no,,0.0000,33,2025-01-06T06:16:00+00:00,CDUS41 KOKX 060616,first final report with data,no,no,True,True,False,
2025-01-05,KXHIGHNY-25JAN05,KXHIGHNY-25JAN05-T30,less,,30,nws_climatological_report_daily,dd497fc2ff87ac1f,no,,0.0000,33,2025-01-06T06:16:00+00:00,CDUS41 KOKX 060616,first final report with data,no,no,True,True,False,
2025-01-05,KXHIGHNY-25JAN05,KXHIGHNY-25JAN05-T37,greater,37,,nws_climatological_report_daily,07891494e12fc893,no,,0.0000,33,2025-01-06T06:16:00+00:00,CDUS41 KOKX 060616,first final report with data,no,no,True,True,False,
2025-01-06,KXHIGHNY-25JAN06,KXHIGHNY-25JAN06-B28.5,between,28,29,nws_climatological_report_daily,37cf3cf16527c686,no,,0.0000,30,2025-01-07T06:21:00+00:00,CDUS41 KOKX 070621,first final report with data,no,no,True,True,False,
2025-01-06,KXHIGHNY-25JAN06,KXHIGHNY-25JAN06-B30.5,between,30,31,nws_climatological_report_daily,9116b2ff89fd871a,yes,30.00,1.0000,30,2025-01-07T06:21:00+00:00,CDUS41 KOKX 070621,first final report with data,yes,yes,True,True,False,
2025-01-06,KXHIGHNY-25JAN06,KXHIGHNY-25JAN06-B32.5,between,32,33,nws_climatological_report_daily,280ca22f794468e9,no,,0.0000,30,2025-01-07T06:21:00+00:00,CDUS41 KOKX 070621,first final report with data,no,no,True,True,False,
2025-01-06,KXHIGHNY-25JAN06,KXHIGHNY-25JAN06-B34.5,between,34,35,nws_climatological_report_daily,1fa621f57b8c813f,no,,0.0000,30,2025-01-07T06:21:00+00:00,CDUS41 KOKX 070621,first final report with data,no,no,True,True,False,
2025-01-06,KXHIGHNY-25JAN06,KXHIGHNY-25JAN06-T28,less,,28,nws_climatological_report_daily,3752608da5855034,no,,0.0000,30,2025-01-07T06:21:00+00:00,CDUS41 KOKX 070621,first final report with data,no,no,True,True,False,
2025-01-06,KXHIGHNY-25JAN06,KXHIGHNY-25JAN06-T35,greater,35,,nws_climatological_report_daily,5cb5de8a18041f81,no,,0.0000,30,2025-01-07T06:21:00+00:00,CDUS41 KOKX 070621,first final report with data,no,no,True,True,False,
2025-01-07,KXHIGHNY-25JAN07,KXHIGHNY-25JAN07-B26.5,between,26,27,nws_climatological_report_daily,1376d9de7142b38f,no,,0.0000,33,2025-01-08T06:27:00+00:00,CDUS41 KOKX 080627,first final report with data,no,no,True,True,False,
2025-01-07,KXHIGHNY-25JAN07,KXHIGHNY-25JAN07-B28.5,between,28,29,nws_climatological_report_daily,f7d7b0e2e9c05525,no,,0.0000,33,2025-01-08T06:27:00+00:00,CDUS41 KOKX 080627,first final report with data,no,no,True,True,False,
2025-01-07,KXHIGHNY-25JAN07,KXHIGHNY-25JAN07-B30.5,between,30,31,nws_climatological_report_daily,fe53d6e597d3e63c,no,,0.0000,33,2025-01-08T06:27:00+00:00,CDUS41 KOKX 080627,first final report with data,no,no,True,True,False,
2025-01-07,KXHIGHNY-25JAN07,KXHIGHNY-25JAN07-B32.5,between,32,33,nws_climatological_report_daily,e82c9bfaa1558212,yes,33.00,1.0000,33,2025-01-08T06:27:00+00:00,CDUS41 KOKX 080627,first final report with data,yes,yes,True,True,False,
2025-01-07,KXHIGHNY-25JAN07,KXHIGHNY-25JAN07-T26,less,,26,nws_climatological_report_daily,f287dfece4190e45,no,,0.0000,33,2025-01-08T06:27:00+00:00,CDUS41 KOKX 080627,first final report with data,no,no,True,True,False,
2025-01-07,KXHIGHNY-25JAN07,KXHIGHNY-25JAN07-T33,greater,33,,nws_climatological_report_daily,1459ffabbaf237c3,no,,0.0000,33,2025-01-08T06:27:00+00:00,CDUS41 KOKX 080627,first final report with data,no,no,True,True,False,
2025-01-08,KXHIGHNY-25JAN08,KXHIGHNY-25JAN08-B23.5,between,23,24,nws_climatological_report_daily,19f77d85af3d3809,no,,0.0000,30,2025-01-09T06:20:00+00:00,CDUS41 KOKX 090620,first final report with data,no,no,True,True,False,
2025-01-08,KXHIGHNY-25JAN08,KXHIGHNY-25JAN08-B25.5,between,25,26,nws_climatological_report_daily,d1a0debdde608ce7,no,,0.0000,30,2025-01-09T06:20:00+00:00,CDUS41 KOKX 090620,first final report with data,no,no,True,True,False,
2025-01-08,KXHIGHNY-25JAN08,KXHIGHNY-25JAN08-B27.5,between,27,28,nws_climatological_report_daily,1559548e8f77b55a,no,,0.0000,30,2025-01-09T06:20:00+00:00,CDUS41 KOKX 090620,first final report with data,no,no,True,True,False,
2025-01-08,KXHIGHNY-25JAN08,KXHIGHNY-25JAN08-B29.5,between,29,30,nws_climatological_report_daily,0342b1b330d16c6e,yes,30.00,1.0000,30,2025-01-09T06:20:00+00:00,CDUS41 KOKX 090620,first final report with data,yes,yes,True,True,False,
2025-01-08,KXHIGHNY-25JAN08,KXHIGHNY-25JAN08-T23,less,,23,nws_climatological_report_daily,bc8248a826fff17f,no,,0.0000,30,2025-01-09T06:20:00+00:00,CDUS41 KOKX 090620,first final report with data,no,no,True,True,False,
2025-01-08,KXHIGHNY-25JAN08,KXHIGHNY-25JAN08-T30,greater,30,,nws_climatological_report_daily,8206297a19663023,no,,0.0000,30,2025-01-09T06:20:00+00:00,CDUS41 KOKX 090620,first final report with data,no,no,True,True,False,
2025-01-09,KXHIGHNY-25JAN09,KXHIGHNY-25JAN09-B26.5,between,26,27,nws_climatological_report_daily,4f9ae5cda4b8d80d,no,,0.0000,33,2025-01-10T06:17:00+00:00,CDUS41 KOKX 100617,first final report with data,no,no,True,True,False,
2025-01-09,KXHIGHNY-25JAN09,KXHIGHNY-25JAN09-B28.5,between,28,29,nws_climatological_report_daily,2888710fe57bbe15,no,,0.0000,33,2025-01-10T06:17:00+00:00,CDUS41 KOKX 100617,first final report with data,no,no,True,True,False,
2025-01-09,KXHIGHNY-25JAN09,KXHIGHNY-25JAN09-B30.5,between,30,31,nws_climatological_report_daily,4d07dcda0c952592,no,,0.0000,33,2025-01-10T06:17:00+00:00,CDUS41 KOKX 100617,first final report with data,no,no,True,True,False,
2025-01-09,KXHIGHNY-25JAN09,KXHIGHNY-25JAN09-B32.5,between,32,33,nws_climatological_report_daily,7d6e422deec34fbe,yes,33.00,1.0000,33,2025-01-10T06:17:00+00:00,CDUS41 KOKX 100617,first final report with data,yes,yes,True,True,False,
2025-01-09,KXHIGHNY-25JAN09,KXHIGHNY-25JAN09-T26,less,,26,nws_climatological_report_daily,c4ca7aab80f578a7,no,,0.0000,33,2025-01-10T06:17:00+00:00,CDUS41 KOKX 100617,first final report with data,no,no,True,True,False,
2025-01-09,KXHIGHNY-25JAN09,KXHIGHNY-25JAN09-T33,greater,33,,nws_climatological_report_daily,5efbc21524e2a9ba,no,,0.0000,33,2025-01-10T06:17:00+00:00,CDUS41 KOKX 100617,first final report with data,no,no,True,True,False,
2025-01-10,KXHIGHNY-25JAN10,KXHIGHNY-25JAN10-B33.5,between,33,34,nws_climatological_report_daily,02b647b0ee6d73ae,no,,0.0000,39,2025-01-11T06:29:00+00:00,CDUS41 KOKX 110629,first final report with data,no,no,True,True,False,
2025-01-10,KXHIGHNY-25JAN10,KXHIGHNY-25JAN10-B35.5,between,35,36,nws_climatological_report_daily,d45ae50064140bc8,no,,0.0000,39,2025-01-11T06:29:00+00:00,CDUS41 KOKX 110629,first final report with data,no,no,True,True,False,
2025-01-10,KXHIGHNY-25JAN10,KXHIGHNY-25JAN10-B37.5,between,37,38,nws_climatological_report_daily,11f5524fa58daeae,no,,0.0000,39,2025-01-11T06:29:00+00:00,CDUS41 KOKX 110629,first final report with data,no,no,True,True,False,
2025-01-10,KXHIGHNY-25JAN10,KXHIGHNY-25JAN10-B39.5,between,39,40,nws_climatological_report_daily,fe1dc163d8364ebf,yes,39.00,1.0000,39,2025-01-11T06:29:00+00:00,CDUS41 KOKX 110629,first final report with data,yes,yes,True,True,False,
2025-01-10,KXHIGHNY-25JAN10,KXHIGHNY-25JAN10-T33,less,,33,nws_climatological_report_daily,a8f410ddb49078ec,no,,0.0000,39,2025-01-11T06:29:00+00:00,CDUS41 KOKX 110629,first final report with data,no,no,True,True,False,
2025-01-10,KXHIGHNY-25JAN10,KXHIGHNY-25JAN10-T40,greater,40,,nws_climatological_report_daily,593685f8906727a8,no,,0.0000,39,2025-01-11T06:29:00+00:00,CDUS41 KOKX 110629,first final report with data,no,no,True,True,False,
2025-01-11,KXHIGHNY-25JAN11,KXHIGHNY-25JAN11-B31.5,between,31,32,nws_climatological_report_daily,a7e27f186590b68d,no,,0.0000,36,2025-01-12T06:31:00+00:00,CDUS41 KOKX 120631,first final report with data,no,no,True,True,False,
2025-01-11,KXHIGHNY-25JAN11,KXHIGHNY-25JAN11-B33.5,between,33,34,nws_climatological_report_daily,519e7e284819429d,no,,0.0000,36,2025-01-12T06:31:00+00:00,CDUS41 KOKX 120631,first final report with data,no,no,True,True,False,
2025-01-11,KXHIGHNY-25JAN11,KXHIGHNY-25JAN11-B35.5,between,35,36,nws_climatological_report_daily,c3512c0ad643f2c8,yes,36.00,1.0000,36,2025-01-12T06:31:00+00:00,CDUS41 KOKX 120631,first final report with data,yes,yes,True,True,False,
2025-01-11,KXHIGHNY-25JAN11,KXHIGHNY-25JAN11-B37.5,between,37,38,nws_climatological_report_daily,c762686b942b3e75,no,,0.0000,36,2025-01-12T06:31:00+00:00,CDUS41 KOKX 120631,first final report with data,no,no,True,True,False,
2025-01-11,KXHIGHNY-25JAN11,KXHIGHNY-25JAN11-T31,less,,31,nws_climatological_report_daily,c8bd90ebec65d48a,no,,0.0000,36,2025-01-12T06:31:00+00:00,CDUS41 KOKX 120631,first final report with data,no,no,True,True,False,
2025-01-11,KXHIGHNY-25JAN11,KXHIGHNY-25JAN11-T38,greater,38,,nws_climatological_report_daily,df475e8c148b1f7f,no,,0.0000,36,2025-01-12T06:31:00+00:00,CDUS41 KOKX 120631,first final report with data,no,no,True,True,False,
2025-01-12,KXHIGHNY-25JAN12,KXHIGHNY-25JAN12-B36.5,between,36,37,nws_climatological_report_daily,d7eee7803d8bc1a9,no,,0.0000,42,2025-01-13T06:21:00+00:00,CDUS41 KOKX 130621,first final report with data,no,no,True,True,False,
2025-01-12,KXHIGHNY-25JAN12,KXHIGHNY-25JAN12-B38.5,between,38,39,nws_climatological_report_daily,4c0e0fac9d209106,no,,0.0000,42,2025-01-13T06:21:00+00:00,CDUS41 KOKX 130621,first final report with data,no,no,True,True,False,
2025-01-12,KXHIGHNY-25JAN12,KXHIGHNY-25JAN12-B40.5,between,40,41,nws_climatological_report_daily,28f89366e72283d4,no,,0.0000,42,2025-01-13T06:21:00+00:00,CDUS41 KOKX 130621,first final report with data,no,no,True,True,False,
2025-01-12,KXHIGHNY-25JAN12,KXHIGHNY-25JAN12-B42.5,between,42,43,nws_climatological_report_daily,0fd857ba69875189,yes,42.00,1.0000,42,2025-01-13T06:21:00+00:00,CDUS41 KOKX 130621,first final report with data,yes,yes,True,True,False,
2025-01-12,KXHIGHNY-25JAN12,KXHIGHNY-25JAN12-T36,less,,36,nws_climatological_report_daily,60d1c07c43932ac5,no,,0.0000,42,2025-01-13T06:21:00+00:00,CDUS41 KOKX 130621,first final report with data,no,no,True,True,False,
2025-01-12,KXHIGHNY-25JAN12,KXHIGHNY-25JAN12-T43,greater,43,,nws_climatological_report_daily,cfddce77e351cb89,no,,0.0000,42,2025-01-13T06:21:00+00:00,CDUS41 KOKX 130621,first final report with data,no,no,True,True,False,
2025-01-13,KXHIGHNY-25JAN13,KXHIGHNY-25JAN13-B37.5,between,37,38,nws_climatological_report_daily,d7c169281a43f8c1,no,,0.0000,42,2025-01-14T06:42:00+00:00,CDUS41 KOKX 140642,first final report with data,no,no,True,True,False,
2025-01-13,KXHIGHNY-25JAN13,KXHIGHNY-25JAN13-B39.5,between,39,40,nws_climatological_report_daily,9810702da33fb954,no,,0.0000,42,2025-01-14T06:42:00+00:00,CDUS41 KOKX 140642,first final report with data,no,no,True,True,False,
2025-01-13,KXHIGHNY-25JAN13,KXHIGHNY-25JAN13-B41.5,between,41,42,nws_climatological_report_daily,5819dfbecfd63e5c,yes,42.00,1.0000,42,2025-01-14T06:42:00+00:00,CDUS41 KOKX 140642,first final report with data,yes,yes,True,True,False,
2025-01-13,KXHIGHNY-25JAN13,KXHIGHNY-25JAN13-B43.5,between,43,44,nws_climatological_report_daily,57e28f806b7e28b3,no,,0.0000,42,2025-01-14T06:42:00+00:00,CDUS41 KOKX 140642,first final report with data,no,no,True,True,False,
2025-01-13,KXHIGHNY-25JAN13,KXHIGHNY-25JAN13-T37,less,,37,nws_climatological_report_daily,a00bc9ee297b85cc,no,,0.0000,42,2025-01-14T06:42:00+00:00,CDUS41 KOKX 140642,first final report with data,no,no,True,True,False,
2025-01-13,KXHIGHNY-25JAN13,KXHIGHNY-25JAN13-T44,greater,44,,nws_climatological_report_daily,3bf799672c54291c,no,,0.0000,42,2025-01-14T06:42:00+00:00,CDUS41 KOKX 140642,first final report with data,no,no,True,True,False,
2025-01-14,KXHIGHNY-25JAN14,KXHIGHNY-25JAN14-B28.5,between,28,29,nws_climatological_report_daily,37abb7d0a082f7f9,no,,0.0000,35,2025-01-15T06:17:00+00:00,CDUS41 KOKX 150617,first final report with data,no,no,True,True,False,
2025-01-14,KXHIGHNY-25JAN14,KXHIGHNY-25JAN14-B30.5,between,30,31,nws_climatological_report_daily,e64aa7eec23474dc,no,,0.0000,35,2025-01-15T06:17:00+00:00,CDUS41 KOKX 150617,first final report with data,no,no,True,True,False,
2025-01-14,KXHIGHNY-25JAN14,KXHIGHNY-25JAN14-B32.5,between,32,33,nws_climatological_report_daily,6937fbe1179b57b0,no,,0.0000,35,2025-01-15T06:17:00+00:00,CDUS41 KOKX 150617,first final report with data,no,no,True,True,False,
2025-01-14,KXHIGHNY-25JAN14,KXHIGHNY-25JAN14-B34.5,between,34,35,nws_climatological_report_daily,164f6ea44d865ed9,yes,35.00,1.0000,35,2025-01-15T06:17:00+00:00,CDUS41 KOKX 150617,first final report with data,yes,yes,True,True,False,
2025-01-14,KXHIGHNY-25JAN14,KXHIGHNY-25JAN14-T28,less,,28,nws_climatological_report_daily,713f0801158c63ee,no,,0.0000,35,2025-01-15T06:17:00+00:00,CDUS41 KOKX 150617,first final report with data,no,no,True,True,False,
2025-01-14,KXHIGHNY-25JAN14,KXHIGHNY-25JAN14-T35,greater,35,,nws_climatological_report_daily,1ddf395fdcf98b74,no,,0.0000,35,2025-01-15T06:17:00+00:00,CDUS41 KOKX 150617,first final report with data,no,no,True,True,False,
2025-01-15,KXHIGHNY-25JAN15,KXHIGHNY-25JAN15-B29.5,between,29,30,nws_climatological_report_daily,8d95be9778d574d3,no,,0.0000,32,2025-01-16T06:19:00+00:00,CDUS41 KOKX 160619,first final report with data,no,no,True,True,False,
2025-01-15,KXHIGHNY-25JAN15,KXHIGHNY-25JAN15-B31.5,between,31,32,nws_climatological_report_daily,6ea8ae049f2c07d8,yes,32.00,1.0000,32,2025-01-16T06:19:00+00:00,CDUS41 KOKX 160619,first final report with data,yes,yes,True,True,False,
2025-01-15,KXHIGHNY-25JAN15,KXHIGHNY-25JAN15-B33.5,between,33,34,nws_climatological_report_daily,fba7fa1dfad6900a,no,,0.0000,32,2025-01-16T06:19:00+00:00,CDUS41 KOKX 160619,first final report with data,no,no,True,True,False,
2025-01-15,KXHIGHNY-25JAN15,KXHIGHNY-25JAN15-B35.5,between,35,36,nws_climatological_report_daily,f14175e3cb15b632,no,,0.0000,32,2025-01-16T06:19:00+00:00,CDUS41 KOKX 160619,first final report with data,no,no,True,True,False,
2025-01-15,KXHIGHNY-25JAN15,KXHIGHNY-25JAN15-T29,less,,29,nws_climatological_report_daily,8270dbfa63088894,no,,0.0000,32,2025-01-16T06:19:00+00:00,CDUS41 KOKX 160619,first final report with data,no,no,True,True,False,
2025-01-15,KXHIGHNY-25JAN15,KXHIGHNY-25JAN15-T36,greater,36,,nws_climatological_report_daily,00362939f8777cc5,no,,0.0000,32,2025-01-16T06:19:00+00:00,CDUS41 KOKX 160619,first final report with data,no,no,True,True,False,
2025-01-16,KXHIGHNY-25JAN16,KXHIGHNY-25JAN16-B28.5,between,28,29,nws_climatological_report_daily,d33f14639f32c159,no,,0.0000,30,2025-01-17T06:19:00+00:00,CDUS41 KOKX 170619,first final report with data,no,no,True,True,False,
2025-01-16,KXHIGHNY-25JAN16,KXHIGHNY-25JAN16-B30.5,between,30,31,nws_climatological_report_daily,06b357948abf8708,yes,30.00,1.0000,30,2025-01-17T06:19:00+00:00,CDUS41 KOKX 170619,first final report with data,yes,yes,True,True,True,strike fields absent in Kalshi record; strikes read from rules_primary
2025-01-16,KXHIGHNY-25JAN16,KXHIGHNY-25JAN16-B32.5,between,32,33,nws_climatological_report_daily,d204350f1e130197,no,,0.0000,30,2025-01-17T06:19:00+00:00,CDUS41 KOKX 170619,first final report with data,no,no,True,True,False,
2025-01-16,KXHIGHNY-25JAN16,KXHIGHNY-25JAN16-B34.5,between,34,35,nws_climatological_report_daily,1e9ed452d07a1f71,no,,0.0000,30,2025-01-17T06:19:00+00:00,CDUS41 KOKX 170619,first final report with data,no,no,True,True,False,
2025-01-16,KXHIGHNY-25JAN16,KXHIGHNY-25JAN16-T28,less,,28,nws_climatological_report_daily,4c60361a42b1c4b8,no,,0.0000,30,2025-01-17T06:19:00+00:00,CDUS41 KOKX 170619,first final report with data,no,no,True,True,False,
2025-01-16,KXHIGHNY-25JAN16,KXHIGHNY-25JAN16-T35,greater,35,,nws_climatological_report_daily,997b8cfb0335e78b,no,,0.0000,30,2025-01-17T06:19:00+00:00,CDUS41 KOKX 170619,first final report with data,no,no,True,True,False,
2025-01-17,KXHIGHNY-25JAN17,KXHIGHNY-25JAN17-B35.5,between,35,36,nws_climatological_report_daily,940281c60e2605b6,no,,0.0000,42,2025-01-18T06:18:00+00:00,CDUS41 KOKX 180618,first final report with data,no,no,True,True,False,
2025-01-17,KXHIGHNY-25JAN17,KXHIGHNY-25JAN17-B37.5,between,37,38,nws_climatological_report_daily,b062d2c8cbb6d38b,no,,0.0000,42,2025-01-18T06:18:00+00:00,CDUS41 KOKX 180618,first final report with data,no,no,True,True,False,
2025-01-17,KXHIGHNY-25JAN17,KXHIGHNY-25JAN17-B39.5,between,39,40,nws_climatological_report_daily,1aefc9ffb3fcc801,no,,0.0000,42,2025-01-18T06:18:00+00:00,CDUS41 KOKX 180618,first final report with data,no,no,True,True,False,
2025-01-17,KXHIGHNY-25JAN17,KXHIGHNY-25JAN17-B41.5,between,41,42,nws_climatological_report_daily,b43b6aacc06d694f,yes,42.00,1.0000,42,2025-01-18T06:18:00+00:00,CDUS41 KOKX 180618,first final report with data,yes,yes,True,True,True,strike fields absent in Kalshi record; strikes read from rules_primary
2025-01-17,KXHIGHNY-25JAN17,KXHIGHNY-25JAN17-T35,less,,35,nws_climatological_report_daily,27df274267382b32,no,,0.0000,42,2025-01-18T06:18:00+00:00,CDUS41 KOKX 180618,first final report with data,no,no,True,True,False,
2025-01-17,KXHIGHNY-25JAN17,KXHIGHNY-25JAN17-T42,greater,42,,nws_climatological_report_daily,bfa6347515cc8c24,no,,0.0000,42,2025-01-18T06:18:00+00:00,CDUS41 KOKX 180618,first final report with data,no,no,True,True,False,
2025-01-18,KXHIGHNY-25JAN18,KXHIGHNY-25JAN18-B41.5,between,41,42,nws_climatological_report_daily,8a7a6a7439cf51a3,no,,0.0000,46,2025-01-19T06:32:00+00:00,CDUS41 KOKX 190632,first final report with data,no,no,True,True,False,
2025-01-18,KXHIGHNY-25JAN18,KXHIGHNY-25JAN18-B43.5,between,43,44,nws_climatological_report_daily,98b15d8a471f9450,no,,0.0000,46,2025-01-19T06:32:00+00:00,CDUS41 KOKX 190632,first final report with data,no,no,True,True,False,
2025-01-18,KXHIGHNY-25JAN18,KXHIGHNY-25JAN18-B45.5,between,45,46,nws_climatological_report_daily,7ff7249c3e204f67,yes,46.00,1.0000,46,2025-01-19T06:32:00+00:00,CDUS41 KOKX 190632,first final report with data,yes,yes,True,True,True,strike fields absent in Kalshi record; strikes read from rules_primary
2025-01-18,KXHIGHNY-25JAN18,KXHIGHNY-25JAN18-B47.5,between,47,48,nws_climatological_report_daily,90baa5cfb907b2fa,no,,0.0000,46,2025-01-19T06:32:00+00:00,CDUS41 KOKX 190632,first final report with data,no,no,True,True,False,
2025-01-18,KXHIGHNY-25JAN18,KXHIGHNY-25JAN18-T41,less,,41,nws_climatological_report_daily,c10eac71684f9418,no,,0.0000,46,2025-01-19T06:32:00+00:00,CDUS41 KOKX 190632,first final report with data,no,no,True,True,False,
2025-01-18,KXHIGHNY-25JAN18,KXHIGHNY-25JAN18-T48,greater,48,,nws_climatological_report_daily,8f84400760faba84,no,,0.0000,46,2025-01-19T06:32:00+00:00,CDUS41 KOKX 190632,first final report with data,no,no,True,True,False,
2025-01-19,KXHIGHNY-25JAN19,KXHIGHNY-25JAN19-B35.5,between,35,36,nws_climatological_report_daily,dcecd561cc63c5d5,no,,0.0000,41,2025-01-20T06:25:00+00:00,CDUS41 KOKX 200625,first final report with data,no,no,True,True,False,
2025-01-19,KXHIGHNY-25JAN19,KXHIGHNY-25JAN19-B37.5,between,37,38,nws_climatological_report_daily,4a709724b487b8ea,no,,0.0000,41,2025-01-20T06:25:00+00:00,CDUS41 KOKX 200625,first final report with data,no,no,True,True,False,
2025-01-19,KXHIGHNY-25JAN19,KXHIGHNY-25JAN19-B39.5,between,39,40,nws_climatological_report_daily,0a2b584c5dba628a,no,,0.0000,41,2025-01-20T06:25:00+00:00,CDUS41 KOKX 200625,first final report with data,no,no,True,True,False,
2025-01-19,KXHIGHNY-25JAN19,KXHIGHNY-25JAN19-B41.5,between,41,42,nws_climatological_report_daily,7e2b2a8a908a0824,yes,41.00,1.0000,41,2025-01-20T06:25:00+00:00,CDUS41 KOKX 200625,first final report with data,yes,yes,True,True,True,strike fields absent in Kalshi record; strikes read from rules_primary
2025-01-19,KXHIGHNY-25JAN19,KXHIGHNY-25JAN19-T35,less,,35,nws_climatological_report_daily,05628b00fdeeef26,no,,0.0000,41,2025-01-20T06:25:00+00:00,CDUS41 KOKX 200625,first final report with data,no,no,True,True,False,
2025-01-19,KXHIGHNY-25JAN19,KXHIGHNY-25JAN19-T42,greater,42,,nws_climatological_report_daily,ff806d6716acaa09,no,,0.0000,41,2025-01-20T06:25:00+00:00,CDUS41 KOKX 200625,first final report with data,no,no,True,True,False,
2025-01-20,KXHIGHNY-25JAN20,KXHIGHNY-25JAN20-B22.5,between,22,23,nws_climatological_report_daily,6c4a97407bd3a7c4,no,,0.0000,26,2025-01-21T06:28:00+00:00,CDUS41 KOKX 210628,first final report with data,no,no,True,True,False,
2025-01-20,KXHIGHNY-25JAN20,KXHIGHNY-25JAN20-B24.5,between,24,25,nws_climatological_report_daily,a19bf81c9476755f,no,,0.0000,26,2025-01-21T06:28:00+00:00,CDUS41 KOKX 210628,first final report with data,no,no,True,True,False,
2025-01-20,KXHIGHNY-25JAN20,KXHIGHNY-25JAN20-B26.5,between,26,27,nws_climatological_report_daily,fbe208cee4758c76,yes,26.00,1.0000,26,2025-01-21T06:28:00+00:00,CDUS41 KOKX 210628,first final report with data,yes,yes,True,True,True,strike fields absent in Kalshi record; strikes read from rules_primary
2025-01-20,KXHIGHNY-25JAN20,KXHIGHNY-25JAN20-B28.5,between,28,29,nws_climatological_report_daily,24ac2b3665af38ff,no,,0.0000,26,2025-01-21T06:28:00+00:00,CDUS41 KOKX 210628,first final report with data,no,no,True,True,False,
2025-01-20,KXHIGHNY-25JAN20,KXHIGHNY-25JAN20-T22,less,,22,nws_climatological_report_daily,ddd1b651a4ee9c05,no,,0.0000,26,2025-01-21T06:28:00+00:00,CDUS41 KOKX 210628,first final report with data,no,no,True,True,False,
2025-01-20,KXHIGHNY-25JAN20,KXHIGHNY-25JAN20-T29,greater,29,,nws_climatological_report_daily,2b6c131b9674c951,no,,0.0000,26,2025-01-21T06:28:00+00:00,CDUS41 KOKX 210628,first final report with data,no,no,True,True,False,
2025-01-21,KXHIGHNY-25JAN21,KXHIGHNY-25JAN21-B15.5,between,15,16,nws_climatological_report_daily,97362c776de15583,no,,0.0000,19,2025-01-22T06:16:00+00:00,CDUS41 KOKX 220616,first final report with data,no,no,True,True,False,
2025-01-21,KXHIGHNY-25JAN21,KXHIGHNY-25JAN21-B17.5,between,17,18,nws_climatological_report_daily,91674ffa25c9511d,no,,0.0000,19,2025-01-22T06:16:00+00:00,CDUS41 KOKX 220616,first final report with data,no,no,True,True,False,
2025-01-21,KXHIGHNY-25JAN21,KXHIGHNY-25JAN21-B19.5,between,19,20,nws_climatological_report_daily,b5d64045d77f0333,yes,19.00,1.0000,19,2025-01-22T06:16:00+00:00,CDUS41 KOKX 220616,first final report with data,yes,yes,True,True,True,strike fields absent in Kalshi record; strikes read from rules_primary
2025-01-21,KXHIGHNY-25JAN21,KXHIGHNY-25JAN21-B21.5,between,21,22,nws_climatological_report_daily,46ef57bd5a53630a,no,,0.0000,19,2025-01-22T06:16:00+00:00,CDUS41 KOKX 220616,first final report with data,no,no,True,True,False,
2025-01-21,KXHIGHNY-25JAN21,KXHIGHNY-25JAN21-T15,less,,15,nws_climatological_report_daily,847446d0676e1b8b,no,,0.0000,19,2025-01-22T06:16:00+00:00,CDUS41 KOKX 220616,first final report with data,no,no,True,True,False,
2025-01-21,KXHIGHNY-25JAN21,KXHIGHNY-25JAN21-T22,greater,22,,nws_climatological_report_daily,36a476d0a105b23b,no,,0.0000,19,2025-01-22T06:16:00+00:00,CDUS41 KOKX 220616,first final report with data,no,no,True,True,False,
2025-01-22,KXHIGHNY-25JAN22,KXHIGHNY-25JAN22-B16.5,between,16,17,nws_climatological_report_daily,beb22c094046f18e,no,,0.0000,20,2025-01-23T06:18:00+00:00,CDUS41 KOKX 230618,first final report with data,no,no,True,True,False,
2025-01-22,KXHIGHNY-25JAN22,KXHIGHNY-25JAN22-B18.5,between,18,19,nws_climatological_report_daily,64ed613787a4e3f4,no,,0.0000,20,2025-01-23T06:18:00+00:00,CDUS41 KOKX 230618,first final report with data,no,no,True,True,False,
2025-01-22,KXHIGHNY-25JAN22,KXHIGHNY-25JAN22-B20.5,between,20,21,nws_climatological_report_daily,24fcb5a0709c6e31,yes,20.00,1.0000,20,2025-01-23T06:18:00+00:00,CDUS41 KOKX 230618,first final report with data,yes,yes,True,True,True,strike fields absent in Kalshi record; strikes read from rules_primary
2025-01-22,KXHIGHNY-25JAN22,KXHIGHNY-25JAN22-B22.5,between,22,23,nws_climatological_report_daily,fcc9450ce5a1aa72,no,,0.0000,20,2025-01-23T06:18:00+00:00,CDUS41 KOKX 230618,first final report with data,no,no,True,True,False,
2025-01-22,KXHIGHNY-25JAN22,KXHIGHNY-25JAN22-T16,less,,16,nws_climatological_report_daily,a01c643973ec9fdb,no,,0.0000,20,2025-01-23T06:18:00+00:00,CDUS41 KOKX 230618,first final report with data,no,no,True,True,False,
2025-01-22,KXHIGHNY-25JAN22,KXHIGHNY-25JAN22-T23,greater,23,,nws_climatological_report_daily,b45c7587e2c9ec33,no,,0.0000,20,2025-01-23T06:18:00+00:00,CDUS41 KOKX 230618,first final report with data,no,no,True,True,False,
2025-01-23,KXHIGHNY-25JAN23,KXHIGHNY-25JAN23-B26.5,between,26,27,nws_climatological_report_daily,811eaa54a99abc73,no,,0.0000,28,2025-01-24T06:18:00+00:00,CDUS41 KOKX 240618,first final report with data,no,no,True,True,False,
2025-01-23,KXHIGHNY-25JAN23,KXHIGHNY-25JAN23-B28.5,between,28,29,nws_climatological_report_daily,c740520f8438f2ed,yes,28.00,1.0000,28,2025-01-24T06:18:00+00:00,CDUS41 KOKX 240618,first final report with data,yes,yes,True,True,True,strike fields absent in Kalshi record; strikes read from rules_primary
2025-01-23,KXHIGHNY-25JAN23,KXHIGHNY-25JAN23-B30.5,between,30,31,nws_climatological_report_daily,8d1e3e4cf5dbb0f6,no,,0.0000,28,2025-01-24T06:18:00+00:00,CDUS41 KOKX 240618,first final report with data,no,no,True,True,False,
2025-01-23,KXHIGHNY-25JAN23,KXHIGHNY-25JAN23-B32.5,between,32,33,nws_climatological_report_daily,ca896d525629ede0,no,,0.0000,28,2025-01-24T06:18:00+00:00,CDUS41 KOKX 240618,first final report with data,no,no,True,True,False,
2025-01-23,KXHIGHNY-25JAN23,KXHIGHNY-25JAN23-T26,less,,26,nws_climatological_report_daily,018252b1112befe9,no,,0.0000,28,2025-01-24T06:18:00+00:00,CDUS41 KOKX 240618,first final report with data,no,no,True,True,False,
2025-01-23,KXHIGHNY-25JAN23,KXHIGHNY-25JAN23-T33,greater,33,,nws_climatological_report_daily,f0930ae0cb73411a,no,,0.0000,28,2025-01-24T06:18:00+00:00,CDUS41 KOKX 240618,first final report with data,no,no,True,True,False,
2025-01-24,KXHIGHNY-25JAN24,KXHIGHNY-25JAN24-B27.5,between,27,28,nws_climatological_report_daily,5bc80f93ead5ec9f,no,,0.0000,33,2025-01-25T06:24:00+00:00,CDUS41 KOKX 250624,first final report with data,no,no,True,True,False,
2025-01-24,KXHIGHNY-25JAN24,KXHIGHNY-25JAN24-B29.5,between,29,30,nws_climatological_report_daily,8127ba2ea8d1d364,no,,0.0000,33,2025-01-25T06:24:00+00:00,CDUS41 KOKX 250624,first final report with data,no,no,True,True,False,
2025-01-24,KXHIGHNY-25JAN24,KXHIGHNY-25JAN24-B31.5,between,31,32,nws_climatological_report_daily,e58d96dc9f26b902,no,,0.0000,33,2025-01-25T06:24:00+00:00,CDUS41 KOKX 250624,first final report with data,no,no,True,True,False,
2025-01-24,KXHIGHNY-25JAN24,KXHIGHNY-25JAN24-B33.5,between,33,34,nws_climatological_report_daily,fed14326b64ea7ed,yes,33.00,1.0000,33,2025-01-25T06:24:00+00:00,CDUS41 KOKX 250624,first final report with data,yes,yes,True,True,True,strike fields absent in Kalshi record; strikes read from rules_primary
2025-01-24,KXHIGHNY-25JAN24,KXHIGHNY-25JAN24-T27,less,,27,nws_climatological_report_daily,2fbf5a4a25ce74f5,no,,0.0000,33,2025-01-25T06:24:00+00:00,CDUS41 KOKX 250624,first final report with data,no,no,True,True,False,
2025-01-24,KXHIGHNY-25JAN24,KXHIGHNY-25JAN24-T34,greater,34,,nws_climatological_report_daily,2a845d9e6f111ff4,no,,0.0000,33,2025-01-25T06:24:00+00:00,CDUS41 KOKX 250624,first final report with data,no,no,True,True,False,
2025-01-25,KXHIGHNY-25JAN25,KXHIGHNY-25JAN25-B26.5,between,26,27,nws_climatological_report_daily,020f8d5f5b9cbee5,no,,0.0000,33,2025-01-26T06:24:00+00:00,CDUS41 KOKX 260624,first final report with data,no,no,True,True,False,
2025-01-25,KXHIGHNY-25JAN25,KXHIGHNY-25JAN25-B28.5,between,28,29,nws_climatological_report_daily,9d301f5ce425b3cd,no,,0.0000,33,2025-01-26T06:24:00+00:00,CDUS41 KOKX 260624,first final report with data,no,no,True,True,False,
2025-01-25,KXHIGHNY-25JAN25,KXHIGHNY-25JAN25-B30.5,between,30,31,nws_climatological_report_daily,11a1a1c85ef1bd8a,no,,0.0000,33,2025-01-26T06:24:00+00:00,CDUS41 KOKX 260624,first final report with data,no,no,True,True,False,
2025-01-25,KXHIGHNY-25JAN25,KXHIGHNY-25JAN25-B32.5,between,32,33,nws_climatological_report_daily,0090523ed96a6981,yes,33.00,1.0000,33,2025-01-26T06:24:00+00:00,CDUS41 KOKX 260624,first final report with data,yes,yes,True,True,True,strike fields absent in Kalshi record; strikes read from rules_primary
2025-01-25,KXHIGHNY-25JAN25,KXHIGHNY-25JAN25-T26,less,,26,nws_climatological_report_daily,b22c0ba86d04a15e,no,,0.0000,33,2025-01-26T06:24:00+00:00,CDUS41 KOKX 260624,first final report with data,no,no,True,True,False,
2025-01-25,KXHIGHNY-25JAN25,KXHIGHNY-25JAN25-T33,greater,33,,nws_climatological_report_daily,c11ca1cc4fd3c362,no,,0.0000,33,2025-01-26T06:24:00+00:00,CDUS41 KOKX 260624,first final report with data,no,no,True,True,False,
2025-01-26,KXHIGHNY-25JAN26,KXHIGHNY-25JAN26-B35.5,between,35,36,nws_climatological_report_daily,8cb02702527e12bb,no,,0.0000,43,2025-01-27T06:48:00+00:00,CDUS41 KOKX 270648,first final report with data,no,no,True,True,False,
2025-01-26,KXHIGHNY-25JAN26,KXHIGHNY-25JAN26-B37.5,between,37,38,nws_climatological_report_daily,5414552b2b668d60,no,,0.0000,43,2025-01-27T06:48:00+00:00,CDUS41 KOKX 270648,first final report with data,no,no,True,True,False,
2025-01-26,KXHIGHNY-25JAN26,KXHIGHNY-25JAN26-B39.5,between,39,40,nws_climatological_report_daily,aa87ff1c17fdb05d,no,,0.0000,43,2025-01-27T06:48:00+00:00,CDUS41 KOKX 270648,first final report with data,no,no,True,True,False,
2025-01-26,KXHIGHNY-25JAN26,KXHIGHNY-25JAN26-B41.5,between,41,42,nws_climatological_report_daily,06c678a601500f6f,no,,0.0000,43,2025-01-27T06:48:00+00:00,CDUS41 KOKX 270648,first final report with data,no,no,True,True,False,
2025-01-26,KXHIGHNY-25JAN26,KXHIGHNY-25JAN26-T35,less,,35,nws_climatological_report_daily,b177d8b9898f573d,no,,0.0000,43,2025-01-27T06:48:00+00:00,CDUS41 KOKX 270648,first final report with data,no,no,True,True,False,
2025-01-26,KXHIGHNY-25JAN26,KXHIGHNY-25JAN26-T42,greater,42,,nws_climatological_report_daily,ecb19735647796fa,yes,43.00,1.0000,43,2025-01-27T06:48:00+00:00,CDUS41 KOKX 270648,first final report with data,yes,yes,True,True,True,strike fields absent in Kalshi record; strikes read from rules_primary
2025-01-27,KXHIGHNY-25JAN27,KXHIGHNY-25JAN27-B34.5,between,34,35,nws_climatological_report_daily,13e983b482c52775,no,,0.0000,40,2025-01-28T06:16:00+00:00,CDUS41 KOKX 280616,first final report with data,no,no,True,True,False,
2025-01-27,KXHIGHNY-25JAN27,KXHIGHNY-25JAN27-B36.5,between,36,37,nws_climatological_report_daily,cb461ba8a13837b6,no,,0.0000,40,2025-01-28T06:16:00+00:00,CDUS41 KOKX 280616,first final report with data,no,no,True,True,False,
2025-01-27,KXHIGHNY-25JAN27,KXHIGHNY-25JAN27-B38.5,between,38,39,nws_climatological_report_daily,dc00a5637c2f2bba,no,,0.0000,40,2025-01-28T06:16:00+00:00,CDUS41 KOKX 280616,first final report with data,no,no,True,True,False,
2025-01-27,KXHIGHNY-25JAN27,KXHIGHNY-25JAN27-B40.5,between,40,41,nws_climatological_report_daily,39a71baff6592b30,yes,40.00,1.0000,40,2025-01-28T06:16:00+00:00,CDUS41 KOKX 280616,first final report with data,yes,yes,True,True,True,strike fields absent in Kalshi record; strikes read from rules_primary
2025-01-27,KXHIGHNY-25JAN27,KXHIGHNY-25JAN27-T34,less,,34,nws_climatological_report_daily,ec0cba9657f3928f,no,,0.0000,40,2025-01-28T06:16:00+00:00,CDUS41 KOKX 280616,first final report with data,no,no,True,True,False,
2025-01-27,KXHIGHNY-25JAN27,KXHIGHNY-25JAN27-T41,greater,41,,nws_climatological_report_daily,83c32c5ab159fbfc,no,,0.0000,40,2025-01-28T06:16:00+00:00,CDUS41 KOKX 280616,first final report with data,no,no,True,True,False,
2025-01-28,KXHIGHNY-25JAN28,KXHIGHNY-25JAN28-B31.5,between,31,32,nws_climatological_report_daily,afd6ff7936b64107,no,,0.0000,42,2025-01-29T06:20:00+00:00,CDUS41 KOKX 290620,first final report with data,no,no,True,True,False,
2025-01-28,KXHIGHNY-25JAN28,KXHIGHNY-25JAN28-B33.5,between,33,34,nws_climatological_report_daily,f570c83bd6ac3e79,no,,0.0000,42,2025-01-29T06:20:00+00:00,CDUS41 KOKX 290620,first final report with data,no,no,True,True,False,
2025-01-28,KXHIGHNY-25JAN28,KXHIGHNY-25JAN28-B35.5,between,35,36,nws_climatological_report_daily,3fc153aa9feed9d7,no,,0.0000,42,2025-01-29T06:20:00+00:00,CDUS41 KOKX 290620,first final report with data,no,no,True,True,False,
2025-01-28,KXHIGHNY-25JAN28,KXHIGHNY-25JAN28-B37.5,between,37,38,nws_climatological_report_daily,5ed54e4971442d59,no,,0.0000,42,2025-01-29T06:20:00+00:00,CDUS41 KOKX 290620,first final report with data,no,no,True,True,False,
2025-01-28,KXHIGHNY-25JAN28,KXHIGHNY-25JAN28-T31,less,,31,nws_climatological_report_daily,a4dac08b12cc6bac,no,,0.0000,42,2025-01-29T06:20:00+00:00,CDUS41 KOKX 290620,first final report with data,no,no,True,True,False,
2025-01-28,KXHIGHNY-25JAN28,KXHIGHNY-25JAN28-T38,greater,38,,nws_climatological_report_daily,3c42d6231de23d6a,yes,42.00,1.0000,42,2025-01-29T06:20:00+00:00,CDUS41 KOKX 290620,first final report with data,yes,yes,True,True,True,strike fields absent in Kalshi record; strikes read from rules_primary
2025-01-29,KXHIGHNY-25JAN29,KXHIGHNY-25JAN29-B41.5,between,41,42,nws_climatological_report_daily,21a0a387d893dd82,no,,0.0000,52,2025-01-30T06:50:00+00:00,CDUS41 KOKX 300650,first final report with data,no,no,True,True,False,
2025-01-29,KXHIGHNY-25JAN29,KXHIGHNY-25JAN29-B43.5,between,43,44,nws_climatological_report_daily,ba120ccc9cdeef41,no,,0.0000,52,2025-01-30T06:50:00+00:00,CDUS41 KOKX 300650,first final report with data,no,no,True,True,False,
2025-01-29,KXHIGHNY-25JAN29,KXHIGHNY-25JAN29-B45.5,between,45,46,nws_climatological_report_daily,79c2ba25b5cbc4d5,no,,0.0000,52,2025-01-30T06:50:00+00:00,CDUS41 KOKX 300650,first final report with data,no,no,True,True,False,
2025-01-29,KXHIGHNY-25JAN29,KXHIGHNY-25JAN29-B47.5,between,47,48,nws_climatological_report_daily,66486b8c701a5967,no,,0.0000,52,2025-01-30T06:50:00+00:00,CDUS41 KOKX 300650,first final report with data,no,no,True,True,False,
2025-01-29,KXHIGHNY-25JAN29,KXHIGHNY-25JAN29-T41,less,,41,nws_climatological_report_daily,acf6363da2746f07,no,,0.0000,52,2025-01-30T06:50:00+00:00,CDUS41 KOKX 300650,first final report with data,no,no,True,True,False,
2025-01-29,KXHIGHNY-25JAN29,KXHIGHNY-25JAN29-T48,greater,48,,nws_climatological_report_daily,14ca3f01aa886b34,yes,52.00,1.0000,52,2025-01-30T06:50:00+00:00,CDUS41 KOKX 300650,first final report with data,yes,yes,True,True,True,strike fields absent in Kalshi record; strikes read from rules_primary
2025-01-30,KXHIGHNY-25JAN30,KXHIGHNY-25JAN30-B32.5,between,32,33,nws_climatological_report_daily,dde092482f289f6e,no,,0.0000,38,2025-01-31T06:23:00+00:00,CDUS41 KOKX 310623,first final report with data,no,no,True,True,False,
2025-01-30,KXHIGHNY-25JAN30,KXHIGHNY-25JAN30-B34.5,between,34,35,nws_climatological_report_daily,9769a44d73fcaaaf,no,,0.0000,38,2025-01-31T06:23:00+00:00,CDUS41 KOKX 310623,first final report with data,no,no,True,True,False,
2025-01-30,KXHIGHNY-25JAN30,KXHIGHNY-25JAN30-B36.5,between,36,37,nws_climatological_report_daily,84cebfb8c916c374,no,,0.0000,38,2025-01-31T06:23:00+00:00,CDUS41 KOKX 310623,first final report with data,no,no,True,True,False,
2025-01-30,KXHIGHNY-25JAN30,KXHIGHNY-25JAN30-B38.5,between,38,39,nws_climatological_report_daily,cb190f76aebfb068,yes,38.00,1.0000,38,2025-01-31T06:23:00+00:00,CDUS41 KOKX 310623,first final report with data,yes,yes,True,True,True,strike fields absent in Kalshi record; strikes read from rules_primary
2025-01-30,KXHIGHNY-25JAN30,KXHIGHNY-25JAN30-T32,less,,32,nws_climatological_report_daily,c455a4d0e5905c02,no,,0.0000,38,2025-01-31T06:23:00+00:00,CDUS41 KOKX 310623,first final report with data,no,no,True,True,False,
2025-01-30,KXHIGHNY-25JAN30,KXHIGHNY-25JAN30-T39,greater,39,,nws_climatological_report_daily,04c60275087f0132,no,,0.0000,38,2025-01-31T06:23:00+00:00,CDUS41 KOKX 310623,first final report with data,no,no,True,True,False,
2025-01-31,KXHIGHNY-25JAN31,KXHIGHNY-25JAN31-B37.5,between,37,38,nws_climatological_report_daily,5c5fff54943e7d86,no,,0.0000,48,2025-02-01T06:30:00+00:00,CDUS41 KOKX 010630,first final report with data,no,no,True,True,False,
2025-01-31,KXHIGHNY-25JAN31,KXHIGHNY-25JAN31-B39.5,between,39,40,nws_climatological_report_daily,de6631649d78bf8c,no,,0.0000,48,2025-02-01T06:30:00+00:00,CDUS41 KOKX 010630,first final report with data,no,no,True,True,False,
2025-01-31,KXHIGHNY-25JAN31,KXHIGHNY-25JAN31-B41.5,between,41,42,nws_climatological_report_daily,04e0c740212e7707,no,,0.0000,48,2025-02-01T06:30:00+00:00,CDUS41 KOKX 010630,first final report with data,no,no,True,True,False,
2025-01-31,KXHIGHNY-25JAN31,KXHIGHNY-25JAN31-B43.5,between,43,44,nws_climatological_report_daily,a57ac04e63a71a37,no,,0.0000,48,2025-02-01T06:30:00+00:00,CDUS41 KOKX 010630,first final report with data,no,no,True,True,False,
2025-01-31,KXHIGHNY-25JAN31,KXHIGHNY-25JAN31-T37,less,,37,nws_climatological_report_daily,3d00205b61ba6122,no,,0.0000,48,2025-02-01T06:30:00+00:00,CDUS41 KOKX 010630,first final report with data,no,no,True,True,False,
2025-01-31,KXHIGHNY-25JAN31,KXHIGHNY-25JAN31-T44,greater,44,,nws_climatological_report_daily,d81dca327fa261ba,yes,48.00,1.0000,48,2025-02-01T06:30:00+00:00,CDUS41 KOKX 010630,first final report with data,yes,yes,True,True,True,strike fields absent in Kalshi record; strikes read from rules_primary
2025-02-01,KXHIGHNY-25FEB01,KXHIGHNY-25FEB01-B41.5,between,41,42,nws_climatological_report_daily,4f7d2cce76bf2b9b,no,,0.0000,48,2025-02-02T06:35:00+00:00,CDUS41 KOKX 020635,first final report with data,no,no,True,True,False,
2025-02-01,KXHIGHNY-25FEB01,KXHIGHNY-25FEB01-B43.5,between,43,44,nws_climatological_report_daily,4c2deaa60efd7c5d,no,,0.0000,48,2025-02-02T06:35:00+00:00,CDUS41 KOKX 020635,first final report with data,no,no,True,True,False,
2025-02-01,KXHIGHNY-25FEB01,KXHIGHNY-25FEB01-B45.5,between,45,46,nws_climatological_report_daily,cb32eb8fc5b91e35,no,,0.0000,48,2025-02-02T06:35:00+00:00,CDUS41 KOKX 020635,first final report with data,no,no,True,True,False,
2025-02-01,KXHIGHNY-25FEB01,KXHIGHNY-25FEB01-B47.5,between,47,48,nws_climatological_report_daily,e74541cd0b89972b,yes,48.00,1.0000,48,2025-02-02T06:35:00+00:00,CDUS41 KOKX 020635,first final report with data,yes,yes,True,True,True,strike fields absent in Kalshi record; strikes read from rules_primary
2025-02-01,KXHIGHNY-25FEB01,KXHIGHNY-25FEB01-T41,less,,41,nws_climatological_report_daily,bd42680c84cb1f97,no,,0.0000,48,2025-02-02T06:35:00+00:00,CDUS41 KOKX 020635,first final report with data,no,no,True,True,False,
2025-02-01,KXHIGHNY-25FEB01,KXHIGHNY-25FEB01-T48,greater,48,,nws_climatological_report_daily,9132531b0e550603,no,,0.0000,48,2025-02-02T06:35:00+00:00,CDUS41 KOKX 020635,first final report with data,no,no,True,True,False,
2025-02-02,KXHIGHNY-25FEB02,KXHIGHNY-25FEB02-B31.5,between,31,32,nws_climatological_report_daily,40eb044ac5f7ff3c,yes,31.00,1.0000,31,2025-02-03T06:34:00+00:00,CDUS41 KOKX 030634,first final report with data,yes,yes,True,True,True,strike fields absent in Kalshi record; strikes read from rules_primary
2025-02-02,KXHIGHNY-25FEB02,KXHIGHNY-25FEB02-B33.5,between,33,34,nws_climatological_report_daily,37c1f788b049c8e7,no,,0.0000,31,2025-02-03T06:34:00+00:00,CDUS41 KOKX 030634,first final report with data,no,no,True,True,False,
2025-02-02,KXHIGHNY-25FEB02,KXHIGHNY-25FEB02-B35.5,between,35,36,nws_climatological_report_daily,8b77563a6fa8011e,no,,0.0000,31,2025-02-03T06:34:00+00:00,CDUS41 KOKX 030634,first final report with data,no,no,True,True,False,
2025-02-02,KXHIGHNY-25FEB02,KXHIGHNY-25FEB02-B37.5,between,37,38,nws_climatological_report_daily,dfd010aba0662146,no,,0.0000,31,2025-02-03T06:34:00+00:00,CDUS41 KOKX 030634,first final report with data,no,no,True,True,False,
2025-02-02,KXHIGHNY-25FEB02,KXHIGHNY-25FEB02-T31,less,,31,nws_climatological_report_daily,2aef8ce3908467bb,no,,0.0000,31,2025-02-03T06:34:00+00:00,CDUS41 KOKX 030634,first final report with data,no,no,True,True,False,
2025-02-02,KXHIGHNY-25FEB02,KXHIGHNY-25FEB02-T38,greater,38,,nws_climatological_report_daily,6ce5bb93f480cbe0,no,,0.0000,31,2025-02-03T06:34:00+00:00,CDUS41 KOKX 030634,first final report with data,no,no,True,True,False,
2025-02-03,KXHIGHNY-25FEB03,KXHIGHNY-25FEB03-B42.5,between,42,43,nws_climatological_report_daily,6e07a43337e755ee,no,,0.0000,49,2025-02-04T06:51:00+00:00,CDUS41 KOKX 040651,first final report with data,no,no,True,True,False,
2025-02-03,KXHIGHNY-25FEB03,KXHIGHNY-25FEB03-B44.5,between,44,45,nws_climatological_report_daily,7fa31086bb042b42,no,,0.0000,49,2025-02-04T06:51:00+00:00,CDUS41 KOKX 040651,first final report with data,no,no,True,True,False,
2025-02-03,KXHIGHNY-25FEB03,KXHIGHNY-25FEB03-B46.5,between,46,47,nws_climatological_report_daily,ae2a7b701f29195c,no,,0.0000,49,2025-02-04T06:51:00+00:00,CDUS41 KOKX 040651,first final report with data,no,no,True,True,False,
2025-02-03,KXHIGHNY-25FEB03,KXHIGHNY-25FEB03-B48.5,between,48,49,nws_climatological_report_daily,37302a7bd376414a,yes,49.00,1.0000,49,2025-02-04T06:51:00+00:00,CDUS41 KOKX 040651,first final report with data,yes,yes,True,True,True,strike fields absent in Kalshi record; strikes read from rules_primary
2025-02-03,KXHIGHNY-25FEB03,KXHIGHNY-25FEB03-T42,less,,42,nws_climatological_report_daily,7dd01b39cc65f13d,no,,0.0000,49,2025-02-04T06:51:00+00:00,CDUS41 KOKX 040651,first final report with data,no,no,True,True,False,
2025-02-03,KXHIGHNY-25FEB03,KXHIGHNY-25FEB03-T49,greater,49,,nws_climatological_report_daily,980bcf11b5847716,no,,0.0000,49,2025-02-04T06:51:00+00:00,CDUS41 KOKX 040651,first final report with data,no,no,True,True,False,
2025-02-04,KXHIGHNY-25FEB04,KXHIGHNY-25FEB04-B40.5,between,40,41,nws_climatological_report_daily,71468ef43d0477cc,no,,0.0000,47,2025-02-05T06:18:00+00:00,CDUS41 KOKX 050618,first final report with data,no,no,True,True,False,
2025-02-04,KXHIGHNY-25FEB04,KXHIGHNY-25FEB04-B42.5,between,42,43,nws_climatological_report_daily,dd4d31b798780d05,no,,0.0000,47,2025-02-05T06:18:00+00:00,CDUS41 KOKX 050618,first final report with data,no,no,True,True,False,
2025-02-04,KXHIGHNY-25FEB04,KXHIGHNY-25FEB04-B44.5,between,44,45,nws_climatological_report_daily,62f8c43048500999,no,,0.0000,47,2025-02-05T06:18:00+00:00,CDUS41 KOKX 050618,first final report with data,no,no,True,True,False,
2025-02-04,KXHIGHNY-25FEB04,KXHIGHNY-25FEB04-B46.5,between,46,47,nws_climatological_report_daily,6884503a3973e21a,yes,47.00,1.0000,47,2025-02-05T06:18:00+00:00,CDUS41 KOKX 050618,first final report with data,yes,yes,True,True,True,strike fields absent in Kalshi record; strikes read from rules_primary
2025-02-04,KXHIGHNY-25FEB04,KXHIGHNY-25FEB04-T40,less,,40,nws_climatological_report_daily,888f5363a79ece19,no,,0.0000,47,2025-02-05T06:18:00+00:00,CDUS41 KOKX 050618,first final report with data,no,no,True,True,False,
2025-02-04,KXHIGHNY-25FEB04,KXHIGHNY-25FEB04-T47,greater,47,,nws_climatological_report_daily,ec39608b71f13ccf,no,,0.0000,47,2025-02-05T06:18:00+00:00,CDUS41 KOKX 050618,first final report with data,no,no,True,True,False,
2025-02-05,KXHIGHNY-25FEB05,KXHIGHNY-25FEB05-B29.5,between,29,30,nws_climatological_report_daily,01d82a6f7ec65ac5,no,,0.0000,36,2025-02-06T06:17:00+00:00,CDUS41 KOKX 060617,first final report with data,no,no,True,True,False,
2025-02-05,KXHIGHNY-25FEB05,KXHIGHNY-25FEB05-B31.5,between,31,32,nws_climatological_report_daily,bf74e7367a88acab,no,,0.0000,36,2025-02-06T06:17:00+00:00,CDUS41 KOKX 060617,first final report with data,no,no,True,True,False,
2025-02-05,KXHIGHNY-25FEB05,KXHIGHNY-25FEB05-B33.5,between,33,34,nws_climatological_report_daily,d2f5b52b595d1846,no,,0.0000,36,2025-02-06T06:17:00+00:00,CDUS41 KOKX 060617,first final report with data,no,no,True,True,False,
2025-02-05,KXHIGHNY-25FEB05,KXHIGHNY-25FEB05-B35.5,between,35,36,nws_climatological_report_daily,0a74da59290341ac,yes,36.00,1.0000,36,2025-02-06T06:17:00+00:00,CDUS41 KOKX 060617,first final report with data,yes,yes,True,True,True,strike fields absent in Kalshi record; strikes read from rules_primary
2025-02-05,KXHIGHNY-25FEB05,KXHIGHNY-25FEB05-T29,less,,29,nws_climatological_report_daily,60ecbbce237e74c3,no,,0.0000,36,2025-02-06T06:17:00+00:00,CDUS41 KOKX 060617,first final report with data,no,no,True,True,False,
2025-02-05,KXHIGHNY-25FEB05,KXHIGHNY-25FEB05-T36,greater,36,,nws_climatological_report_daily,6d78a64b186a2336,no,,0.0000,36,2025-02-06T06:17:00+00:00,CDUS41 KOKX 060617,first final report with data,no,no,True,True,False,
2025-02-06,KXHIGHNY-25FEB06,KXHIGHNY-25FEB06-B37.5,between,37,38,nws_climatological_report_daily,2a3238f4fcf8816f,yes,38.00,1.0000,38,2025-02-07T06:27:00+00:00,CDUS41 KOKX 070627,first final report with data,yes,yes,True,True,True,strike fields absent in Kalshi record; strikes read from rules_primary
2025-02-06,KXHIGHNY-25FEB06,KXHIGHNY-25FEB06-B39.5,between,39,40,nws_climatological_report_daily,7441daf562a2086f,no,,0.0000,38,2025-02-07T06:27:00+00:00,CDUS41 KOKX 070627,first final report with data,no,no,True,True,False,
2025-02-06,KXHIGHNY-25FEB06,KXHIGHNY-25FEB06-B41.5,between,41,42,nws_climatological_report_daily,eb4c05656de78e9e,no,,0.0000,38,2025-02-07T06:27:00+00:00,CDUS41 KOKX 070627,first final report with data,no,no,True,True,False,
2025-02-06,KXHIGHNY-25FEB06,KXHIGHNY-25FEB06-B43.5,between,43,44,nws_climatological_report_daily,12321ea03f0b770b,no,,0.0000,38,2025-02-07T06:27:00+00:00,CDUS41 KOKX 070627,first final report with data,no,no,True,True,False,
2025-02-06,KXHIGHNY-25FEB06,KXHIGHNY-25FEB06-T37,less,,37,nws_climatological_report_daily,cab4fe28af3d79c6,no,,0.0000,38,2025-02-07T06:27:00+00:00,CDUS41 KOKX 070627,first final report with data,no,no,True,True,False,
2025-02-06,KXHIGHNY-25FEB06,KXHIGHNY-25FEB06-T44,greater,44,,nws_climatological_report_daily,520d496c4a6ee7e6,no,,0.0000,38,2025-02-07T06:27:00+00:00,CDUS41 KOKX 070627,first final report with data,no,no,True,True,False,
2025-02-07,KXHIGHNY-25FEB07,KXHIGHNY-25FEB07-B36.5,between,36,37,nws_climatological_report_daily,73c3623ea7f86285,no,,0.0000,43,2025-02-08T06:16:00+00:00,CDUS41 KOKX 080616,first final report with data,no,no,True,True,False,
2025-02-07,KXHIGHNY-25FEB07,KXHIGHNY-25FEB07-B38.5,between,38,39,nws_climatological_report_daily,f5813f0783cf4ced,no,,0.0000,43,2025-02-08T06:16:00+00:00,CDUS41 KOKX 080616,first final report with data,no,no,True,True,False,
2025-02-07,KXHIGHNY-25FEB07,KXHIGHNY-25FEB07-B40.5,between,40,41,nws_climatological_report_daily,9762c7a3e215829e,no,,0.0000,43,2025-02-08T06:16:00+00:00,CDUS41 KOKX 080616,first final report with data,no,no,True,True,False,
2025-02-07,KXHIGHNY-25FEB07,KXHIGHNY-25FEB07-B42.5,between,42,43,nws_climatological_report_daily,5c77860defa7aefd,yes,43.00,1.0000,43,2025-02-08T06:16:00+00:00,CDUS41 KOKX 080616,first final report with data,yes,yes,True,True,True,strike fields absent in Kalshi record; strikes read from rules_primary
2025-02-07,KXHIGHNY-25FEB07,KXHIGHNY-25FEB07-T36,less,,36,nws_climatological_report_daily,5dd3180b12bd6992,no,,0.0000,43,2025-02-08T06:16:00+00:00,CDUS41 KOKX 080616,first final report with data,no,no,True,True,False,
2025-02-07,KXHIGHNY-25FEB07,KXHIGHNY-25FEB07-T43,greater,43,,nws_climatological_report_daily,4dce48e402e44343,no,,0.0000,43,2025-02-08T06:16:00+00:00,CDUS41 KOKX 080616,first final report with data,no,no,True,True,False,
2025-02-08,KXHIGHNY-25FEB08,KXHIGHNY-25FEB08-B30.5,between,30,31,nws_climatological_report_daily,c9b25265597c651b,no,,0.0000,35,2025-02-09T06:17:00+00:00,CDUS41 KOKX 090617,first final report with data,no,no,True,True,False,
2025-02-08,KXHIGHNY-25FEB08,KXHIGHNY-25FEB08-B32.5,between,32,33,nws_climatological_report_daily,c234b1dc5c70a28f,no,,0.0000,35,2025-02-09T06:17:00+00:00,CDUS41 KOKX 090617,first final report with data,no,no,True,True,False,
2025-02-08,KXHIGHNY-25FEB08,KXHIGHNY-25FEB08-B34.5,between,34,35,nws_climatological_report_daily,a4d61c87fd57739c,yes,35.00,1.0000,35,2025-02-09T06:17:00+00:00,CDUS41 KOKX 090617,first final report with data,yes,yes,True,True,True,strike fields absent in Kalshi record; strikes read from rules_primary
2025-02-08,KXHIGHNY-25FEB08,KXHIGHNY-25FEB08-B36.5,between,36,37,nws_climatological_report_daily,4988b0f237fdb708,no,,0.0000,35,2025-02-09T06:17:00+00:00,CDUS41 KOKX 090617,first final report with data,no,no,True,True,False,
2025-02-08,KXHIGHNY-25FEB08,KXHIGHNY-25FEB08-T30,less,,30,nws_climatological_report_daily,a6b422ea1448b3e1,no,,0.0000,35,2025-02-09T06:17:00+00:00,CDUS41 KOKX 090617,first final report with data,no,no,True,True,False,
2025-02-08,KXHIGHNY-25FEB08,KXHIGHNY-25FEB08-T37,greater,37,,nws_climatological_report_daily,e3c0462a8869709f,no,,0.0000,35,2025-02-09T06:17:00+00:00,CDUS41 KOKX 090617,first final report with data,no,no,True,True,False,
2025-02-09,KXHIGHNY-25FEB09,KXHIGHNY-25FEB09-B35.5,between,35,36,nws_climatological_report_daily,7f1072b0a05475ba,yes,36.00,1.0000,36,2025-02-10T06:20:00+00:00,CDUS41 KOKX 100620,first final report with data,yes,yes,True,True,True,strike fields absent in Kalshi record; strikes read from rules_primary
2025-02-09,KXHIGHNY-25FEB09,KXHIGHNY-25FEB09-B37.5,between,37,38,nws_climatological_report_daily,5d984542c3ef3ccf,no,,0.0000,36,2025-02-10T06:20:00+00:00,CDUS41 KOKX 100620,first final report with data,no,no,True,True,False,
2025-02-09,KXHIGHNY-25FEB09,KXHIGHNY-25FEB09-B39.5,between,39,40,nws_climatological_report_daily,318de7898a41d351,no,,0.0000,36,2025-02-10T06:20:00+00:00,CDUS41 KOKX 100620,first final report with data,no,no,True,True,False,
2025-02-09,KXHIGHNY-25FEB09,KXHIGHNY-25FEB09-B41.5,between,41,42,nws_climatological_report_daily,f7549a1eeebdd402,no,,0.0000,36,2025-02-10T06:20:00+00:00,CDUS41 KOKX 100620,first final report with data,no,no,True,True,False,
2025-02-09,KXHIGHNY-25FEB09,KXHIGHNY-25FEB09-T35,less,,35,nws_climatological_report_daily,83bf4d1ea3d7ab84,no,,0.0000,36,2025-02-10T06:20:00+00:00,CDUS41 KOKX 100620,first final report with data,no,no,True,True,False,
2025-02-09,KXHIGHNY-25FEB09,KXHIGHNY-25FEB09-T42,greater,42,,nws_climatological_report_daily,f9b00b8b1f533cf9,no,,0.0000,36,2025-02-10T06:20:00+00:00,CDUS41 KOKX 100620,first final report with data,no,no,True,True,False,
2025-02-10,KXHIGHNY-25FEB10,KXHIGHNY-25FEB10-B31.5,between,31,32,nws_climatological_report_daily,bb25919fabb8be03,no,,0.0000,37,2025-02-11T06:17:00+00:00,CDUS41 KOKX 110617,first final report with data,no,no,True,True,False,
2025-02-10,KXHIGHNY-25FEB10,KXHIGHNY-25FEB10-B33.5,between,33,34,nws_climatological_report_daily,d6d477d40498cac0,no,,0.0000,37,2025-02-11T06:17:00+00:00,CDUS41 KOKX 110617,first final report with data,no,no,True,True,False,
2025-02-10,KXHIGHNY-25FEB10,KXHIGHNY-25FEB10-B35.5,between,35,36,nws_climatological_report_daily,865a336d5c0419bc,no,,0.0000,37,2025-02-11T06:17:00+00:00,CDUS41 KOKX 110617,first final report with data,no,no,True,True,False,
2025-02-10,KXHIGHNY-25FEB10,KXHIGHNY-25FEB10-B37.5,between,37,38,nws_climatological_report_daily,8ca3bb81a43a635f,yes,37.00,1.0000,37,2025-02-11T06:17:00+00:00,CDUS41 KOKX 110617,first final report with data,yes,yes,True,True,False,
2025-02-10,KXHIGHNY-25FEB10,KXHIGHNY-25FEB10-T31,less,,31,nws_climatological_report_daily,2fd030ed7f378e83,no,,0.0000,37,2025-02-11T06:17:00+00:00,CDUS41 KOKX 110617,first final report with data,no,no,True,True,False,
2025-02-10,KXHIGHNY-25FEB10,KXHIGHNY-25FEB10-T38,greater,38,,nws_climatological_report_daily,366c6de99c76b94b,no,,0.0000,37,2025-02-11T06:17:00+00:00,CDUS41 KOKX 110617,first final report with data,no,no,True,True,False,
2025-02-11,KXHIGHNY-25FEB11,KXHIGHNY-25FEB11-B32.5,between,32,33,nws_climatological_report_daily,811f10c3c941b131,no,,0.0000,35,2025-02-12T06:19:00+00:00,CDUS41 KOKX 120619,first final report with data,no,no,True,True,False,
2025-02-11,KXHIGHNY-25FEB11,KXHIGHNY-25FEB11-B34.5,between,34,35,nws_climatological_report_daily,b73565f8c07912c5,yes,35.00,1.0000,35,2025-02-12T06:19:00+00:00,CDUS41 KOKX 120619,first final report with data,yes,yes,True,True,False,
2025-02-11,KXHIGHNY-25FEB11,KXHIGHNY-25FEB11-B36.5,between,36,37,nws_climatological_report_daily,3b201abfb56e5736,no,,0.0000,35,2025-02-12T06:19:00+00:00,CDUS41 KOKX 120619,first final report with data,no,no,True,True,False,
2025-02-11,KXHIGHNY-25FEB11,KXHIGHNY-25FEB11-B38.5,between,38,39,nws_climatological_report_daily,5418ef1f6eabe50e,no,,0.0000,35,2025-02-12T06:19:00+00:00,CDUS41 KOKX 120619,first final report with data,no,no,True,True,False,
2025-02-11,KXHIGHNY-25FEB11,KXHIGHNY-25FEB11-T32,less,,32,nws_climatological_report_daily,6cf5aa1db9482f0a,no,,0.0000,35,2025-02-12T06:19:00+00:00,CDUS41 KOKX 120619,first final report with data,no,no,True,True,False,
2025-02-11,KXHIGHNY-25FEB11,KXHIGHNY-25FEB11-T39,greater,39,,nws_climatological_report_daily,927fbf5f2f9b1d04,no,,0.0000,35,2025-02-12T06:19:00+00:00,CDUS41 KOKX 120619,first final report with data,no,no,True,True,False,
2025-02-12,KXHIGHNY-25FEB12,KXHIGHNY-25FEB12-B30.5,between,30,31,nws_climatological_report_daily,9e3e4a9389f4c480,no,,0.0000,36,2025-02-13T06:36:00+00:00,CDUS41 KOKX 130636,first final report with data,no,no,True,True,False,
2025-02-12,KXHIGHNY-25FEB12,KXHIGHNY-25FEB12-B32.5,between,32,33,nws_climatological_report_daily,2b858b6ea1015cba,no,,0.0000,36,2025-02-13T06:36:00+00:00,CDUS41 KOKX 130636,first final report with data,no,no,True,True,False,
2025-02-12,KXHIGHNY-25FEB12,KXHIGHNY-25FEB12-B34.5,between,34,35,nws_climatological_report_daily,2395028c129c001d,no,,0.0000,36,2025-02-13T06:36:00+00:00,CDUS41 KOKX 130636,first final report with data,no,no,True,True,False,
2025-02-12,KXHIGHNY-25FEB12,KXHIGHNY-25FEB12-B36.5,between,36,37,nws_climatological_report_daily,f67502d740631c0b,yes,36.00,1.0000,36,2025-02-13T06:36:00+00:00,CDUS41 KOKX 130636,first final report with data,yes,yes,True,True,False,
2025-02-12,KXHIGHNY-25FEB12,KXHIGHNY-25FEB12-T30,less,,30,nws_climatological_report_daily,db4e71d99817cac5,no,,0.0000,36,2025-02-13T06:36:00+00:00,CDUS41 KOKX 130636,first final report with data,no,no,True,True,False,
2025-02-12,KXHIGHNY-25FEB12,KXHIGHNY-25FEB12-T37,greater,37,,nws_climatological_report_daily,79c412b58f66763d,no,,0.0000,36,2025-02-13T06:36:00+00:00,CDUS41 KOKX 130636,first final report with data,no,no,True,True,False,
2025-02-13,KXHIGHNY-25FEB13,KXHIGHNY-25FEB13-B41.5,between,41,42,nws_climatological_report_daily,53dd26213861c7db,no,,0.0000,46,2025-02-14T06:25:00+00:00,CDUS41 KOKX 140625,first final report with data,no,no,True,True,False,
2025-02-13,KXHIGHNY-25FEB13,KXHIGHNY-25FEB13-B43.5,between,43,44,nws_climatological_report_daily,f1ad700c836b6796,no,,0.0000,46,2025-02-14T06:25:00+00:00,CDUS41 KOKX 140625,first final report with data,no,no,True,True,False,
2025-02-13,KXHIGHNY-25FEB13,KXHIGHNY-25FEB13-B45.5,between,45,46,nws_climatological_report_daily,9680cd92001cb2f6,yes,46.00,1.0000,46,2025-02-14T06:25:00+00:00,CDUS41 KOKX 140625,first final report with data,yes,yes,True,True,False,
2025-02-13,KXHIGHNY-25FEB13,KXHIGHNY-25FEB13-B47.5,between,47,48,nws_climatological_report_daily,6915dd6dba411384,no,,0.0000,46,2025-02-14T06:25:00+00:00,CDUS41 KOKX 140625,first final report with data,no,no,True,True,False,
2025-02-13,KXHIGHNY-25FEB13,KXHIGHNY-25FEB13-T41,less,,41,nws_climatological_report_daily,7c7dece91d624be8,no,,0.0000,46,2025-02-14T06:25:00+00:00,CDUS41 KOKX 140625,first final report with data,no,no,True,True,False,
2025-02-13,KXHIGHNY-25FEB13,KXHIGHNY-25FEB13-T48,greater,48,,nws_climatological_report_daily,3c8f4f1a505b2b9d,no,,0.0000,46,2025-02-14T06:25:00+00:00,CDUS41 KOKX 140625,first final report with data,no,no,True,True,False,
2025-02-14,KXHIGHNY-25FEB14,KXHIGHNY-25FEB14-B31.5,between,31,32,nws_climatological_report_daily,27a9be1362ce1751,no,36.00,0.0000,36,2025-02-15T06:53:00+00:00,CDUS41 KOKX 150653,first final report with data,no,no,True,True,False,
2025-02-14,KXHIGHNY-25FEB14,KXHIGHNY-25FEB14-B33.5,between,33,34,nws_climatological_report_daily,cc71e630ab860d21,no,36.00,0.0000,36,2025-02-15T06:53:00+00:00,CDUS41 KOKX 150653,first final report with data,no,no,True,True,False,
2025-02-14,KXHIGHNY-25FEB14,KXHIGHNY-25FEB14-B35.5,between,35,36,nws_climatological_report_daily,88467105557f6ba4,yes,36.00,1.0000,36,2025-02-15T06:53:00+00:00,CDUS41 KOKX 150653,first final report with data,yes,yes,True,True,False,
2025-02-14,KXHIGHNY-25FEB14,KXHIGHNY-25FEB14-B37.5,between,37,38,nws_climatological_report_daily,245a6c2144ce122b,no,36.00,0.0000,36,2025-02-15T06:53:00+00:00,CDUS41 KOKX 150653,first final report with data,no,no,True,True,False,
2025-02-14,KXHIGHNY-25FEB14,KXHIGHNY-25FEB14-T31,less,,31,nws_climatological_report_daily,4823a07271738f56,no,36.00,0.0000,36,2025-02-15T06:53:00+00:00,CDUS41 KOKX 150653,first final report with data,no,no,True,True,False,
2025-02-14,KXHIGHNY-25FEB14,KXHIGHNY-25FEB14-T38,greater,38,,nws_climatological_report_daily,44067bee7ec16215,no,36.00,0.0000,36,2025-02-15T06:53:00+00:00,CDUS41 KOKX 150653,first final report with data,no,no,True,True,False,
2025-02-15,KXHIGHNY-25FEB15,KXHIGHNY-25FEB15-B33.5,between,33,34,nws_climatological_report_daily,c5f91421d5387544,no,35.00,0.0000,35,2025-02-16T06:37:00+00:00,CDUS41 KOKX 160637,first final report with data,no,no,True,True,False,
2025-02-15,KXHIGHNY-25FEB15,KXHIGHNY-25FEB15-B35.5,between,35,36,nws_climatological_report_daily,b0004f5aa3279667,yes,35.00,1.0000,35,2025-02-16T06:37:00+00:00,CDUS41 KOKX 160637,first final report with data,yes,yes,True,True,False,
2025-02-15,KXHIGHNY-25FEB15,KXHIGHNY-25FEB15-B37.5,between,37,38,nws_climatological_report_daily,4eb02f5b21f0956c,no,35.00,0.0000,35,2025-02-16T06:37:00+00:00,CDUS41 KOKX 160637,first final report with data,no,no,True,True,False,
2025-02-15,KXHIGHNY-25FEB15,KXHIGHNY-25FEB15-B39.5,between,39,40,nws_climatological_report_daily,4adeb557807b90a1,no,35.00,0.0000,35,2025-02-16T06:37:00+00:00,CDUS41 KOKX 160637,first final report with data,no,no,True,True,False,
2025-02-15,KXHIGHNY-25FEB15,KXHIGHNY-25FEB15-T33,less,,33,nws_climatological_report_daily,0809ddf67b6aadc4,no,35.00,0.0000,35,2025-02-16T06:37:00+00:00,CDUS41 KOKX 160637,first final report with data,no,no,True,True,False,
2025-02-15,KXHIGHNY-25FEB15,KXHIGHNY-25FEB15-T40,greater,40,,nws_climatological_report_daily,09089b7712e7a9f6,no,35.00,0.0000,35,2025-02-16T06:37:00+00:00,CDUS41 KOKX 160637,first final report with data,no,no,True,True,False,
2025-02-16,KXHIGHNY-25FEB16,KXHIGHNY-25FEB16-B48.5,between,48,49,nws_climatological_report_daily,c4d463dd3ab59c09,no,47.00,0.0000,47,2025-02-17T06:17:00+00:00,CDUS41 KOKX 170617,first final report with data,no,no,True,True,False,
2025-02-16,KXHIGHNY-25FEB16,KXHIGHNY-25FEB16-B50.5,between,50,51,nws_climatological_report_daily,398ae8e88dccb242,no,47.00,0.0000,47,2025-02-17T06:17:00+00:00,CDUS41 KOKX 170617,first final report with data,no,no,True,True,False,
2025-02-16,KXHIGHNY-25FEB16,KXHIGHNY-25FEB16-B52.5,between,52,53,nws_climatological_report_daily,a5e9ef8da6f0cc0b,no,47.00,0.0000,47,2025-02-17T06:17:00+00:00,CDUS41 KOKX 170617,first final report with data,no,no,True,True,False,
2025-02-16,KXHIGHNY-25FEB16,KXHIGHNY-25FEB16-B54.5,between,54,55,nws_climatological_report_daily,b58c9073b6d74394,no,47.00,0.0000,47,2025-02-17T06:17:00+00:00,CDUS41 KOKX 170617,first final report with data,no,no,True,True,False,
2025-02-16,KXHIGHNY-25FEB16,KXHIGHNY-25FEB16-T48,less,,48,nws_climatological_report_daily,62611240844d8eac,yes,47.00,1.0000,47,2025-02-17T06:17:00+00:00,CDUS41 KOKX 170617,first final report with data,yes,yes,True,True,False,
2025-02-16,KXHIGHNY-25FEB16,KXHIGHNY-25FEB16-T55,greater,55,,nws_climatological_report_daily,8ba9d6f3659ace2c,no,47.00,0.0000,47,2025-02-17T06:17:00+00:00,CDUS41 KOKX 170617,first final report with data,no,no,True,True,False,
2025-02-17,KXHIGHNY-25FEB17,KXHIGHNY-25FEB17-B31.5,between,31,32,nws_climatological_report_daily,2e72e00ff3864280,no,36.00,0.0000,36,2025-02-18T10:24:00+00:00,CDUS41 KOKX 181024,first final report with data,no,no,True,True,False,
2025-02-17,KXHIGHNY-25FEB17,KXHIGHNY-25FEB17-B33.5,between,33,34,nws_climatological_report_daily,045f8a3564bbbcb4,no,36.00,0.0000,36,2025-02-18T10:24:00+00:00,CDUS41 KOKX 181024,first final report with data,no,no,True,True,False,
2025-02-17,KXHIGHNY-25FEB17,KXHIGHNY-25FEB17-B35.5,between,35,36,nws_climatological_report_daily,183c56f8d1d5b19c,yes,36.00,1.0000,36,2025-02-18T10:24:00+00:00,CDUS41 KOKX 181024,first final report with data,yes,yes,True,True,False,
2025-02-17,KXHIGHNY-25FEB17,KXHIGHNY-25FEB17-B37.5,between,37,38,nws_climatological_report_daily,694bcd34185037e2,no,36.00,0.0000,36,2025-02-18T10:24:00+00:00,CDUS41 KOKX 181024,first final report with data,no,no,True,True,False,
2025-02-17,KXHIGHNY-25FEB17,KXHIGHNY-25FEB17-T31,less,,31,nws_climatological_report_daily,11f27461020d99f7,no,36.00,0.0000,36,2025-02-18T10:24:00+00:00,CDUS41 KOKX 181024,first final report with data,no,no,True,True,False,
2025-02-17,KXHIGHNY-25FEB17,KXHIGHNY-25FEB17-T38,greater,38,,nws_climatological_report_daily,966c097eeb996a30,no,36.00,0.0000,36,2025-02-18T10:24:00+00:00,CDUS41 KOKX 181024,first final report with data,no,no,True,True,False,
2025-02-18,KXHIGHNY-25FEB18,KXHIGHNY-25FEB18-B23.5,between,23,24,nws_climatological_report_daily,f905a66eb1ec34b9,no,27.00,0.0000,27,2025-02-19T06:23:00+00:00,CDUS41 KOKX 190623,first final report with data,no,no,True,True,False,
2025-02-18,KXHIGHNY-25FEB18,KXHIGHNY-25FEB18-B25.5,between,25,26,nws_climatological_report_daily,91b6beffd851519e,no,27.00,0.0000,27,2025-02-19T06:23:00+00:00,CDUS41 KOKX 190623,first final report with data,no,no,True,True,False,
2025-02-18,KXHIGHNY-25FEB18,KXHIGHNY-25FEB18-B27.5,between,27,28,nws_climatological_report_daily,d1ad957a7c304de7,yes,27.00,1.0000,27,2025-02-19T06:23:00+00:00,CDUS41 KOKX 190623,first final report with data,yes,yes,True,True,False,
2025-02-18,KXHIGHNY-25FEB18,KXHIGHNY-25FEB18-B29.5,between,29,30,nws_climatological_report_daily,74458bb29e65917c,no,27.00,0.0000,27,2025-02-19T06:23:00+00:00,CDUS41 KOKX 190623,first final report with data,no,no,True,True,False,
2025-02-18,KXHIGHNY-25FEB18,KXHIGHNY-25FEB18-T23,less,,23,nws_climatological_report_daily,5f36a3ab255ce28b,no,27.00,0.0000,27,2025-02-19T06:23:00+00:00,CDUS41 KOKX 190623,first final report with data,no,no,True,True,False,
2025-02-18,KXHIGHNY-25FEB18,KXHIGHNY-25FEB18-T30,greater,30,,nws_climatological_report_daily,7adc9d564890283f,no,27.00,0.0000,27,2025-02-19T06:23:00+00:00,CDUS41 KOKX 190623,first final report with data,no,no,True,True,False,
2025-02-19,KXHIGHNY-25FEB19,KXHIGHNY-25FEB19-B26.5,between,26,27,nws_climatological_report_daily,d15619e14b1a04ef,no,30.00,0.0000,30,2025-02-20T06:19:00+00:00,CDUS41 KOKX 200619,first final report with data,no,no,True,True,False,
2025-02-19,KXHIGHNY-25FEB19,KXHIGHNY-25FEB19-B28.5,between,28,29,nws_climatological_report_daily,2d5a86ef7adc75b7,no,30.00,0.0000,30,2025-02-20T06:19:00+00:00,CDUS41 KOKX 200619,first final report with data,no,no,True,True,False,
2025-02-19,KXHIGHNY-25FEB19,KXHIGHNY-25FEB19-B30.5,between,30,31,nws_climatological_report_daily,c135497c41a1c15e,yes,30.00,1.0000,30,2025-02-20T06:19:00+00:00,CDUS41 KOKX 200619,first final report with data,yes,yes,True,True,False,
2025-02-19,KXHIGHNY-25FEB19,KXHIGHNY-25FEB19-B32.5,between,32,33,nws_climatological_report_daily,58b3d7d00693ec5d,no,30.00,0.0000,30,2025-02-20T06:19:00+00:00,CDUS41 KOKX 200619,first final report with data,no,no,True,True,False,
2025-02-19,KXHIGHNY-25FEB19,KXHIGHNY-25FEB19-T26,less,,26,nws_climatological_report_daily,4ebc635e3064e851,no,30.00,0.0000,30,2025-02-20T06:19:00+00:00,CDUS41 KOKX 200619,first final report with data,no,no,True,True,False,
2025-02-19,KXHIGHNY-25FEB19,KXHIGHNY-25FEB19-T33,greater,33,,nws_climatological_report_daily,35cee30557489b5f,no,30.00,0.0000,30,2025-02-20T06:19:00+00:00,CDUS41 KOKX 200619,first final report with data,no,no,True,True,False,
2025-02-20,KXHIGHNY-25FEB20,KXHIGHNY-25FEB20-B24.5,between,24,25,nws_climatological_report_daily,095e57703dfad56f,no,29.00,0.0000,29,2025-02-21T06:20:00+00:00,CDUS41 KOKX 210620,first final report with data,no,no,True,True,False,
2025-02-20,KXHIGHNY-25FEB20,KXHIGHNY-25FEB20-B26.5,between,26,27,nws_climatological_report_daily,61ac65445031d2cd,no,29.00,0.0000,29,2025-02-21T06:20:00+00:00,CDUS41 KOKX 210620,first final report with data,no,no,True,True,False,
2025-02-20,KXHIGHNY-25FEB20,KXHIGHNY-25FEB20-B28.5,between,28,29,nws_climatological_report_daily,bffbfe148e2052fa,yes,29.00,1.0000,29,2025-02-21T06:20:00+00:00,CDUS41 KOKX 210620,first final report with data,yes,yes,True,True,False,
2025-02-20,KXHIGHNY-25FEB20,KXHIGHNY-25FEB20-B30.5,between,30,31,nws_climatological_report_daily,3d39fd087463b445,no,29.00,0.0000,29,2025-02-21T06:20:00+00:00,CDUS41 KOKX 210620,first final report with data,no,no,True,True,False,
2025-02-20,KXHIGHNY-25FEB20,KXHIGHNY-25FEB20-T24,less,,24,nws_climatological_report_daily,45de66fd1461297a,no,29.00,0.0000,29,2025-02-21T06:20:00+00:00,CDUS41 KOKX 210620,first final report with data,no,no,True,True,False,
2025-02-20,KXHIGHNY-25FEB20,KXHIGHNY-25FEB20-T31,greater,31,,nws_climatological_report_daily,668bf48cca200d46,no,29.00,0.0000,29,2025-02-21T06:20:00+00:00,CDUS41 KOKX 210620,first final report with data,no,no,True,True,False,
2025-02-21,KXHIGHNY-25FEB21,KXHIGHNY-25FEB21-B27.5,between,27,28,nws_climatological_report_daily,fb3ca9b99fae11f5,no,36.00,0.0000,36,2025-02-22T10:33:00+00:00,CDUS41 KOKX 221033,first final report with data (1 earlier final report(s) without a maximum skipped),no,no,True,True,False,
2025-02-21,KXHIGHNY-25FEB21,KXHIGHNY-25FEB21-B29.5,between,29,30,nws_climatological_report_daily,800f00d3b192b3d6,no,36.00,0.0000,36,2025-02-22T10:33:00+00:00,CDUS41 KOKX 221033,first final report with data (1 earlier final report(s) without a maximum skipped),no,no,True,True,False,
2025-02-21,KXHIGHNY-25FEB21,KXHIGHNY-25FEB21-B31.5,between,31,32,nws_climatological_report_daily,85eebfa037aea244,no,36.00,0.0000,36,2025-02-22T10:33:00+00:00,CDUS41 KOKX 221033,first final report with data (1 earlier final report(s) without a maximum skipped),no,no,True,True,False,
2025-02-21,KXHIGHNY-25FEB21,KXHIGHNY-25FEB21-B33.5,between,33,34,nws_climatological_report_daily,33191a22954b8742,no,36.00,0.0000,36,2025-02-22T10:33:00+00:00,CDUS41 KOKX 221033,first final report with data (1 earlier final report(s) without a maximum skipped),no,no,True,True,False,
2025-02-21,KXHIGHNY-25FEB21,KXHIGHNY-25FEB21-T27,less,,27,nws_climatological_report_daily,bf959b3f5df97f62,no,36.00,0.0000,36,2025-02-22T10:33:00+00:00,CDUS41 KOKX 221033,first final report with data (1 earlier final report(s) without a maximum skipped),no,no,True,True,False,
2025-02-21,KXHIGHNY-25FEB21,KXHIGHNY-25FEB21-T34,greater,34,,nws_climatological_report_daily,ecb6dcd22abb6e29,yes,36.00,1.0000,36,2025-02-22T10:33:00+00:00,CDUS41 KOKX 221033,first final report with data (1 earlier final report(s) without a maximum skipped),yes,yes,True,True,False,
2025-02-22,KXHIGHNY-25FEB22,KXHIGHNY-25FEB22-B34.5,between,34,35,nws_climatological_report_daily,986f5b04a2a22216,no,39.00,0.0000,39,2025-02-23T06:18:00+00:00,CDUS41 KOKX 230618,first final report with data,no,no,True,True,False,
2025-02-22,KXHIGHNY-25FEB22,KXHIGHNY-25FEB22-B36.5,between,36,37,nws_climatological_report_daily,201bdb8db9779f88,no,39.00,0.0000,39,2025-02-23T06:18:00+00:00,CDUS41 KOKX 230618,first final report with data,no,no,True,True,False,
2025-02-22,KXHIGHNY-25FEB22,KXHIGHNY-25FEB22-B38.5,between,38,39,nws_climatological_report_daily,920404a3dd5569dc,yes,39.00,1.0000,39,2025-02-23T06:18:00+00:00,CDUS41 KOKX 230618,first final report with data,yes,yes,True,True,False,
2025-02-22,KXHIGHNY-25FEB22,KXHIGHNY-25FEB22-B40.5,between,40,41,nws_climatological_report_daily,d018e67d6211f570,no,39.00,0.0000,39,2025-02-23T06:18:00+00:00,CDUS41 KOKX 230618,first final report with data,no,no,True,True,False,
2025-02-22,KXHIGHNY-25FEB22,KXHIGHNY-25FEB22-T34,less,,34,nws_climatological_report_daily,c4aa233660a4b124,no,39.00,0.0000,39,2025-02-23T06:18:00+00:00,CDUS41 KOKX 230618,first final report with data,no,no,True,True,False,
2025-02-22,KXHIGHNY-25FEB22,KXHIGHNY-25FEB22-T41,greater,41,,nws_climatological_report_daily,eb2056ccd7433599,no,39.00,0.0000,39,2025-02-23T06:18:00+00:00,CDUS41 KOKX 230618,first final report with data,no,no,True,True,False,
2025-02-23,KXHIGHNY-25FEB23,KXHIGHNY-25FEB23-B40.5,between,40,41,nws_climatological_report_daily,933a9ce3d0dfddbe,no,46.00,0.0000,46,2025-02-24T06:17:00+00:00,CDUS41 KOKX 240617,first final report with data,no,no,True,True,False,
2025-02-23,KXHIGHNY-25FEB23,KXHIGHNY-25FEB23-B42.5,between,42,43,nws_climatological_report_daily,4ba7f4d21637894c,no,46.00,0.0000,46,2025-02-24T06:17:00+00:00,CDUS41 KOKX 240617,first final report with data,no,no,True,True,False,
2025-02-23,KXHIGHNY-25FEB23,KXHIGHNY-25FEB23-B44.5,between,44,45,nws_climatological_report_daily,f800b260015ad78a,no,46.00,0.0000,46,2025-02-24T06:17:00+00:00,CDUS41 KOKX 240617,first final report with data,no,no,True,True,False,
2025-02-23,KXHIGHNY-25FEB23,KXHIGHNY-25FEB23-B46.5,between,46,47,nws_climatological_report_daily,3f848213915b4c97,yes,46.00,1.0000,46,2025-02-24T06:17:00+00:00,CDUS41 KOKX 240617,first final report with data,yes,yes,True,True,False,
2025-02-23,KXHIGHNY-25FEB23,KXHIGHNY-25FEB23-T40,less,,40,nws_climatological_report_daily,a62e6a6fec35b206,no,46.00,0.0000,46,2025-02-24T06:17:00+00:00,CDUS41 KOKX 240617,first final report with data,no,no,True,True,False,
2025-02-23,KXHIGHNY-25FEB23,KXHIGHNY-25FEB23-T47,greater,47,,nws_climatological_report_daily,1ee7c96e20dae54c,no,46.00,0.0000,46,2025-02-24T06:17:00+00:00,CDUS41 KOKX 240617,first final report with data,no,no,True,True,False,
2025-02-24,KXHIGHNY-25FEB24,KXHIGHNY-25FEB24-B44.5,between,44,45,nws_climatological_report_daily,cb6073f1287d06c4,no,48.00,0.0000,48,2025-02-25T06:18:00+00:00,CDUS41 KOKX 250618,first final report with data,no,no,True,True,False,
2025-02-24,KXHIGHNY-25FEB24,KXHIGHNY-25FEB24-B46.5,between,46,47,nws_climatological_report_daily,9528f31a875db05c,no,48.00,0.0000,48,2025-02-25T06:18:00+00:00,CDUS41 KOKX 250618,first final report with data,no,no,True,True,False,
2025-02-24,KXHIGHNY-25FEB24,KXHIGHNY-25FEB24-B48.5,between,48,49,nws_climatological_report_daily,e4c76cdcb4db14ce,yes,48.00,1.0000,48,2025-02-25T06:18:00+00:00,CDUS41 KOKX 250618,first final report with data,yes,yes,True,True,False,
2025-02-24,KXHIGHNY-25FEB24,KXHIGHNY-25FEB24-B50.5,between,50,51,nws_climatological_report_daily,66a6ca5a8a8900d0,no,48.00,0.0000,48,2025-02-25T06:18:00+00:00,CDUS41 KOKX 250618,first final report with data,no,no,True,True,False,
2025-02-24,KXHIGHNY-25FEB24,KXHIGHNY-25FEB24-T44,less,,44,nws_climatological_report_daily,8fa4c2b2590c8cd4,no,48.00,0.0000,48,2025-02-25T06:18:00+00:00,CDUS41 KOKX 250618,first final report with data,no,no,True,True,False,
2025-02-24,KXHIGHNY-25FEB24,KXHIGHNY-25FEB24-T51,greater,51,,nws_climatological_report_daily,326e4c76f1d34349,no,48.00,0.0000,48,2025-02-25T06:18:00+00:00,CDUS41 KOKX 250618,first final report with data,no,no,True,True,False,
2025-02-25,KXHIGHNY-25FEB25,KXHIGHNY-25FEB25-B50.5,between,50,51,nws_climatological_report_daily,80599d5a0536ff7c,no,57.00,0.0000,57,2025-02-26T06:27:00+00:00,CDUS41 KOKX 260627,first final report with data,no,no,True,True,False,
2025-02-25,KXHIGHNY-25FEB25,KXHIGHNY-25FEB25-B52.5,between,52,53,nws_climatological_report_daily,361a2cd255cf13c1,no,57.00,0.0000,57,2025-02-26T06:27:00+00:00,CDUS41 KOKX 260627,first final report with data,no,no,True,True,False,
2025-02-25,KXHIGHNY-25FEB25,KXHIGHNY-25FEB25-B54.5,between,54,55,nws_climatological_report_daily,027fb8a349834216,no,57.00,0.0000,57,2025-02-26T06:27:00+00:00,CDUS41 KOKX 260627,first final report with data,no,no,True,True,False,
2025-02-25,KXHIGHNY-25FEB25,KXHIGHNY-25FEB25-B56.5,between,56,57,nws_climatological_report_daily,5e4301591f1fa915,yes,57.00,1.0000,57,2025-02-26T06:27:00+00:00,CDUS41 KOKX 260627,first final report with data,yes,yes,True,True,False,
2025-02-25,KXHIGHNY-25FEB25,KXHIGHNY-25FEB25-T50,less,,50,nws_climatological_report_daily,ec4243420098e6a5,no,57.00,0.0000,57,2025-02-26T06:27:00+00:00,CDUS41 KOKX 260627,first final report with data,no,no,True,True,False,
2025-02-25,KXHIGHNY-25FEB25,KXHIGHNY-25FEB25-T57,greater,57,,nws_climatological_report_daily,b9f6b55bcf62cb09,no,57.00,0.0000,57,2025-02-26T06:27:00+00:00,CDUS41 KOKX 260627,first final report with data,no,no,True,True,False,
2025-02-26,KXHIGHNY-25FEB26,KXHIGHNY-25FEB26-B49.5,between,49,50,nws_climatological_report_daily,830c7a721641fed7,no,56.00,0.0000,56,2025-02-27T06:53:00+00:00,CDUS41 KOKX 270653,first final report with data,no,no,True,True,False,
2025-02-26,KXHIGHNY-25FEB26,KXHIGHNY-25FEB26-B51.5,between,51,52,nws_climatological_report_daily,e025d5301bd1d141,no,56.00,0.0000,56,2025-02-27T06:53:00+00:00,CDUS41 KOKX 270653,first final report with data,no,no,True,True,False,
2025-02-26,KXHIGHNY-25FEB26,KXHIGHNY-25FEB26-B53.5,between,53,54,nws_climatological_report_daily,89c273d14b72a7d5,no,56.00,0.0000,56,2025-02-27T06:53:00+00:00,CDUS41 KOKX 270653,first final report with data,no,no,True,True,False,
2025-02-26,KXHIGHNY-25FEB26,KXHIGHNY-25FEB26-B55.5,between,55,56,nws_climatological_report_daily,d86c3592f73d699e,yes,56.00,1.0000,56,2025-02-27T06:53:00+00:00,CDUS41 KOKX 270653,first final report with data,yes,yes,True,True,False,
2025-02-26,KXHIGHNY-25FEB26,KXHIGHNY-25FEB26-T49,less,,49,nws_climatological_report_daily,802f3c7b71b62112,no,56.00,0.0000,56,2025-02-27T06:53:00+00:00,CDUS41 KOKX 270653,first final report with data,no,no,True,True,False,
2025-02-26,KXHIGHNY-25FEB26,KXHIGHNY-25FEB26-T56,greater,56,,nws_climatological_report_daily,d6691073c6ff12e6,no,56.00,0.0000,56,2025-02-27T06:53:00+00:00,CDUS41 KOKX 270653,first final report with data,no,no,True,True,False,
2025-02-27,KXHIGHNY-25FEB27,KXHIGHNY-25FEB27-B52.5,between,52,53,nws_climatological_report_daily,9cee5d8bf0a840d2,no,54.00,0.0000,54,2025-02-28T06:45:00+00:00,CDUS41 KOKX 280645,first final report with data,no,no,True,True,False,
2025-02-27,KXHIGHNY-25FEB27,KXHIGHNY-25FEB27-B54.5,between,54,55,nws_climatological_report_daily,9a7da764891852c1,yes,54.00,1.0000,54,2025-02-28T06:45:00+00:00,CDUS41 KOKX 280645,first final report with data,yes,yes,True,True,False,
2025-02-27,KXHIGHNY-25FEB27,KXHIGHNY-25FEB27-B56.5,between,56,57,nws_climatological_report_daily,f626cd2e32a02452,no,54.00,0.0000,54,2025-02-28T06:45:00+00:00,CDUS41 KOKX 280645,first final report with data,no,no,True,True,False,
2025-02-27,KXHIGHNY-25FEB27,KXHIGHNY-25FEB27-B58.5,between,58,59,nws_climatological_report_daily,90203217fe0cda75,no,54.00,0.0000,54,2025-02-28T06:45:00+00:00,CDUS41 KOKX 280645,first final report with data,no,no,True,True,False,
2025-02-27,KXHIGHNY-25FEB27,KXHIGHNY-25FEB27-T52,less,,52,nws_climatological_report_daily,609f416e49e73158,no,54.00,0.0000,54,2025-02-28T06:45:00+00:00,CDUS41 KOKX 280645,first final report with data,no,no,True,True,False,
2025-02-27,KXHIGHNY-25FEB27,KXHIGHNY-25FEB27-T59,greater,59,,nws_climatological_report_daily,77565eebc5002f5b,no,54.00,0.0000,54,2025-02-28T06:45:00+00:00,CDUS41 KOKX 280645,first final report with data,no,no,True,True,False,
2025-02-28,KXHIGHNY-25FEB28,KXHIGHNY-25FEB28-B44.5,between,44,45,nws_climatological_report_daily,50a45aab2a4cb05c,no,50.00,0.0000,50,2025-03-01T06:58:00+00:00,CDUS41 KOKX 010658,first final report with data,no,no,True,True,False,
2025-02-28,KXHIGHNY-25FEB28,KXHIGHNY-25FEB28-B46.5,between,46,47,nws_climatological_report_daily,424e5349db16bb58,no,50.00,0.0000,50,2025-03-01T06:58:00+00:00,CDUS41 KOKX 010658,first final report with data,no,no,True,True,False,
2025-02-28,KXHIGHNY-25FEB28,KXHIGHNY-25FEB28-B48.5,between,48,49,nws_climatological_report_daily,1ac2a83219984acd,no,50.00,0.0000,50,2025-03-01T06:58:00+00:00,CDUS41 KOKX 010658,first final report with data,no,no,True,True,False,
2025-02-28,KXHIGHNY-25FEB28,KXHIGHNY-25FEB28-B50.5,between,50,51,nws_climatological_report_daily,b284c4a3ba42915a,yes,50.00,1.0000,50,2025-03-01T06:58:00+00:00,CDUS41 KOKX 010658,first final report with data,yes,yes,True,True,False,
2025-02-28,KXHIGHNY-25FEB28,KXHIGHNY-25FEB28-T44,less,,44,nws_climatological_report_daily,beb1e4a0aeb6cc3d,no,50.00,0.0000,50,2025-03-01T06:58:00+00:00,CDUS41 KOKX 010658,first final report with data,no,no,True,True,False,
2025-02-28,KXHIGHNY-25FEB28,KXHIGHNY-25FEB28-T51,greater,51,,nws_climatological_report_daily,2617e3d01ee0019c,no,50.00,0.0000,50,2025-03-01T06:58:00+00:00,CDUS41 KOKX 010658,first final report with data,no,no,True,True,False,
2025-03-01,KXHIGHNY-25MAR01,KXHIGHNY-25MAR01-B51.5,between,51,52,nws_climatological_report_daily,f77df4fbe3aa3642,no,64.00,0.0000,64,2025-03-02T07:16:00+00:00,CDUS41 KOKX 020716,first final report with data,no,no,True,True,False,
2025-03-01,KXHIGHNY-25MAR01,KXHIGHNY-25MAR01-B53.5,between,53,54,nws_climatological_report_daily,2c4d38372a56f6a7,no,64.00,0.0000,64,2025-03-02T07:16:00+00:00,CDUS41 KOKX 020716,first final report with data,no,no,True,True,False,
2025-03-01,KXHIGHNY-25MAR01,KXHIGHNY-25MAR01-B55.5,between,55,56,nws_climatological_report_daily,f4604eb25c86c1c9,no,64.00,0.0000,64,2025-03-02T07:16:00+00:00,CDUS41 KOKX 020716,first final report with data,no,no,True,True,False,
2025-03-01,KXHIGHNY-25MAR01,KXHIGHNY-25MAR01-B57.5,between,57,58,nws_climatological_report_daily,04341b809a5bda31,no,64.00,0.0000,64,2025-03-02T07:16:00+00:00,CDUS41 KOKX 020716,first final report with data,no,no,True,True,False,
2025-03-01,KXHIGHNY-25MAR01,KXHIGHNY-25MAR01-T51,less,,51,nws_climatological_report_daily,e1a3661e8a041a21,no,64.00,0.0000,64,2025-03-02T07:16:00+00:00,CDUS41 KOKX 020716,first final report with data,no,no,True,True,False,
2025-03-01,KXHIGHNY-25MAR01,KXHIGHNY-25MAR01-T58,greater,58,,nws_climatological_report_daily,dda88ee2f11b4046,yes,64.00,1.0000,64,2025-03-02T07:16:00+00:00,CDUS41 KOKX 020716,first final report with data,yes,yes,True,True,False,
2025-03-02,KXHIGHNY-25MAR02,KXHIGHNY-25MAR02-B27.5,between,27,28,nws_climatological_report_daily,fd29feb6a6e94863,no,34.00,0.0000,34,2025-03-03T06:17:00+00:00,CDUS41 KOKX 030617,first final report with data,no,no,True,True,False,
2025-03-02,KXHIGHNY-25MAR02,KXHIGHNY-25MAR02-B29.5,between,29,30,nws_climatological_report_daily,a7f911faad352108,no,34.00,0.0000,34,2025-03-03T06:17:00+00:00,CDUS41 KOKX 030617,first final report with data,no,no,True,True,False,
2025-03-02,KXHIGHNY-25MAR02,KXHIGHNY-25MAR02-B31.5,between,31,32,nws_climatological_report_daily,b08ef4dbb24578ff,no,34.00,0.0000,34,2025-03-03T06:17:00+00:00,CDUS41 KOKX 030617,first final report with data,no,no,True,True,False,
2025-03-02,KXHIGHNY-25MAR02,KXHIGHNY-25MAR02-B33.5,between,33,34,nws_climatological_report_daily,554209a9f3bf87fc,yes,34.00,1.0000,34,2025-03-03T06:17:00+00:00,CDUS41 KOKX 030617,first final report with data,yes,yes,True,True,False,
2025-03-02,KXHIGHNY-25MAR02,KXHIGHNY-25MAR02-T27,less,,27,nws_climatological_report_daily,6e830fe616901037,no,34.00,0.0000,34,2025-03-03T06:17:00+00:00,CDUS41 KOKX 030617,first final report with data,no,no,True,True,False,
2025-03-02,KXHIGHNY-25MAR02,KXHIGHNY-25MAR02-T34,greater,34,,nws_climatological_report_daily,78862988103ae410,no,34.00,0.0000,34,2025-03-03T06:17:00+00:00,CDUS41 KOKX 030617,first final report with data,no,no,True,True,False,
2025-03-03,KXHIGHNY-25MAR03,KXHIGHNY-25MAR03-B33.5,between,33,34,nws_climatological_report_daily,c59fc353bd7de70b,no,39.00,0.0000,39,2025-03-04T06:18:00+00:00,CDUS41 KOKX 040618,first final report with data,no,no,True,True,False,
2025-03-03,KXHIGHNY-25MAR03,KXHIGHNY-25MAR03-B35.5,between,35,36,nws_climatological_report_daily,9c7c3548b10559b1,no,39.00,0.0000,39,2025-03-04T06:18:00+00:00,CDUS41 KOKX 040618,first final report with data,no,no,True,True,False,
2025-03-03,KXHIGHNY-25MAR03,KXHIGHNY-25MAR03-B37.5,between,37,38,nws_climatological_report_daily,8a3fc1f78f01695c,no,39.00,0.0000,39,2025-03-04T06:18:00+00:00,CDUS41 KOKX 040618,first final report with data,no,no,True,True,False,
2025-03-03,KXHIGHNY-25MAR03,KXHIGHNY-25MAR03-B39.5,between,39,40,nws_climatological_report_daily,733be8c3e9dc1ad7,yes,39.00,1.0000,39,2025-03-04T06:18:00+00:00,CDUS41 KOKX 040618,first final report with data,yes,yes,True,True,False,
2025-03-03,KXHIGHNY-25MAR03,KXHIGHNY-25MAR03-T33,less,,33,nws_climatological_report_daily,a3a4e7f131958961,no,39.00,0.0000,39,2025-03-04T06:18:00+00:00,CDUS41 KOKX 040618,first final report with data,no,no,True,True,False,
2025-03-03,KXHIGHNY-25MAR03,KXHIGHNY-25MAR03-T40,greater,40,,nws_climatological_report_daily,f273e3b23922bb67,no,39.00,0.0000,39,2025-03-04T06:18:00+00:00,CDUS41 KOKX 040618,first final report with data,no,no,True,True,False,
2025-03-04,KXHIGHNY-25MAR04,KXHIGHNY-25MAR04-B47.5,between,47,48,nws_climatological_report_daily,43f99c21467e4f3f,no,52.00,0.0000,52,2025-03-05T06:16:00+00:00,CDUS41 KOKX 050616,first final report with data,no,no,True,True,False,
2025-03-04,KXHIGHNY-25MAR04,KXHIGHNY-25MAR04-B49.5,between,49,50,nws_climatological_report_daily,751ca240d648b138,no,52.00,0.0000,52,2025-03-05T06:16:00+00:00,CDUS41 KOKX 050616,first final report with data,no,no,True,True,False,
2025-03-04,KXHIGHNY-25MAR04,KXHIGHNY-25MAR04-B51.5,between,51,52,nws_climatological_report_daily,97c737d06ae0c045,yes,52.00,1.0000,52,2025-03-05T06:16:00+00:00,CDUS41 KOKX 050616,first final report with data,yes,yes,True,True,False,
2025-03-04,KXHIGHNY-25MAR04,KXHIGHNY-25MAR04-B53.5,between,53,54,nws_climatological_report_daily,28a6794f28ea43f9,no,52.00,0.0000,52,2025-03-05T06:16:00+00:00,CDUS41 KOKX 050616,first final report with data,no,no,True,True,False,
2025-03-04,KXHIGHNY-25MAR04,KXHIGHNY-25MAR04-T47,less,,47,nws_climatological_report_daily,32e5cc173efd4a25,no,52.00,0.0000,52,2025-03-05T06:16:00+00:00,CDUS41 KOKX 050616,first final report with data,no,no,True,True,False,
2025-03-04,KXHIGHNY-25MAR04,KXHIGHNY-25MAR04-T54,greater,54,,nws_climatological_report_daily,ca1d43249e27a7ce,no,52.00,0.0000,52,2025-03-05T06:16:00+00:00,CDUS41 KOKX 050616,first final report with data,no,no,True,True,False,
2025-03-05,KXHIGHNY-25MAR05,KXHIGHNY-25MAR05-B54.5,between,54,55,nws_climatological_report_daily,16796acbb8a58025,yes,54.00,1.0000,54,2025-03-06T06:16:00+00:00,CDUS41 KOKX 060616,first final report with data,yes,yes,True,True,False,
2025-03-05,KXHIGHNY-25MAR05,KXHIGHNY-25MAR05-B56.5,between,56,57,nws_climatological_report_daily,1502b0c3cf3bb645,no,54.00,0.0000,54,2025-03-06T06:16:00+00:00,CDUS41 KOKX 060616,first final report with data,no,no,True,True,False,
2025-03-05,KXHIGHNY-25MAR05,KXHIGHNY-25MAR05-B58.5,between,58,59,nws_climatological_report_daily,c0b4cb02c48a721b,no,54.00,0.0000,54,2025-03-06T06:16:00+00:00,CDUS41 KOKX 060616,first final report with data,no,no,True,True,False,
2025-03-05,KXHIGHNY-25MAR05,KXHIGHNY-25MAR05-B60.5,between,60,61,nws_climatological_report_daily,5ce4b39cde91653c,no,54.00,0.0000,54,2025-03-06T06:16:00+00:00,CDUS41 KOKX 060616,first final report with data,no,no,True,True,False,
2025-03-05,KXHIGHNY-25MAR05,KXHIGHNY-25MAR05-T54,less,,54,nws_climatological_report_daily,7653dab821f2bff4,no,54.00,0.0000,54,2025-03-06T06:16:00+00:00,CDUS41 KOKX 060616,first final report with data,no,no,True,True,False,
2025-03-05,KXHIGHNY-25MAR05,KXHIGHNY-25MAR05-T61,greater,61,,nws_climatological_report_daily,fa49ff723022d668,no,54.00,0.0000,54,2025-03-06T06:16:00+00:00,CDUS41 KOKX 060616,first final report with data,no,no,True,True,False,
2025-03-06,KXHIGHNY-25MAR06,KXHIGHNY-25MAR06-B50.5,between,50,51,nws_climatological_report_daily,d48ddd8e5f60ab01,no,55.00,0.0000,55,2025-03-07T06:18:00+00:00,CDUS41 KOKX 070618,first final report with data,no,no,True,True,False,
2025-03-06,KXHIGHNY-25MAR06,KXHIGHNY-25MAR06-B52.5,between,52,53,nws_climatological_report_daily,a792f84d4590e9ec,no,55.00,0.0000,55,2025-03-07T06:18:00+00:00,CDUS41 KOKX 070618,first final report with data,no,no,True,True,False,
2025-03-06,KXHIGHNY-25MAR06,KXHIGHNY-25MAR06-B54.5,between,54,55,nws_climatological_report_daily,f12592d36b496002,yes,55.00,1.0000,55,2025-03-07T06:18:00+00:00,CDUS41 KOKX 070618,first final report with data,yes,yes,True,True,False,
2025-03-06,KXHIGHNY-25MAR06,KXHIGHNY-25MAR06-B56.5,between,56,57,nws_climatological_report_daily,cfe68b75d77bc7cd,no,55.00,0.0000,55,2025-03-07T06:18:00+00:00,CDUS41 KOKX 070618,first final report with data,no,no,True,True,False,
2025-03-06,KXHIGHNY-25MAR06,KXHIGHNY-25MAR06-T50,less,,50,nws_climatological_report_daily,160a1099a5b9913b,no,55.00,0.0000,55,2025-03-07T06:18:00+00:00,CDUS41 KOKX 070618,first final report with data,no,no,True,True,False,
2025-03-06,KXHIGHNY-25MAR06,KXHIGHNY-25MAR06-T57,greater,57,,nws_climatological_report_daily,4aa1b98deb90528e,no,55.00,0.0000,55,2025-03-07T06:18:00+00:00,CDUS41 KOKX 070618,first final report with data,no,no,True,True,False,
2025-03-07,KXHIGHNY-25MAR07,KXHIGHNY-25MAR07-B45.5,between,45,46,nws_climatological_report_daily,63e456ea7c8ecbf2,no,50.00,0.0000,50,2025-03-08T06:18:00+00:00,CDUS41 KOKX 080618,first final report with data,no,no,True,True,False,
2025-03-07,KXHIGHNY-25MAR07,KXHIGHNY-25MAR07-B47.5,between,47,48,nws_climatological_report_daily,38e062765200b75e,no,50.00,0.0000,50,2025-03-08T06:18:00+00:00,CDUS41 KOKX 080618,first final report with data,no,no,True,True,False,
2025-03-07,KXHIGHNY-25MAR07,KXHIGHNY-25MAR07-B49.5,between,49,50,nws_climatological_report_daily,a006a7f6a3e21ce9,yes,50.00,1.0000,50,2025-03-08T06:18:00+00:00,CDUS41 KOKX 080618,first final report with data,yes,yes,True,True,False,
2025-03-07,KXHIGHNY-25MAR07,KXHIGHNY-25MAR07-B51.5,between,51,52,nws_climatological_report_daily,b50c3f89c6c31bf8,no,50.00,0.0000,50,2025-03-08T06:18:00+00:00,CDUS41 KOKX 080618,first final report with data,no,no,True,True,False,
2025-03-07,KXHIGHNY-25MAR07,KXHIGHNY-25MAR07-T45,less,,45,nws_climatological_report_daily,55f438d3d7069caf,no,50.00,0.0000,50,2025-03-08T06:18:00+00:00,CDUS41 KOKX 080618,first final report with data,no,no,True,True,False,
2025-03-07,KXHIGHNY-25MAR07,KXHIGHNY-25MAR07-T52,greater,52,,nws_climatological_report_daily,bd47129e1056827a,no,50.00,0.0000,50,2025-03-08T06:18:00+00:00,CDUS41 KOKX 080618,first final report with data,no,no,True,True,False,
2025-03-08,KXHIGHNY-25MAR08,KXHIGHNY-25MAR08-B40.5,between,40,41,nws_climatological_report_daily,6bacc7ef1cc7b5ab,no,45.00,0.0000,45,2025-03-09T06:17:00+00:00,CDUS41 KOKX 090617,first final report with data,no,no,True,True,False,
2025-03-08,KXHIGHNY-25MAR08,KXHIGHNY-25MAR08-B42.5,between,42,43,nws_climatological_report_daily,859c6c27d71d6099,no,45.00,0.0000,45,2025-03-09T06:17:00+00:00,CDUS41 KOKX 090617,first final report with data,no,no,True,True,False,
2025-03-08,KXHIGHNY-25MAR08,KXHIGHNY-25MAR08-B44.5,between,44,45,nws_climatological_report_daily,dc31a1cf367d6de7,yes,45.00,1.0000,45,2025-03-09T06:17:00+00:00,CDUS41 KOKX 090617,first final report with data,yes,yes,True,True,False,
2025-03-08,KXHIGHNY-25MAR08,KXHIGHNY-25MAR08-B46.5,between,46,47,nws_climatological_report_daily,75219f00609cd3a0,no,45.00,0.0000,45,2025-03-09T06:17:00+00:00,CDUS41 KOKX 090617,first final report with data,no,no,True,True,False,
2025-03-08,KXHIGHNY-25MAR08,KXHIGHNY-25MAR08-T40,less,,40,nws_climatological_report_daily,f336ccdc12ae36fa,no,45.00,0.0000,45,2025-03-09T06:17:00+00:00,CDUS41 KOKX 090617,first final report with data,no,no,True,True,False,
2025-03-08,KXHIGHNY-25MAR08,KXHIGHNY-25MAR08-T47,greater,47,,nws_climatological_report_daily,3f9b5b53d3893103,no,45.00,0.0000,45,2025-03-09T06:17:00+00:00,CDUS41 KOKX 090617,first final report with data,no,no,True,True,False,
2025-03-09,KXHIGHNY-25MAR09,KXHIGHNY-25MAR09-B45.5,between,45,46,nws_climatological_report_daily,76caadebd92db440,no,53.00,0.0000,53,2025-03-10T06:37:00+00:00,CDUS41 KOKX 100637,first final report with data,no,no,True,True,False,
2025-03-09,KXHIGHNY-25MAR09,KXHIGHNY-25MAR09-B47.5,between,47,48,nws_climatological_report_daily,6771ba8a5e3af80d,no,53.00,0.0000,53,2025-03-10T06:37:00+00:00,CDUS41 KOKX 100637,first final report with data,no,no,True,True,False,
2025-03-09,KXHIGHNY-25MAR09,KXHIGHNY-25MAR09-B49.5,between,49,50,nws_climatological_report_daily,b06ea7d8aa4edde5,no,53.00,0.0000,53,2025-03-10T06:37:00+00:00,CDUS41 KOKX 100637,first final report with data,no,no,True,True,False,
2025-03-09,KXHIGHNY-25MAR09,KXHIGHNY-25MAR09-B51.5,between,51,52,nws_climatological_report_daily,76884ee93d810286,no,53.00,0.0000,53,2025-03-10T06:37:00+00:00,CDUS41 KOKX 100637,first final report with data,no,no,True,True,False,
2025-03-09,KXHIGHNY-25MAR09,KXHIGHNY-25MAR09-T45,less,,45,nws_climatological_report_daily,84d938e51a7b1d60,no,53.00,0.0000,53,2025-03-10T06:37:00+00:00,CDUS41 KOKX 100637,first final report with data,no,no,True,True,False,
2025-03-09,KXHIGHNY-25MAR09,KXHIGHNY-25MAR09-T52,greater,52,,nws_climatological_report_daily,bf5812826c726b95,yes,53.00,1.0000,53,2025-03-10T06:37:00+00:00,CDUS41 KOKX 100637,first final report with data,yes,yes,True,True,False,
2025-03-10,KXHIGHNY-25MAR10,KXHIGHNY-25MAR10-B59.5,between,59,60,nws_climatological_report_daily,c8cb9357d767cb62,no,66.00,0.0000,66,2025-03-11T06:19:00+00:00,CDUS41 KOKX 110619,first final report with data,no,no,True,True,False,
2025-03-10,KXHIGHNY-25MAR10,KXHIGHNY-25MAR10-B61.5,between,61,62,nws_climatological_report_daily,5000839d346a7447,no,66.00,0.0000,66,2025-03-11T06:19:00+00:00,CDUS41 KOKX 110619,first final report with data,no,no,True,True,False,
2025-03-10,KXHIGHNY-25MAR10,KXHIGHNY-25MAR10-B63.5,between,63,64,nws_climatological_report_daily,7a61fa481d7b9926,no,66.00,0.0000,66,2025-03-11T06:19:00+00:00,CDUS41 KOKX 110619,first final report with data,no,no,True,True,False,
2025-03-10,KXHIGHNY-25MAR10,KXHIGHNY-25MAR10-B65.5,between,65,66,nws_climatological_report_daily,af445cb4886673e3,yes,66.00,1.0000,66,2025-03-11T06:19:00+00:00,CDUS41 KOKX 110619,first final report with data,yes,yes,True,True,False,
2025-03-10,KXHIGHNY-25MAR10,KXHIGHNY-25MAR10-T59,less,,59,nws_climatological_report_daily,58a329ffdeec4fd9,no,66.00,0.0000,66,2025-03-11T06:19:00+00:00,CDUS41 KOKX 110619,first final report with data,no,no,True,True,False,
2025-03-10,KXHIGHNY-25MAR10,KXHIGHNY-25MAR10-T66,greater,66,,nws_climatological_report_daily,43752d73e0362eae,no,66.00,0.0000,66,2025-03-11T06:19:00+00:00,CDUS41 KOKX 110619,first final report with data,no,no,True,True,False,
2025-03-11,KXHIGHNY-25MAR11,KXHIGHNY-25MAR11-B58.5,between,58,59,nws_climatological_report_daily,cbe86329f68b23fd,no,65.00,0.0000,65,2025-03-12T06:19:00+00:00,CDUS41 KOKX 120619,first final report with data,no,no,True,True,False,
2025-03-11,KXHIGHNY-25MAR11,KXHIGHNY-25MAR11-B60.5,between,60,61,nws_climatological_report_daily,bc5a94d88d1d7723,no,65.00,0.0000,65,2025-03-12T06:19:00+00:00,CDUS41 KOKX 120619,first final report with data,no,no,True,True,False,
2025-03-11,KXHIGHNY-25MAR11,KXHIGHNY-25MAR11-B62.5,between,62,63,nws_climatological_report_daily,7a56dbc0e9de3ba7,no,65.00,0.0000,65,2025-03-12T06:19:00+00:00,CDUS41 KOKX 120619,first final report with data,no,no,True,True,False,
2025-03-11,KXHIGHNY-25MAR11,KXHIGHNY-25MAR11-B64.5,between,64,65,nws_climatological_report_daily,6cc2fa0686aadba8,yes,65.00,1.0000,65,2025-03-12T06:19:00+00:00,CDUS41 KOKX 120619,first final report with data,yes,yes,True,True,False,
2025-03-11,KXHIGHNY-25MAR11,KXHIGHNY-25MAR11-T58,less,,58,nws_climatological_report_daily,a8772c1aed529567,no,65.00,0.0000,65,2025-03-12T06:19:00+00:00,CDUS41 KOKX 120619,first final report with data,no,no,True,True,False,
2025-03-11,KXHIGHNY-25MAR11,KXHIGHNY-25MAR11-T65,greater,65,,nws_climatological_report_daily,221713dcde527a45,no,65.00,0.0000,65,2025-03-12T06:19:00+00:00,CDUS41 KOKX 120619,first final report with data,no,no,True,True,False,
2025-03-12,KXHIGHNY-25MAR12,KXHIGHNY-25MAR12-B50.5,between,50,51,nws_climatological_report_daily,ad63ae711b3bc678,no,55.00,0.0000,55,2025-03-13T06:18:00+00:00,CDUS41 KOKX 130618,first final report with data,no,no,True,True,False,
2025-03-12,KXHIGHNY-25MAR12,KXHIGHNY-25MAR12-B52.5,between,52,53,nws_climatological_report_daily,59735537c05d3be1,no,55.00,0.0000,55,2025-03-13T06:18:00+00:00,CDUS41 KOKX 130618,first final report with data,no,no,True,True,False,
2025-03-12,KXHIGHNY-25MAR12,KXHIGHNY-25MAR12-B54.5,between,54,55,nws_climatological_report_daily,2f0de1ad5a39c2a3,yes,55.00,1.0000,55,2025-03-13T06:18:00+00:00,CDUS41 KOKX 130618,first final report with data,yes,yes,True,True,False,
2025-03-12,KXHIGHNY-25MAR12,KXHIGHNY-25MAR12-B56.5,between,56,57,nws_climatological_report_daily,b572cdf8dbf6bcc3,no,55.00,0.0000,55,2025-03-13T06:18:00+00:00,CDUS41 KOKX 130618,first final report with data,no,no,True,True,False,
2025-03-12,KXHIGHNY-25MAR12,KXHIGHNY-25MAR12-T50,less,,50,nws_climatological_report_daily,e64602b6be341d7b,no,55.00,0.0000,55,2025-03-13T06:18:00+00:00,CDUS41 KOKX 130618,first final report with data,no,no,True,True,False,
2025-03-12,KXHIGHNY-25MAR12,KXHIGHNY-25MAR12-T57,greater,57,,nws_climatological_report_daily,faaf4df5aa265ea3,no,55.00,0.0000,55,2025-03-13T06:18:00+00:00,CDUS41 KOKX 130618,first final report with data,no,no,True,True,False,
2025-03-13,KXHIGHNY-25MAR13,KXHIGHNY-25MAR13-B44.5,between,44,45,nws_climatological_report_daily,8161d31e7d6d6e11,no,50.00,0.0000,50,2025-03-14T06:25:00+00:00,CDUS41 KOKX 140625,first final report with data,no,no,True,True,False,
2025-03-13,KXHIGHNY-25MAR13,KXHIGHNY-25MAR13-B46.5,between,46,47,nws_climatological_report_daily,2116762e60f5c6f8,no,50.00,0.0000,50,2025-03-14T06:25:00+00:00,CDUS41 KOKX 140625,first final report with data,no,no,True,True,False,
2025-03-13,KXHIGHNY-25MAR13,KXHIGHNY-25MAR13-B48.5,between,48,49,nws_climatological_report_daily,098b106dfd786e05,no,50.00,0.0000,50,2025-03-14T06:25:00+00:00,CDUS41 KOKX 140625,first final report with data,no,no,True,True,False,
2025-03-13,KXHIGHNY-25MAR13,KXHIGHNY-25MAR13-B50.5,between,50,51,nws_climatological_report_daily,511ac286cf3b0854,yes,50.00,1.0000,50,2025-03-14T06:25:00+00:00,CDUS41 KOKX 140625,first final report with data,yes,yes,True,True,False,
2025-03-13,KXHIGHNY-25MAR13,KXHIGHNY-25MAR13-T44,less,,44,nws_climatological_report_daily,e4e3a9cfe0d29316,no,50.00,0.0000,50,2025-03-14T06:25:00+00:00,CDUS41 KOKX 140625,first final report with data,no,no,True,True,False,
2025-03-13,KXHIGHNY-25MAR13,KXHIGHNY-25MAR13-T51,greater,51,,nws_climatological_report_daily,75d1d54771a71c7b,no,50.00,0.0000,50,2025-03-14T06:25:00+00:00,CDUS41 KOKX 140625,first final report with data,no,no,True,True,False,
2025-03-14,KXHIGHNY-25MAR14,KXHIGHNY-25MAR14-B50.5,between,50,51,nws_climatological_report_daily,9bba9f257ff52af5,no,57.00,0.0000,57,2025-03-15T06:26:00+00:00,CDUS41 KOKX 150626,first final report with data,no,no,True,True,False,
2025-03-14,KXHIGHNY-25MAR14,KXHIGHNY-25MAR14-B52.5,between,52,53,nws_climatological_report_daily,8fbf96dad7bc8cf0,no,57.00,0.0000,57,2025-03-15T06:26:00+00:00,CDUS41 KOKX 150626,first final report with data,no,no,True,True,False,
2025-03-14,KXHIGHNY-25MAR14,KXHIGHNY-25MAR14-B54.5,between,54,55,nws_climatological_report_daily,5c6adce5cff6167e,no,57.00,0.0000,57,2025-03-15T06:26:00+00:00,CDUS41 KOKX 150626,first final report with data,no,no,True,True,False,
2025-03-14,KXHIGHNY-25MAR14,KXHIGHNY-25MAR14-B56.5,between,56,57,nws_climatological_report_daily,fcdfe1daddc69bbf,yes,57.00,1.0000,57,2025-03-15T06:26:00+00:00,CDUS41 KOKX 150626,first final report with data,yes,yes,True,True,False,
2025-03-14,KXHIGHNY-25MAR14,KXHIGHNY-25MAR14-T50,less,,50,nws_climatological_report_daily,897543b30fb6d906,no,57.00,0.0000,57,2025-03-15T06:26:00+00:00,CDUS41 KOKX 150626,first final report with data,no,no,True,True,False,
2025-03-14,KXHIGHNY-25MAR14,KXHIGHNY-25MAR14-T57,greater,57,,nws_climatological_report_daily,5bf5025fdcc37fab,no,57.00,0.0000,57,2025-03-15T06:26:00+00:00,CDUS41 KOKX 150626,first final report with data,no,no,True,True,False,
2025-03-15,KXHIGHNY-25MAR15,KXHIGHNY-25MAR15-B56.5,between,56,57,nws_climatological_report_daily,865809fe590b6b92,no,49.00,0.0000,49,2025-03-16T06:30:00+00:00,CDUS41 KOKX 160630,first final report with data,no,no,True,True,False,
2025-03-15,KXHIGHNY-25MAR15,KXHIGHNY-25MAR15-B58.5,between,58,59,nws_climatological_report_daily,2a044bc80631037a,no,49.00,0.0000,49,2025-03-16T06:30:00+00:00,CDUS41 KOKX 160630,first final report with data,no,no,True,True,False,
2025-03-15,KXHIGHNY-25MAR15,KXHIGHNY-25MAR15-B60.5,between,60,61,nws_climatological_report_daily,e8e403f57ac38db5,no,49.00,0.0000,49,2025-03-16T06:30:00+00:00,CDUS41 KOKX 160630,first final report with data,no,no,True,True,False,
2025-03-15,KXHIGHNY-25MAR15,KXHIGHNY-25MAR15-B62.5,between,62,63,nws_climatological_report_daily,c1a8e1fe348b90c3,no,49.00,0.0000,49,2025-03-16T06:30:00+00:00,CDUS41 KOKX 160630,first final report with data,no,no,True,True,False,
2025-03-15,KXHIGHNY-25MAR15,KXHIGHNY-25MAR15-T56,less,,56,nws_climatological_report_daily,f2ab3026bb9b08e4,yes,49.00,1.0000,49,2025-03-16T06:30:00+00:00,CDUS41 KOKX 160630,first final report with data,yes,yes,True,True,False,
2025-03-15,KXHIGHNY-25MAR15,KXHIGHNY-25MAR15-T63,greater,63,,nws_climatological_report_daily,7282dec313b38e8d,no,49.00,0.0000,49,2025-03-16T06:30:00+00:00,CDUS41 KOKX 160630,first final report with data,no,no,True,True,False,
2025-03-16,KXHIGHNY-25MAR16,KXHIGHNY-25MAR16-B59.5,between,59,60,nws_climatological_report_daily,5988490ac9630eb4,no,61.00,0.0000,61,2025-03-17T06:25:00+00:00,CDUS41 KOKX 170625,first final report with data,no,no,True,True,False,
2025-03-16,KXHIGHNY-25MAR16,KXHIGHNY-25MAR16-B61.5,between,61,62,nws_climatological_report_daily,b8e9f332d5ae6be7,yes,61.00,1.0000,61,2025-03-17T06:25:00+00:00,CDUS41 KOKX 170625,first final report with data,yes,yes,True,True,False,
2025-03-16,KXHIGHNY-25MAR16,KXHIGHNY-25MAR16-B63.5,between,63,64,nws_climatological_report_daily,e71e6f27c1ee8931,no,61.00,0.0000,61,2025-03-17T06:25:00+00:00,CDUS41 KOKX 170625,first final report with data,no,no,True,True,False,
2025-03-16,KXHIGHNY-25MAR16,KXHIGHNY-25MAR16-B65.5,between,65,66,nws_climatological_report_daily,7fb59df12a65c1fe,no,61.00,0.0000,61,2025-03-17T06:25:00+00:00,CDUS41 KOKX 170625,first final report with data,no,no,True,True,False,
2025-03-16,KXHIGHNY-25MAR16,KXHIGHNY-25MAR16-T59,less,,59,nws_climatological_report_daily,894e906eda0a46ba,no,61.00,0.0000,61,2025-03-17T06:25:00+00:00,CDUS41 KOKX 170625,first final report with data,no,no,True,True,False,
2025-03-16,KXHIGHNY-25MAR16,KXHIGHNY-25MAR16-T66,greater,66,,nws_climatological_report_daily,19f6d5eaa0d9d40b,no,61.00,0.0000,61,2025-03-17T06:25:00+00:00,CDUS41 KOKX 170625,first final report with data,no,no,True,True,False,
2025-03-17,KXHIGHNY-25MAR17,KXHIGHNY-25MAR17-B57.5,between,57,58,nws_climatological_report_daily,bbddf19a2663f10e,no,59.00,0.0000,59,2025-03-18T06:17:00+00:00,CDUS41 KOKX 180617,first final report with data,no,no,True,True,False,
2025-03-17,KXHIGHNY-25MAR17,KXHIGHNY-25MAR17-B59.5,between,59,60,nws_climatological_report_daily,9bfc1647c4e6739a,yes,59.00,1.0000,59,2025-03-18T06:17:00+00:00,CDUS41 KOKX 180617,first final report with data,yes,yes,True,True,False,
2025-03-17,KXHIGHNY-25MAR17,KXHIGHNY-25MAR17-B61.5,between,61,62,nws_climatological_report_daily,d61240bac8b523c5,no,59.00,0.0000,59,2025-03-18T06:17:00+00:00,CDUS41 KOKX 180617,first final report with data,no,no,True,True,False,
2025-03-17,KXHIGHNY-25MAR17,KXHIGHNY-25MAR17-B63.5,between,63,64,nws_climatological_report_daily,0a9171ddc37bf918,no,59.00,0.0000,59,2025-03-18T06:17:00+00:00,CDUS41 KOKX 180617,first final report with data,no,no,True,True,False,
2025-03-17,KXHIGHNY-25MAR17,KXHIGHNY-25MAR17-T57,less,,57,nws_climatological_report_daily,55020619ed710a22,no,59.00,0.0000,59,2025-03-18T06:17:00+00:00,CDUS41 KOKX 180617,first final report with data,no,no,True,True,False,
2025-03-17,KXHIGHNY-25MAR17,KXHIGHNY-25MAR17-T64,greater,64,,nws_climatological_report_daily,02be29fa36b3f12f,no,59.00,0.0000,59,2025-03-18T06:17:00+00:00,CDUS41 KOKX 180617,first final report with data,no,no,True,True,False,
2025-03-18,KXHIGHNY-25MAR18,KXHIGHNY-25MAR18-B58.5,between,58,59,nws_climatological_report_daily,334269299246c01e,no,61.00,0.0000,61,2025-03-19T06:23:00+00:00,CDUS41 KOKX 190623,first final report with data,no,no,True,True,False,
2025-03-18,KXHIGHNY-25MAR18,KXHIGHNY-25MAR18-B60.5,between,60,61,nws_climatological_report_daily,ca67ab399e7effbc,yes,61.00,1.0000,61,2025-03-19T06:23:00+00:00,CDUS41 KOKX 190623,first final report with data,yes,yes,True,True,False,
2025-03-18,KXHIGHNY-25MAR18,KXHIGHNY-25MAR18-B62.5,between,62,63,nws_climatological_report_daily,2b0de682768fbc43,no,61.00,0.0000,61,2025-03-19T06:23:00+00:00,CDUS41 KOKX 190623,first final report with data,no,no,True,True,False,
2025-03-18,KXHIGHNY-25MAR18,KXHIGHNY-25MAR18-B64.5,between,64,65,nws_climatological_report_daily,24891f6b5994d95e,no,61.00,0.0000,61,2025-03-19T06:23:00+00:00,CDUS41 KOKX 190623,first final report with data,no,no,True,True,False,
2025-03-18,KXHIGHNY-25MAR18,KXHIGHNY-25MAR18-T58,less,,58,nws_climatological_report_daily,e451885fc169c73a,no,61.00,0.0000,61,2025-03-19T06:23:00+00:00,CDUS41 KOKX 190623,first final report with data,no,no,True,True,False,
2025-03-18,KXHIGHNY-25MAR18,KXHIGHNY-25MAR18-T65,greater,65,,nws_climatological_report_daily,1fe928ec7a478572,no,61.00,0.0000,61,2025-03-19T06:23:00+00:00,CDUS41 KOKX 190623,first final report with data,no,no,True,True,False,
2025-03-19,KXHIGHNY-25MAR19,KXHIGHNY-25MAR19-B58.5,between,58,59,nws_climatological_report_daily,2375e1701ca11883,no,63.00,0.0000,63,2025-03-20T06:30:00+00:00,CDUS41 KOKX 200630,first final report with data,no,no,True,True,False,
2025-03-19,KXHIGHNY-25MAR19,KXHIGHNY-25MAR19-B60.5,between,60,61,nws_climatological_report_daily,8000f99f262cbe9e,no,63.00,0.0000,63,2025-03-20T06:30:00+00:00,CDUS41 KOKX 200630,first final report with data,no,no,True,True,False,
2025-03-19,KXHIGHNY-25MAR19,KXHIGHNY-25MAR19-B62.5,between,62,63,nws_climatological_report_daily,1bc245dd5a573679,yes,63.00,1.0000,63,2025-03-20T06:30:00+00:00,CDUS41 KOKX 200630,first final report with data,yes,yes,True,True,False,
2025-03-19,KXHIGHNY-25MAR19,KXHIGHNY-25MAR19-B64.5,between,64,65,nws_climatological_report_daily,da4b15322a85b960,no,63.00,0.0000,63,2025-03-20T06:30:00+00:00,CDUS41 KOKX 200630,first final report with data,no,no,True,True,False,
2025-03-19,KXHIGHNY-25MAR19,KXHIGHNY-25MAR19-T58,less,,58,nws_climatological_report_daily,d5b4193bd75292ee,no,63.00,0.0000,63,2025-03-20T06:30:00+00:00,CDUS41 KOKX 200630,first final report with data,no,no,True,True,False,
2025-03-19,KXHIGHNY-25MAR19,KXHIGHNY-25MAR19-T65,greater,65,,nws_climatological_report_daily,2394fc59593dab85,no,63.00,0.0000,63,2025-03-20T06:30:00+00:00,CDUS41 KOKX 200630,first final report with data,no,no,True,True,False,
2025-03-20,KXHIGHNY-25MAR20,KXHIGHNY-25MAR20-B52.5,between,52,53,nws_climatological_report_daily,12fef499372d4533,yes,52.00,1.0000,52,2025-03-21T06:32:00+00:00,CDUS41 KOKX 210632,first final report with data,yes,yes,True,True,False,
2025-03-20,KXHIGHNY-25MAR20,KXHIGHNY-25MAR20-B54.5,between,54,55,nws_climatological_report_daily,d99f80851aff5df0,no,52.00,0.0000,52,2025-03-21T06:32:00+00:00,CDUS41 KOKX 210632,first final report with data,no,no,True,True,False,
2025-03-20,KXHIGHNY-25MAR20,KXHIGHNY-25MAR20-B56.5,between,56,57,nws_climatological_report_daily,2270e2a1f1be3883,no,52.00,0.0000,52,2025-03-21T06:32:00+00:00,CDUS41 KOKX 210632,first final report with data,no,no,True,True,False,
2025-03-20,KXHIGHNY-25MAR20,KXHIGHNY-25MAR20-B58.5,between,58,59,nws_climatological_report_daily,148b43d057e6c42b,no,52.00,0.0000,52,2025-03-21T06:32:00+00:00,CDUS41 KOKX 210632,first final report with data,no,no,True,True,False,
2025-03-20,KXHIGHNY-25MAR20,KXHIGHNY-25MAR20-T52,less,,52,nws_climatological_report_daily,fc057d5a3925cdc1,no,52.00,0.0000,52,2025-03-21T06:32:00+00:00,CDUS41 KOKX 210632,first final report with data,no,no,True,True,False,
2025-03-20,KXHIGHNY-25MAR20,KXHIGHNY-25MAR20-T59,greater,59,,nws_climatological_report_daily,39ccd56541c3e3a5,no,52.00,0.0000,52,2025-03-21T06:32:00+00:00,CDUS41 KOKX 210632,first final report with data,no,no,True,True,False,
2025-03-21,KXHIGHNY-25MAR21,KXHIGHNY-25MAR21-B49.5,between,49,50,nws_climatological_report_daily,3f975c179d9218c0,no,51.00,0.0000,51,2025-03-22T06:50:00+00:00,CDUS41 KOKX 220650,first final report with data,no,no,True,True,False,
2025-03-21,KXHIGHNY-25MAR21,KXHIGHNY-25MAR21-B51.5,between,51,52,nws_climatological_report_daily,88d0b7fe1e5e8313,yes,51.00,1.0000,51,2025-03-22T06:50:00+00:00,CDUS41 KOKX 220650,first final report with data,yes,yes,True,True,False,
2025-03-21,KXHIGHNY-25MAR21,KXHIGHNY-25MAR21-B53.5,between,53,54,nws_climatological_report_daily,9082844f1740bc82,no,51.00,0.0000,51,2025-03-22T06:50:00+00:00,CDUS41 KOKX 220650,first final report with data,no,no,True,True,False,
2025-03-21,KXHIGHNY-25MAR21,KXHIGHNY-25MAR21-B55.5,between,55,56,nws_climatological_report_daily,84580768bc7d18e7,no,51.00,0.0000,51,2025-03-22T06:50:00+00:00,CDUS41 KOKX 220650,first final report with data,no,no,True,True,False,
2025-03-21,KXHIGHNY-25MAR21,KXHIGHNY-25MAR21-T49,less,,49,nws_climatological_report_daily,dcbfd3e08e2e8b53,no,51.00,0.0000,51,2025-03-22T06:50:00+00:00,CDUS41 KOKX 220650,first final report with data,no,no,True,True,False,
2025-03-21,KXHIGHNY-25MAR21,KXHIGHNY-25MAR21-T56,greater,56,,nws_climatological_report_daily,ba77df2c4cd2c8b7,no,51.00,0.0000,51,2025-03-22T06:50:00+00:00,CDUS41 KOKX 220650,first final report with data,no,no,True,True,False,
2025-03-22,KXHIGHNY-25MAR22,KXHIGHNY-25MAR22-B57.5,between,57,58,nws_climatological_report_daily,93341c3ddb0be196,no,64.00,0.0000,64,2025-03-23T06:18:00+00:00,CDUS41 KOKX 230618,first final report with data,no,no,True,True,False,
2025-03-22,KXHIGHNY-25MAR22,KXHIGHNY-25MAR22-B59.5,between,59,60,nws_climatological_report_daily,6feea924d28cb625,no,64.00,0.0000,64,2025-03-23T06:18:00+00:00,CDUS41 KOKX 230618,first final report with data,no,no,True,True,False,
2025-03-22,KXHIGHNY-25MAR22,KXHIGHNY-25MAR22-B61.5,between,61,62,nws_climatological_report_daily,509fbf2032b22c69,no,64.00,0.0000,64,2025-03-23T06:18:00+00:00,CDUS41 KOKX 230618,first final report with data,no,no,True,True,False,
2025-03-22,KXHIGHNY-25MAR22,KXHIGHNY-25MAR22-B63.5,between,63,64,nws_climatological_report_daily,1bfefe7857a67444,yes,64.00,1.0000,64,2025-03-23T06:18:00+00:00,CDUS41 KOKX 230618,first final report with data,yes,yes,True,True,False,
2025-03-22,KXHIGHNY-25MAR22,KXHIGHNY-25MAR22-T57,less,,57,nws_climatological_report_daily,92bd5ed78581bcad,no,64.00,0.0000,64,2025-03-23T06:18:00+00:00,CDUS41 KOKX 230618,first final report with data,no,no,True,True,False,
2025-03-22,KXHIGHNY-25MAR22,KXHIGHNY-25MAR22-T64,greater,64,,nws_climatological_report_daily,c3f360c2e0fba469,no,64.00,0.0000,64,2025-03-23T06:18:00+00:00,CDUS41 KOKX 230618,first final report with data,no,no,True,True,False,
2025-03-23,KXHIGHNY-25MAR23,KXHIGHNY-25MAR23-B47.5,between,47,48,nws_climatological_report_daily,d7177669e4633dbd,yes,48.00,1.0000,48,2025-03-24T07:23:00+00:00,CDUS41 KOKX 240723,first final report with data,yes,yes,True,True,False,
2025-03-23,KXHIGHNY-25MAR23,KXHIGHNY-25MAR23-B49.5,between,49,50,nws_climatological_report_daily,38ccf5d836b98b82,no,48.00,0.0000,48,2025-03-24T07:23:00+00:00,CDUS41 KOKX 240723,first final report with data,no,no,True,True,False,
2025-03-23,KXHIGHNY-25MAR23,KXHIGHNY-25MAR23-B51.5,between,51,52,nws_climatological_report_daily,a84646e63edb5775,no,48.00,0.0000,48,2025-03-24T07:23:00+00:00,CDUS41 KOKX 240723,first final report with data,no,no,True,True,False,
2025-03-23,KXHIGHNY-25MAR23,KXHIGHNY-25MAR23-B53.5,between,53,54,nws_climatological_report_daily,6fbc68119c3cde8b,no,48.00,0.0000,48,2025-03-24T07:23:00+00:00,CDUS41 KOKX 240723,first final report with data,no,no,True,True,False,
2025-03-23,KXHIGHNY-25MAR23,KXHIGHNY-25MAR23-T47,less,,47,nws_climatological_report_daily,73c6623ff58421fa,no,48.00,0.0000,48,2025-03-24T07:23:00+00:00,CDUS41 KOKX 240723,first final report with data,no,no,True,True,False,
2025-03-23,KXHIGHNY-25MAR23,KXHIGHNY-25MAR23-T54,greater,54,,nws_climatological_report_daily,d8341434cd32bd53,no,48.00,0.0000,48,2025-03-24T07:23:00+00:00,CDUS41 KOKX 240723,first final report with data,no,no,True,True,False,
2025-03-24,KXHIGHNY-25MAR24,KXHIGHNY-25MAR24-B54.5,between,54,55,nws_climatological_report_daily,bcc0dfaf4503310a,no,50.00,0.0000,50,2025-03-25T06:18:00+00:00,CDUS41 KOKX 250618,first final report with data,no,no,True,True,False,
2025-03-24,KXHIGHNY-25MAR24,KXHIGHNY-25MAR24-B56.5,between,56,57,nws_climatological_report_daily,d47be1749e51efe9,no,50.00,0.0000,50,2025-03-25T06:18:00+00:00,CDUS41 KOKX 250618,first final report with data,no,no,True,True,False,
2025-03-24,KXHIGHNY-25MAR24,KXHIGHNY-25MAR24-B58.5,between,58,59,nws_climatological_report_daily,74be4bfb7928d963,no,50.00,0.0000,50,2025-03-25T06:18:00+00:00,CDUS41 KOKX 250618,first final report with data,no,no,True,True,False,
2025-03-24,KXHIGHNY-25MAR24,KXHIGHNY-25MAR24-B60.5,between,60,61,nws_climatological_report_daily,5ca3eae74c37320f,no,50.00,0.0000,50,2025-03-25T06:18:00+00:00,CDUS41 KOKX 250618,first final report with data,no,no,True,True,False,
2025-03-24,KXHIGHNY-25MAR24,KXHIGHNY-25MAR24-T54,less,,54,nws_climatological_report_daily,c8353797e013c4ef,yes,50.00,1.0000,50,2025-03-25T06:18:00+00:00,CDUS41 KOKX 250618,first final report with data,yes,yes,True,True,False,
2025-03-24,KXHIGHNY-25MAR24,KXHIGHNY-25MAR24-T61,greater,61,,nws_climatological_report_daily,7bd627e2952e7d20,no,50.00,0.0000,50,2025-03-25T06:18:00+00:00,CDUS41 KOKX 250618,first final report with data,no,no,True,True,False,
2025-03-25,KXHIGHNY-25MAR25,KXHIGHNY-25MAR25-B55.5,between,55,56,nws_climatological_report_daily,3d70f7b7cb9f569f,no,58.00,0.0000,58,2025-03-26T06:17:00+00:00,CDUS41 KOKX 260617,first final report with data,no,no,True,True,False,
2025-03-25,KXHIGHNY-25MAR25,KXHIGHNY-25MAR25-B57.5,between,57,58,nws_climatological_report_daily,8e0b3c2470538f30,yes,58.00,1.0000,58,2025-03-26T06:17:00+00:00,CDUS41 KOKX 260617,first final report with data,yes,yes,True,True,False,
2025-03-25,KXHIGHNY-25MAR25,KXHIGHNY-25MAR25-B59.5,between,59,60,nws_climatological_report_daily,c0244ea6a3bd31c9,no,58.00,0.0000,58,2025-03-26T06:17:00+00:00,CDUS41 KOKX 260617,first final report with data,no,no,True,True,False,
2025-03-25,KXHIGHNY-25MAR25,KXHIGHNY-25MAR25-B61.5,between,61,62,nws_climatological_report_daily,878786362d2c577a,no,58.00,0.0000,58,2025-03-26T06:17:00+00:00,CDUS41 KOKX 260617,first final report with data,no,no,True,True,False,
2025-03-25,KXHIGHNY-25MAR25,KXHIGHNY-25MAR25-T55,less,,55,nws_climatological_report_daily,c9f150bca70ba7a0,no,58.00,0.0000,58,2025-03-26T06:17:00+00:00,CDUS41 KOKX 260617,first final report with data,no,no,True,True,False,
2025-03-25,KXHIGHNY-25MAR25,KXHIGHNY-25MAR25-T62,greater,62,,nws_climatological_report_daily,80105881c020c720,no,58.00,0.0000,58,2025-03-26T06:17:00+00:00,CDUS41 KOKX 260617,first final report with data,no,no,True,True,False,
2025-03-26,KXHIGHNY-25MAR26,KXHIGHNY-25MAR26-B50.5,between,50,51,nws_climatological_report_daily,ba66a66806edbfac,no,53.00,0.0000,53,2025-03-27T06:18:00+00:00,CDUS41 KOKX 270618,first final report with data,no,no,True,True,False,
2025-03-26,KXHIGHNY-25MAR26,KXHIGHNY-25MAR26-B52.5,between,52,53,nws_climatological_report_daily,8c2267f36657a077,yes,53.00,1.0000,53,2025-03-27T06:18:00+00:00,CDUS41 KOKX 270618,first final report with data,yes,yes,True,True,False,
2025-03-26,KXHIGHNY-25MAR26,KXHIGHNY-25MAR26-B54.5,between,54,55,nws_climatological_report_daily,ad57ee7d0cbf455b,no,53.00,0.0000,53,2025-03-27T06:18:00+00:00,CDUS41 KOKX 270618,first final report with data,no,no,True,True,False,
2025-03-26,KXHIGHNY-25MAR26,KXHIGHNY-25MAR26-B56.5,between,56,57,nws_climatological_report_daily,547158a1368ca433,no,53.00,0.0000,53,2025-03-27T06:18:00+00:00,CDUS41 KOKX 270618,first final report with data,no,no,True,True,False,
2025-03-26,KXHIGHNY-25MAR26,KXHIGHNY-25MAR26-T50,less,,50,nws_climatological_report_daily,3cfdb57b5525112f,no,53.00,0.0000,53,2025-03-27T06:18:00+00:00,CDUS41 KOKX 270618,first final report with data,no,no,True,True,False,
2025-03-26,KXHIGHNY-25MAR26,KXHIGHNY-25MAR26-T57,greater,57,,nws_climatological_report_daily,291121859dac86a6,no,53.00,0.0000,53,2025-03-27T06:18:00+00:00,CDUS41 KOKX 270618,first final report with data,no,no,True,True,False,
2025-03-27,KXHIGHNY-25MAR27,KXHIGHNY-25MAR27-B50.5,between,50,51,nws_climatological_report_daily,7f7d7fa425392090,no,53.00,0.0000,53,2025-03-28T06:37:00+00:00,CDUS41 KOKX 280637,first final report with data,no,no,True,True,False,
2025-03-27,KXHIGHNY-25MAR27,KXHIGHNY-25MAR27-B52.5,between,52,53,nws_climatological_report_daily,f35a9277fd751e20,yes,53.00,1.0000,53,2025-03-28T06:37:00+00:00,CDUS41 KOKX 280637,first final report with data,yes,yes,True,True,False,
2025-03-27,KXHIGHNY-25MAR27,KXHIGHNY-25MAR27-B54.5,between,54,55,nws_climatological_report_daily,288523b62111dff0,no,53.00,0.0000,53,2025-03-28T06:37:00+00:00,CDUS41 KOKX 280637,first final report with data,no,no,True,True,False,
2025-03-27,KXHIGHNY-25MAR27,KXHIGHNY-25MAR27-B56.5,between,56,57,nws_climatological_report_daily,d471586dc4619f2d,no,53.00,0.0000,53,2025-03-28T06:37:00+00:00,CDUS41 KOKX 280637,first final report with data,no,no,True,True,False,
2025-03-27,KXHIGHNY-25MAR27,KXHIGHNY-25MAR27-T50,less,,50,nws_climatological_report_daily,6976cbfc13618bf2,no,53.00,0.0000,53,2025-03-28T06:37:00+00:00,CDUS41 KOKX 280637,first final report with data,no,no,True,True,False,
2025-03-27,KXHIGHNY-25MAR27,KXHIGHNY-25MAR27-T57,greater,57,,nws_climatological_report_daily,c8ba2a9e289a67cb,no,53.00,0.0000,53,2025-03-28T06:37:00+00:00,CDUS41 KOKX 280637,first final report with data,no,no,True,True,False,
2025-03-28,KXHIGHNY-25MAR28,KXHIGHNY-25MAR28-B59.5,between,59,60,nws_climatological_report_daily,f3d701702cb0b2ad,no,63.00,0.0000,63,2025-03-29T06:27:00+00:00,CDUS41 KOKX 290627,first final report with data,no,no,True,True,False,
2025-03-28,KXHIGHNY-25MAR28,KXHIGHNY-25MAR28-B61.5,between,61,62,nws_climatological_report_daily,caf69363113d59f0,no,63.00,0.0000,63,2025-03-29T06:27:00+00:00,CDUS41 KOKX 290627,first final report with data,no,no,True,True,False,
2025-03-28,KXHIGHNY-25MAR28,KXHIGHNY-25MAR28-B63.5,between,63,64,nws_climatological_report_daily,9477f2ed8e7225ee,yes,63.00,1.0000,63,2025-03-29T06:27:00+00:00,CDUS41 KOKX 290627,first final report with data,yes,yes,True,True,False,
2025-03-28,KXHIGHNY-25MAR28,KXHIGHNY-25MAR28-B65.5,between,65,66,nws_climatological_report_daily,8f0a659691c38f28,no,63.00,0.0000,63,2025-03-29T06:27:00+00:00,CDUS41 KOKX 290627,first final report with data,no,no,True,True,False,
2025-03-28,KXHIGHNY-25MAR28,KXHIGHNY-25MAR28-T59,less,,59,nws_climatological_report_daily,171f3e755682223e,no,63.00,0.0000,63,2025-03-29T06:27:00+00:00,CDUS41 KOKX 290627,first final report with data,no,no,True,True,False,
2025-03-28,KXHIGHNY-25MAR28,KXHIGHNY-25MAR28-T66,greater,66,,nws_climatological_report_daily,29736007ded2c028,no,63.00,0.0000,63,2025-03-29T06:27:00+00:00,CDUS41 KOKX 290627,first final report with data,no,no,True,True,False,
2025-03-29,KXHIGHNY-25MAR29,KXHIGHNY-25MAR29-B77.5,between,77,78,nws_climatological_report_daily,e455eba352f9f201,no,81.00,0.0000,81,2025-03-30T06:25:00+00:00,CDUS41 KOKX 300625,first final report with data,no,no,True,True,False,
2025-03-29,KXHIGHNY-25MAR29,KXHIGHNY-25MAR29-B79.5,between,79,80,nws_climatological_report_daily,b76f2f1ef76f2e68,no,81.00,0.0000,81,2025-03-30T06:25:00+00:00,CDUS41 KOKX 300625,first final report with data,no,no,True,True,False,
2025-03-29,KXHIGHNY-25MAR29,KXHIGHNY-25MAR29-B81.5,between,81,82,nws_climatological_report_daily,26a9d7fd49ebd6c9,yes,81.00,1.0000,81,2025-03-30T06:25:00+00:00,CDUS41 KOKX 300625,first final report with data,yes,yes,True,True,False,
2025-03-29,KXHIGHNY-25MAR29,KXHIGHNY-25MAR29-B83.5,between,83,84,nws_climatological_report_daily,feb4e76729d6f360,no,81.00,0.0000,81,2025-03-30T06:25:00+00:00,CDUS41 KOKX 300625,first final report with data,no,no,True,True,False,
2025-03-29,KXHIGHNY-25MAR29,KXHIGHNY-25MAR29-T77,less,,77,nws_climatological_report_daily,da6e33e383e1a1c1,no,81.00,0.0000,81,2025-03-30T06:25:00+00:00,CDUS41 KOKX 300625,first final report with data,no,no,True,True,False,
2025-03-29,KXHIGHNY-25MAR29,KXHIGHNY-25MAR29-T84,greater,84,,nws_climatological_report_daily,98991fa066580ed8,no,81.00,0.0000,81,2025-03-30T06:25:00+00:00,CDUS41 KOKX 300625,first final report with data,no,no,True,True,False,
2025-03-30,KXHIGHNY-25MAR30,KXHIGHNY-25MAR30-B53.5,between,53,54,nws_climatological_report_daily,38fea4d90d8f0e68,no,48.00,0.0000,48,2025-03-31T06:23:00+00:00,CDUS41 KOKX 310623,first final report with data,no,no,True,True,False,
2025-03-30,KXHIGHNY-25MAR30,KXHIGHNY-25MAR30-B55.5,between,55,56,nws_climatological_report_daily,e804928aa349dc83,no,48.00,0.0000,48,2025-03-31T06:23:00+00:00,CDUS41 KOKX 310623,first final report with data,no,no,True,True,False,
2025-03-30,KXHIGHNY-25MAR30,KXHIGHNY-25MAR30-B57.5,between,57,58,nws_climatological_report_daily,1d846add020cf74e,no,48.00,0.0000,48,2025-03-31T06:23:00+00:00,CDUS41 KOKX 310623,first final report with data,no,no,True,True,False,
2025-03-30,KXHIGHNY-25MAR30,KXHIGHNY-25MAR30-B59.5,between,59,60,nws_climatological_report_daily,ad67f903ed09e942,no,48.00,0.0000,48,2025-03-31T06:23:00+00:00,CDUS41 KOKX 310623,first final report with data,no,no,True,True,False,
2025-03-30,KXHIGHNY-25MAR30,KXHIGHNY-25MAR30-T53,less,,53,nws_climatological_report_daily,04fcc7305fc67a36,yes,48.00,1.0000,48,2025-03-31T06:23:00+00:00,CDUS41 KOKX 310623,first final report with data,yes,yes,True,True,False,
2025-03-30,KXHIGHNY-25MAR30,KXHIGHNY-25MAR30-T60,greater,60,,nws_climatological_report_daily,b91fcea27799fe41,no,48.00,0.0000,48,2025-03-31T06:23:00+00:00,CDUS41 KOKX 310623,first final report with data,no,no,True,True,False,
2025-03-31,KXHIGHNY-25MAR31,KXHIGHNY-25MAR31-B67.5,between,67,68,nws_climatological_report_daily,67f01b84083f5cb3,no,73.00,0.0000,73,2025-04-01T06:31:00+00:00,CDUS41 KOKX 010631,first final report with data,no,no,True,True,False,
2025-03-31,KXHIGHNY-25MAR31,KXHIGHNY-25MAR31-B69.5,between,69,70,nws_climatological_report_daily,60a0a74d6f95f8c4,no,73.00,0.0000,73,2025-04-01T06:31:00+00:00,CDUS41 KOKX 010631,first final report with data,no,no,True,True,False,
2025-03-31,KXHIGHNY-25MAR31,KXHIGHNY-25MAR31-B71.5,between,71,72,nws_climatological_report_daily,5670108374d562e4,no,73.00,0.0000,73,2025-04-01T06:31:00+00:00,CDUS41 KOKX 010631,first final report with data,no,no,True,True,False,
2025-03-31,KXHIGHNY-25MAR31,KXHIGHNY-25MAR31-B73.5,between,73,74,nws_climatological_report_daily,6f3055035f7d75a5,yes,73.00,1.0000,73,2025-04-01T06:31:00+00:00,CDUS41 KOKX 010631,first final report with data,yes,yes,True,True,False,
2025-03-31,KXHIGHNY-25MAR31,KXHIGHNY-25MAR31-T67,less,,67,nws_climatological_report_daily,717e2776a76c83c7,no,73.00,0.0000,73,2025-04-01T06:31:00+00:00,CDUS41 KOKX 010631,first final report with data,no,no,True,True,False,
2025-03-31,KXHIGHNY-25MAR31,KXHIGHNY-25MAR31-T74,greater,74,,nws_climatological_report_daily,d935dfc1a123f0e6,no,73.00,0.0000,73,2025-04-01T06:31:00+00:00,CDUS41 KOKX 010631,first final report with data,no,no,True,True,False,
2025-04-01,KXHIGHNY-25APR01,KXHIGHNY-25APR01-B57.5,between,57,58,nws_climatological_report_daily,71c35e6887d1c894,yes,58.00,1.0000,58,2025-04-02T06:19:00+00:00,CDUS41 KOKX 020619,first final report with data,yes,yes,True,True,False,
2025-04-01,KXHIGHNY-25APR01,KXHIGHNY-25APR01-B59.5,between,59,60,nws_climatological_report_daily,e66e90d37de6e410,no,58.00,0.0000,58,2025-04-02T06:19:00+00:00,CDUS41 KOKX 020619,first final report with data,no,no,True,True,False,
2025-04-01,KXHIGHNY-25APR01,KXHIGHNY-25APR01-B61.5,between,61,62,nws_climatological_report_daily,7e5e56074d99ae59,no,58.00,0.0000,58,2025-04-02T06:19:00+00:00,CDUS41 KOKX 020619,first final report with data,no,no,True,True,False,
2025-04-01,KXHIGHNY-25APR01,KXHIGHNY-25APR01-B63.5,between,63,64,nws_climatological_report_daily,83190fbc8d6b6ba6,no,58.00,0.0000,58,2025-04-02T06:19:00+00:00,CDUS41 KOKX 020619,first final report with data,no,no,True,True,False,
2025-04-01,KXHIGHNY-25APR01,KXHIGHNY-25APR01-T57,less,,57,nws_climatological_report_daily,35356edaf971c3a2,no,58.00,0.0000,58,2025-04-02T06:19:00+00:00,CDUS41 KOKX 020619,first final report with data,no,no,True,True,False,
2025-04-01,KXHIGHNY-25APR01,KXHIGHNY-25APR01-T64,greater,64,,nws_climatological_report_daily,ca2361c15ce1ce01,no,58.00,0.0000,58,2025-04-02T06:19:00+00:00,CDUS41 KOKX 020619,first final report with data,no,no,True,True,False,
2025-04-02,KXHIGHNY-25APR02,KXHIGHNY-25APR02-B46.5,between,46,47,nws_climatological_report_daily,741bcdbd3c0504eb,no,49.00,0.0000,49,2025-04-03T06:30:00+00:00,CDUS41 KOKX 030630,first final report with data,no,no,True,True,False,
2025-04-02,KXHIGHNY-25APR02,KXHIGHNY-25APR02-B48.5,between,48,49,nws_climatological_report_daily,10706928bcb91487,yes,49.00,1.0000,49,2025-04-03T06:30:00+00:00,CDUS41 KOKX 030630,first final report with data,yes,yes,True,True,False,
2025-04-02,KXHIGHNY-25APR02,KXHIGHNY-25APR02-B50.5,between,50,51,nws_climatological_report_daily,6468f2c5aa1c5a50,no,49.00,0.0000,49,2025-04-03T06:30:00+00:00,CDUS41 KOKX 030630,first final report with data,no,no,True,True,False,
2025-04-02,KXHIGHNY-25APR02,KXHIGHNY-25APR02-B52.5,between,52,53,nws_climatological_report_daily,b5026183e679d4b6,no,49.00,0.0000,49,2025-04-03T06:30:00+00:00,CDUS41 KOKX 030630,first final report with data,no,no,True,True,False,
2025-04-02,KXHIGHNY-25APR02,KXHIGHNY-25APR02-T46,less,,46,nws_climatological_report_daily,7462740e31b373c8,no,49.00,0.0000,49,2025-04-03T06:30:00+00:00,CDUS41 KOKX 030630,first final report with data,no,no,True,True,False,
2025-04-02,KXHIGHNY-25APR02,KXHIGHNY-25APR02-T53,greater,53,,nws_climatological_report_daily,a9df47815a38cefc,no,49.00,0.0000,49,2025-04-03T06:30:00+00:00,CDUS41 KOKX 030630,first final report with data,no,no,True,True,False,
2025-04-03,KXHIGHNY-25APR03,KXHIGHNY-25APR03-B68.5,between,68,69,nws_climatological_report_daily,ca3729b2a7af78cf,no,73.00,0.0000,73,2025-04-04T06:19:00+00:00,CDUS41 KOKX 040619,first final report with data,no,no,True,True,False,
2025-04-03,KXHIGHNY-25APR03,KXHIGHNY-25APR03-B70.5,between,70,71,nws_climatological_report_daily,8b795dc7d1c9c1e9,no,73.00,0.0000,73,2025-04-04T06:19:00+00:00,CDUS41 KOKX 040619,first final report with data,no,no,True,True,False,
2025-04-03,KXHIGHNY-25APR03,KXHIGHNY-25APR03-B72.5,between,72,73,nws_climatological_report_daily,08c8cbec3f234c77,yes,73.00,1.0000,73,2025-04-04T06:19:00+00:00,CDUS41 KOKX 040619,first final report with data,yes,yes,True,True,False,
2025-04-03,KXHIGHNY-25APR03,KXHIGHNY-25APR03-B74.5,between,74,75,nws_climatological_report_daily,9d7107a5ea8072d2,no,73.00,0.0000,73,2025-04-04T06:19:00+00:00,CDUS41 KOKX 040619,first final report with data,no,no,True,True,False,
2025-04-03,KXHIGHNY-25APR03,KXHIGHNY-25APR03-T68,less,,68,nws_climatological_report_daily,99a68f79489576e2,no,73.00,0.0000,73,2025-04-04T06:19:00+00:00,CDUS41 KOKX 040619,first final report with data,no,no,True,True,False,
2025-04-03,KXHIGHNY-25APR03,KXHIGHNY-25APR03-T75,greater,75,,nws_climatological_report_daily,7e8252a9e06b932f,no,73.00,0.0000,73,2025-04-04T06:19:00+00:00,CDUS41 KOKX 040619,first final report with data,no,no,True,True,False,
2025-04-04,KXHIGHNY-25APR04,KXHIGHNY-25APR04-B63.5,between,63,64,nws_climatological_report_daily,a118f856486bd5bd,no,73.00,0.0000,73,2025-04-05T06:17:00+00:00,CDUS41 KOKX 050617,first final report with data,no,no,True,True,False,
2025-04-04,KXHIGHNY-25APR04,KXHIGHNY-25APR04-B65.5,between,65,66,nws_climatological_report_daily,5849cd94c2ab76f8,no,73.00,0.0000,73,2025-04-05T06:17:00+00:00,CDUS41 KOKX 050617,first final report with data,no,no,True,True,False,
2025-04-04,KXHIGHNY-25APR04,KXHIGHNY-25APR04-B67.5,between,67,68,nws_climatological_report_daily,a0425dfe9e6fd185,no,73.00,0.0000,73,2025-04-05T06:17:00+00:00,CDUS41 KOKX 050617,first final report with data,no,no,True,True,False,
2025-04-04,KXHIGHNY-25APR04,KXHIGHNY-25APR04-B69.5,between,69,70,nws_climatological_report_daily,0830e534cb5d4ea6,no,73.00,0.0000,73,2025-04-05T06:17:00+00:00,CDUS41 KOKX 050617,first final report with data,no,no,True,True,False,
2025-04-04,KXHIGHNY-25APR04,KXHIGHNY-25APR04-T63,less,,63,nws_climatological_report_daily,d948e206cf879224,no,73.00,0.0000,73,2025-04-05T06:17:00+00:00,CDUS41 KOKX 050617,first final report with data,no,no,True,True,False,
2025-04-04,KXHIGHNY-25APR04,KXHIGHNY-25APR04-T70,greater,70,,nws_climatological_report_daily,6c6053787bbad869,yes,73.00,1.0000,73,2025-04-05T06:17:00+00:00,CDUS41 KOKX 050617,first final report with data,yes,yes,True,True,False,
2025-04-05,KXHIGHNY-25APR05,KXHIGHNY-25APR05-B53.5,between,53,54,nws_climatological_report_daily,6c49842f5f750671,no,59.00,0.0000,59,2025-04-06T06:16:00+00:00,CDUS41 KOKX 060616,first final report with data,no,no,True,True,False,
2025-04-05,KXHIGHNY-25APR05,KXHIGHNY-25APR05-B55.5,between,55,56,nws_climatological_report_daily,cb267799a0b93908,no,59.00,0.0000,59,2025-04-06T06:16:00+00:00,CDUS41 KOKX 060616,first final report with data,no,no,True,True,False,
2025-04-05,KXHIGHNY-25APR05,KXHIGHNY-25APR05-B57.5,between,57,58,nws_climatological_report_daily,570a265830bb003e,no,59.00,0.0000,59,2025-04-06T06:16:00+00:00,CDUS41 KOKX 060616,first final report with data,no,no,True,True,False,
2025-04-05,KXHIGHNY-25APR05,KXHIGHNY-25APR05-B59.5,between,59,60,nws_climatological_report_daily,c10ca060459727aa,yes,59.00,1.0000,59,2025-04-06T06:16:00+00:00,CDUS41 KOKX 060616,first final report with data,yes,yes,True,True,False,
2025-04-05,KXHIGHNY-25APR05,KXHIGHNY-25APR05-T53,less,,53,nws_climatological_report_daily,1e6764e7b4ede825,no,59.00,0.0000,59,2025-04-06T06:16:00+00:00,CDUS41 KOKX 060616,first final report with data,no,no,True,True,False,
2025-04-05,KXHIGHNY-25APR05,KXHIGHNY-25APR05-T60,greater,60,,nws_climatological_report_daily,95c98055805c24b3,no,59.00,0.0000,59,2025-04-06T06:16:00+00:00,CDUS41 KOKX 060616,first final report with data,no,no,True,True,False,
2025-04-06,KXHIGHNY-25APR06,KXHIGHNY-25APR06-B53.5,between,53,54,nws_climatological_report_daily,d810b6a3f73cb7e8,no,56.00,0.0000,56,2025-04-07T06:21:00+00:00,CDUS41 KOKX 070621,first final report with data,no,no,True,True,False,
2025-04-06,KXHIGHNY-25APR06,KXHIGHNY-25APR06-B55.5,between,55,56,nws_climatological_report_daily,64ae6149fae3f6ba,yes,56.00,1.0000,56,2025-04-07T06:21:00+00:00,CDUS41 KOKX 070621,first final report with data,yes,yes,True,True,False,
2025-04-06,KXHIGHNY-25APR06,KXHIGHNY-25APR06-B57.5,between,57,58,nws_climatological_report_daily,045fb14f544342d2,no,56.00,0.0000,56,2025-04-07T06:21:00+00:00,CDUS41 KOKX 070621,first final report with data,no,no,True,True,False,
2025-04-06,KXHIGHNY-25APR06,KXHIGHNY-25APR06-B59.5,between,59,60,nws_climatological_report_daily,c3574a80bdae70f2,no,56.00,0.0000,56,2025-04-07T06:21:00+00:00,CDUS41 KOKX 070621,first final report with data,no,no,True,True,False,
2025-04-06,KXHIGHNY-25APR06,KXHIGHNY-25APR06-T53,less,,53,nws_climatological_report_daily,65b2e103a25812db,no,56.00,0.0000,56,2025-04-07T06:21:00+00:00,CDUS41 KOKX 070621,first final report with data,no,no,True,True,False,
2025-04-06,KXHIGHNY-25APR06,KXHIGHNY-25APR06-T60,greater,60,,nws_climatological_report_daily,3f999b90c18cbf71,no,56.00,0.0000,56,2025-04-07T06:21:00+00:00,CDUS41 KOKX 070621,first final report with data,no,no,True,True,False,
2025-04-07,KXHIGHNY-25APR07,KXHIGHNY-25APR07-B46.5,between,46,47,nws_climatological_report_daily,7e8630e69f785a61,no,50.00,0.0000,50,2025-04-08T06:29:00+00:00,CDUS41 KOKX 080629,first final report with data,no,no,True,True,False,
2025-04-07,KXHIGHNY-25APR07,KXHIGHNY-25APR07-B48.5,between,48,49,nws_climatological_report_daily,fe90f5a4934f771f,no,50.00,0.0000,50,2025-04-08T06:29:00+00:00,CDUS41 KOKX 080629,first final report with data,no,no,True,True,False,
2025-04-07,KXHIGHNY-25APR07,KXHIGHNY-25APR07-B50.5,between,50,51,nws_climatological_report_daily,780cbb830aab154c,yes,50.00,1.0000,50,2025-04-08T06:29:00+00:00,CDUS41 KOKX 080629,first final report with data,yes,yes,True,True,False,
2025-04-07,KXHIGHNY-25APR07,KXHIGHNY-25APR07-B52.5,between,52,53,nws_climatological_report_daily,0bc65017b614874c,no,50.00,0.0000,50,2025-04-08T06:29:00+00:00,CDUS41 KOKX 080629,first final report with data,no,no,True,True,False,
2025-04-07,KXHIGHNY-25APR07,KXHIGHNY-25APR07-T46,less,,46,nws_climatological_report_daily,2de8e6912f9b72df,no,50.00,0.0000,50,2025-04-08T06:29:00+00:00,CDUS41 KOKX 080629,first final report with data,no,no,True,True,False,
2025-04-07,KXHIGHNY-25APR07,KXHIGHNY-25APR07-T53,greater,53,,nws_climatological_report_daily,3c6843e740493a65,no,50.00,0.0000,50,2025-04-08T06:29:00+00:00,CDUS41 KOKX 080629,first final report with data,no,no,True,True,False,
2025-04-08,KXHIGHNY-25APR08,KXHIGHNY-25APR08-B46.5,between,46,47,nws_climatological_report_daily,084d480e77ebc895,no,45.00,0.0000,45,2025-04-09T06:24:00+00:00,CDUS41 KOKX 090624,first final report with data,no,no,True,True,False,
2025-04-08,KXHIGHNY-25APR08,KXHIGHNY-25APR08-B48.5,between,48,49,nws_climatological_report_daily,c379f5e842ed27c7,no,45.00,0.0000,45,2025-04-09T06:24:00+00:00,CDUS41 KOKX 090624,first final report with data,no,no,True,True,False,
2025-04-08,KXHIGHNY-25APR08,KXHIGHNY-25APR08-B50.5,between,50,51,nws_climatological_report_daily,f404bc10089e0083,no,45.00,0.0000,45,2025-04-09T06:24:00+00:00,CDUS41 KOKX 090624,first final report with data,no,no,True,True,False,
2025-04-08,KXHIGHNY-25APR08,KXHIGHNY-25APR08-B52.5,between,52,53,nws_climatological_report_daily,2a0f0db3658f3039,no,45.00,0.0000,45,2025-04-09T06:24:00+00:00,CDUS41 KOKX 090624,first final report with data,no,no,True,True,False,
2025-04-08,KXHIGHNY-25APR08,KXHIGHNY-25APR08-T46,less,,46,nws_climatological_report_daily,f627fdfae8fc8a0e,yes,45.00,1.0000,45,2025-04-09T06:24:00+00:00,CDUS41 KOKX 090624,first final report with data,yes,yes,True,True,False,
2025-04-08,KXHIGHNY-25APR08,KXHIGHNY-25APR08-T53,greater,53,,nws_climatological_report_daily,46823b193dc26cea,no,45.00,0.0000,45,2025-04-09T06:24:00+00:00,CDUS41 KOKX 090624,first final report with data,no,no,True,True,False,
2025-04-09,KXHIGHNY-25APR09,KXHIGHNY-25APR09-B47.5,between,47,48,nws_climatological_report_daily,1584eac1b7980b4b,no,49.00,0.0000,49,2025-04-10T06:17:00+00:00,CDUS41 KOKX 100617,first final report with data,no,no,True,True,False,
2025-04-09,KXHIGHNY-25APR09,KXHIGHNY-25APR09-B49.5,between,49,50,nws_climatological_report_daily,8d6bf0b0d7242320,yes,49.00,1.0000,49,2025-04-10T06:17:00+00:00,CDUS41 KOKX 100617,first final report with data,yes,yes,True,True,False,
2025-04-09,KXHIGHNY-25APR09,KXHIGHNY-25APR09-B51.5,between,51,52,nws_climatological_report_daily,61d4ff4b82df4208,no,49.00,0.0000,49,2025-04-10T06:17:00+00:00,CDUS41 KOKX 100617,first final report with data,no,no,True,True,False,
2025-04-09,KXHIGHNY-25APR09,KXHIGHNY-25APR09-B53.5,between,53,54,nws_climatological_report_daily,cbca559190d20802,no,49.00,0.0000,49,2025-04-10T06:17:00+00:00,CDUS41 KOKX 100617,first final report with data,no,no,True,True,False,
2025-04-09,KXHIGHNY-25APR09,KXHIGHNY-25APR09-T47,less,,47,nws_climatological_report_daily,61d6b3751bb4827e,no,49.00,0.0000,49,2025-04-10T06:17:00+00:00,CDUS41 KOKX 100617,first final report with data,no,no,True,True,False,
2025-04-09,KXHIGHNY-25APR09,KXHIGHNY-25APR09-T54,greater,54,,nws_climatological_report_daily,0b10c85fa6426ce7,no,49.00,0.0000,49,2025-04-10T06:17:00+00:00,CDUS41 KOKX 100617,first final report with data,no,no,True,True,False,
2025-04-10,KXHIGHNY-25APR10,KXHIGHNY-25APR10-B49.5,between,49,50,nws_climatological_report_daily,9d8f2189e50a8ae9,no,51.00,0.0000,51,2025-04-11T06:20:00+00:00,CDUS41 KOKX 110620,first final report with data,no,no,True,True,False,
2025-04-10,KXHIGHNY-25APR10,KXHIGHNY-25APR10-B51.5,between,51,52,nws_climatological_report_daily,9e6be2a95003c2d4,yes,51.00,1.0000,51,2025-04-11T06:20:00+00:00,CDUS41 KOKX 110620,first final report with data,yes,yes,True,True,False,
2025-04-10,KXHIGHNY-25APR10,KXHIGHNY-25APR10-B53.5,between,53,54,nws_climatological_report_daily,9dcb1d21d643e20e,no,51.00,0.0000,51,2025-04-11T06:20:00+00:00,CDUS41 KOKX 110620,first final report with data,no,no,True,True,False,
2025-04-10,KXHIGHNY-25APR10,KXHIGHNY-25APR10-B55.5,between,55,56,nws_climatological_report_daily,2a5e80400fdd6b25,no,51.00,0.0000,51,2025-04-11T06:20:00+00:00,CDUS41 KOKX 110620,first final report with data,no,no,True,True,False,
2025-04-10,KXHIGHNY-25APR10,KXHIGHNY-25APR10-T49,less,,49,nws_climatological_report_daily,9967eb38ccbeeb94,no,51.00,0.0000,51,2025-04-11T06:20:00+00:00,CDUS41 KOKX 110620,first final report with data,no,no,True,True,False,
2025-04-10,KXHIGHNY-25APR10,KXHIGHNY-25APR10-T56,greater,56,,nws_climatological_report_daily,9b51b90bdd295f4c,no,51.00,0.0000,51,2025-04-11T06:20:00+00:00,CDUS41 KOKX 110620,first final report with data,no,no,True,True,False,
2025-04-11,KXHIGHNY-25APR11,KXHIGHNY-25APR11-B48.5,between,48,49,nws_climatological_report_daily,b8e9d5bde664cdf2,no,46.00,0.0000,46,2025-04-12T06:18:00+00:00,CDUS41 KOKX 120618,first final report with data,no,no,True,True,False,
2025-04-11,KXHIGHNY-25APR11,KXHIGHNY-25APR11-B50.5,between,50,51,nws_climatological_report_daily,a40e98ec4ae1d9d0,no,46.00,0.0000,46,2025-04-12T06:18:00+00:00,CDUS41 KOKX 120618,first final report with data,no,no,True,True,False,
2025-04-11,KXHIGHNY-25APR11,KXHIGHNY-25APR11-B52.5,between,52,53,nws_climatological_report_daily,633eae197a03206a,no,46.00,0.0000,46,2025-04-12T06:18:00+00:00,CDUS41 KOKX 120618,first final report with data,no,no,True,True,False,
2025-04-11,KXHIGHNY-25APR11,KXHIGHNY-25APR11-B54.5,between,54,55,nws_climatological_report_daily,42f45ac09ddb934f,no,46.00,0.0000,46,2025-04-12T06:18:00+00:00,CDUS41 KOKX 120618,first final report with data,no,no,True,True,False,
2025-04-11,KXHIGHNY-25APR11,KXHIGHNY-25APR11-T48,less,,48,nws_climatological_report_daily,f509b69c584b8e17,yes,46.00,1.0000,46,2025-04-12T06:18:00+00:00,CDUS41 KOKX 120618,first final report with data,yes,yes,True,True,False,
2025-04-11,KXHIGHNY-25APR11,KXHIGHNY-25APR11-T55,greater,55,,nws_climatological_report_daily,d18b6396e3847a88,no,46.00,0.0000,46,2025-04-12T06:18:00+00:00,CDUS41 KOKX 120618,first final report with data,no,no,True,True,False,
2025-04-12,KXHIGHNY-25APR12,KXHIGHNY-25APR12-B41.5,between,41,42,nws_climatological_report_daily,398356928f7ef6a3,no,40.00,0.0000,40,2025-04-13T06:39:00+00:00,CDUS41 KOKX 130639,first final report with data,no,no,True,True,False,
2025-04-12,KXHIGHNY-25APR12,KXHIGHNY-25APR12-B43.5,between,43,44,nws_climatological_report_daily,266c8ac02ec5f6b3,no,40.00,0.0000,40,2025-04-13T06:39:00+00:00,CDUS41 KOKX 130639,first final report with data,no,no,True,True,False,
2025-04-12,KXHIGHNY-25APR12,KXHIGHNY-25APR12-B45.5,between,45,46,nws_climatological_report_daily,6704f8ec60687d5f,no,40.00,0.0000,40,2025-04-13T06:39:00+00:00,CDUS41 KOKX 130639,first final report with data,no,no,True,True,False,
2025-04-12,KXHIGHNY-25APR12,KXHIGHNY-25APR12-B47.5,between,47,48,nws_climatological_report_daily,8e34a2e6bbfff2ac,no,40.00,0.0000,40,2025-04-13T06:39:00+00:00,CDUS41 KOKX 130639,first final report with data,no,no,True,True,False,
2025-04-12,KXHIGHNY-25APR12,KXHIGHNY-25APR12-T41,less,,41,nws_climatological_report_daily,127fbe53f48cf89c,yes,40.00,1.0000,40,2025-04-13T06:39:00+00:00,CDUS41 KOKX 130639,first final report with data,yes,yes,True,True,False,
2025-04-12,KXHIGHNY-25APR12,KXHIGHNY-25APR12-T48,greater,48,,nws_climatological_report_daily,1c2d01e64ff7994b,no,40.00,0.0000,40,2025-04-13T06:39:00+00:00,CDUS41 KOKX 130639,first final report with data,no,no,True,True,False,
2025-04-13,KXHIGHNY-25APR13,KXHIGHNY-25APR13-B53.5,between,53,54,nws_climatological_report_daily,064528dc1e205b59,no,58.00,0.0000,58,2025-04-14T06:28:00+00:00,CDUS41 KOKX 140628,first final report with data,no,no,True,True,False,
2025-04-13,KXHIGHNY-25APR13,KXHIGHNY-25APR13-B55.5,between,55,56,nws_climatological_report_daily,e72f339753516189,no,58.00,0.0000,58,2025-04-14T06:28:00+00:00,CDUS41 KOKX 140628,first final report with data,no,no,True,True,False,
2025-04-13,KXHIGHNY-25APR13,KXHIGHNY-25APR13-B57.5,between,57,58,nws_climatological_report_daily,4db18ff3066d6189,yes,58.00,1.0000,58,2025-04-14T06:28:00+00:00,CDUS41 KOKX 140628,first final report with data,yes,yes,True,True,False,
2025-04-13,KXHIGHNY-25APR13,KXHIGHNY-25APR13-B59.5,between,59,60,nws_climatological_report_daily,4025e3447ae9bc51,no,58.00,0.0000,58,2025-04-14T06:28:00+00:00,CDUS41 KOKX 140628,first final report with data,no,no,True,True,False,
2025-04-13,KXHIGHNY-25APR13,KXHIGHNY-25APR13-T53,less,,53,nws_climatological_report_daily,7afc7b4ffc9d6af3,no,58.00,0.0000,58,2025-04-14T06:28:00+00:00,CDUS41 KOKX 140628,first final report with data,no,no,True,True,False,
2025-04-13,KXHIGHNY-25APR13,KXHIGHNY-25APR13-T60,greater,60,,nws_climatological_report_daily,8b543d3761fca264,no,58.00,0.0000,58,2025-04-14T06:28:00+00:00,CDUS41 KOKX 140628,first final report with data,no,no,True,True,False,
2025-04-14,KXHIGHNY-25APR14,KXHIGHNY-25APR14-B61.5,between,61,62,nws_climatological_report_daily,270a6fb48c099218,no,66.00,0.0000,66,2025-04-15T06:29:00+00:00,CDUS41 KOKX 150629,first final report with data,no,no,True,True,False,
2025-04-14,KXHIGHNY-25APR14,KXHIGHNY-25APR14-B63.5,between,63,64,nws_climatological_report_daily,3310bb3ee76cc5b1,no,66.00,0.0000,66,2025-04-15T06:29:00+00:00,CDUS41 KOKX 150629,first final report with data,no,no,True,True,False,
2025-04-14,KXHIGHNY-25APR14,KXHIGHNY-25APR14-B65.5,between,65,66,nws_climatological_report_daily,d66bf9c809469c35,yes,66.00,1.0000,66,2025-04-15T06:29:00+00:00,CDUS41 KOKX 150629,first final report with data,yes,yes,True,True,False,
2025-04-14,KXHIGHNY-25APR14,KXHIGHNY-25APR14-B67.5,between,67,68,nws_climatological_report_daily,a788335018f09c8c,no,66.00,0.0000,66,2025-04-15T06:29:00+00:00,CDUS41 KOKX 150629,first final report with data,no,no,True,True,False,
2025-04-14,KXHIGHNY-25APR14,KXHIGHNY-25APR14-T61,less,,61,nws_climatological_report_daily,6f8c42059e0c7e3a,no,66.00,0.0000,66,2025-04-15T06:29:00+00:00,CDUS41 KOKX 150629,first final report with data,no,no,True,True,False,
2025-04-14,KXHIGHNY-25APR14,KXHIGHNY-25APR14-T68,greater,68,,nws_climatological_report_daily,78e0cb45bcdf3821,no,66.00,0.0000,66,2025-04-15T06:29:00+00:00,CDUS41 KOKX 150629,first final report with data,no,no,True,True,False,
2025-04-15,KXHIGHNY-25APR15,KXHIGHNY-25APR15-B62.5,between,62,63,nws_climatological_report_daily,b029e466e305afde,no,69.00,0.0000,69,2025-04-16T06:37:00+00:00,CDUS41 KOKX 160637,first final report with data,no,no,True,True,False,
2025-04-15,KXHIGHNY-25APR15,KXHIGHNY-25APR15-B64.5,between,64,65,nws_climatological_report_daily,1b29c052502c2ec3,no,69.00,0.0000,69,2025-04-16T06:37:00+00:00,CDUS41 KOKX 160637,first final report with data,no,no,True,True,False,
2025-04-15,KXHIGHNY-25APR15,KXHIGHNY-25APR15-B66.5,between,66,67,nws_climatological_report_daily,a184b20b098b7cef,no,69.00,0.0000,69,2025-04-16T06:37:00+00:00,CDUS41 KOKX 160637,first final report with data,no,no,True,True,False,
2025-04-15,KXHIGHNY-25APR15,KXHIGHNY-25APR15-B68.5,between,68,69,nws_climatological_report_daily,3976972f9ee4c304,yes,69.00,1.0000,69,2025-04-16T06:37:00+00:00,CDUS41 KOKX 160637,first final report with data,yes,yes,True,True,False,
2025-04-15,KXHIGHNY-25APR15,KXHIGHNY-25APR15-T62,less,,62,nws_climatological_report_daily,afeb413a340f41c3,no,69.00,0.0000,69,2025-04-16T06:37:00+00:00,CDUS41 KOKX 160637,first final report with data,no,no,True,True,False,
2025-04-15,KXHIGHNY-25APR15,KXHIGHNY-25APR15-T69,greater,69,,nws_climatological_report_daily,47e0fa32f75433eb,no,69.00,0.0000,69,2025-04-16T06:37:00+00:00,CDUS41 KOKX 160637,first final report with data,no,no,True,True,False,
2025-04-16,KXHIGHNY-25APR16,KXHIGHNY-25APR16-B49.5,between,49,50,nws_climatological_report_daily,90462258ba582c1c,yes,50.00,1.0000,50,2025-04-17T06:19:00+00:00,CDUS41 KOKX 170619,first final report with data,yes,yes,True,True,False,
2025-04-16,KXHIGHNY-25APR16,KXHIGHNY-25APR16-B51.5,between,51,52,nws_climatological_report_daily,fb4875e453aa583b,no,50.00,0.0000,50,2025-04-17T06:19:00+00:00,CDUS41 KOKX 170619,first final report with data,no,no,True,True,False,
2025-04-16,KXHIGHNY-25APR16,KXHIGHNY-25APR16-B53.5,between,53,54,nws_climatological_report_daily,86acdcb959103ba8,no,50.00,0.0000,50,2025-04-17T06:19:00+00:00,CDUS41 KOKX 170619,first final report with data,no,no,True,True,False,
2025-04-16,KXHIGHNY-25APR16,KXHIGHNY-25APR16-B55.5,between,55,56,nws_climatological_report_daily,2a125aeea732baac,no,50.00,0.0000,50,2025-04-17T06:19:00+00:00,CDUS41 KOKX 170619,first final report with data,no,no,True,True,False,
2025-04-16,KXHIGHNY-25APR16,KXHIGHNY-25APR16-T49,less,,49,nws_climatological_report_daily,87705407ffb441f7,no,50.00,0.0000,50,2025-04-17T06:19:00+00:00,CDUS41 KOKX 170619,first final report with data,no,no,True,True,False,
2025-04-16,KXHIGHNY-25APR16,KXHIGHNY-25APR16-T56,greater,56,,nws_climatological_report_daily,d657b3e9b6271e46,no,50.00,0.0000,50,2025-04-17T06:19:00+00:00,CDUS41 KOKX 170619,first final report with data,no,no,True,True,False,
2025-04-17,KXHIGHNY-25APR17,KXHIGHNY-25APR17-B60.5,between,60,61,nws_climatological_report_daily,f1aacfbf588cc4f6,no,64.00,0.0000,64,2025-04-18T06:17:00+00:00,CDUS41 KOKX 180617,first final report with data,no,no,True,True,False,
2025-04-17,KXHIGHNY-25APR17,KXHIGHNY-25APR17-B62.5,between,62,63,nws_climatological_report_daily,194c916be5bb46d6,no,64.00,0.0000,64,2025-04-18T06:17:00+00:00,CDUS41 KOKX 180617,first final report with data,no,no,True,True,False,
2025-04-17,KXHIGHNY-25APR17,KXHIGHNY-25APR17-B64.5,between,64,65,nws_climatological_report_daily,272e6e53fad4848d,yes,64.00,1.0000,64,2025-04-18T06:17:00+00:00,CDUS41 KOKX 180617,first final report with data,yes,yes,True,True,False,
2025-04-17,KXHIGHNY-25APR17,KXHIGHNY-25APR17-B66.5,between,66,67,nws_climatological_report_daily,8843c526ef97a52f,no,64.00,0.0000,64,2025-04-18T06:17:00+00:00,CDUS41 KOKX 180617,first final report with data,no,no,True,True,False,
2025-04-17,KXHIGHNY-25APR17,KXHIGHNY-25APR17-T60,less,,60,nws_climatological_report_daily,589c186f72235910,no,64.00,0.0000,64,2025-04-18T06:17:00+00:00,CDUS41 KOKX 180617,first final report with data,no,no,True,True,False,
2025-04-17,KXHIGHNY-25APR17,KXHIGHNY-25APR17-T67,greater,67,,nws_climatological_report_daily,b8c3263e01816d96,no,64.00,0.0000,64,2025-04-18T06:17:00+00:00,CDUS41 KOKX 180617,first final report with data,no,no,True,True,False,
2025-04-18,KXHIGHNY-25APR18,KXHIGHNY-25APR18-B62.5,between,62,63,nws_climatological_report_daily,01cdc064e6d62bc5,no,68.00,0.0000,68,2025-04-19T06:17:00+00:00,CDUS41 KOKX 190617,first final report with data,no,no,True,True,False,
2025-04-18,KXHIGHNY-25APR18,KXHIGHNY-25APR18-B64.5,between,64,65,nws_climatological_report_daily,76c2ed803ce33f68,no,68.00,0.0000,68,2025-04-19T06:17:00+00:00,CDUS41 KOKX 190617,first final report with data,no,no,True,True,False,
2025-04-18,KXHIGHNY-25APR18,KXHIGHNY-25APR18-B66.5,between,66,67,nws_climatological_report_daily,0993ac7d13a8f177,no,68.00,0.0000,68,2025-04-19T06:17:00+00:00,CDUS41 KOKX 190617,first final report with data,no,no,True,True,False,
2025-04-18,KXHIGHNY-25APR18,KXHIGHNY-25APR18-B68.5,between,68,69,nws_climatological_report_daily,a1c0d1e39419f6f0,yes,68.00,1.0000,68,2025-04-19T06:17:00+00:00,CDUS41 KOKX 190617,first final report with data,yes,yes,True,True,False,
2025-04-18,KXHIGHNY-25APR18,KXHIGHNY-25APR18-T62,less,,62,nws_climatological_report_daily,98cfa3a5e03e3409,no,68.00,0.0000,68,2025-04-19T06:17:00+00:00,CDUS41 KOKX 190617,first final report with data,no,no,True,True,False,
2025-04-18,KXHIGHNY-25APR18,KXHIGHNY-25APR18-T69,greater,69,,nws_climatological_report_daily,af55b0861e729706,no,68.00,0.0000,68,2025-04-19T06:17:00+00:00,CDUS41 KOKX 190617,first final report with data,no,no,True,True,False,
2025-04-19,KXHIGHNY-25APR19,KXHIGHNY-25APR19-B79.5,between,79,80,nws_climatological_report_daily,704b7af0125177b8,no,85.00,0.0000,85,2025-04-20T06:19:00+00:00,CDUS41 KOKX 200619,first final report with data,no,no,True,True,False,
2025-04-19,KXHIGHNY-25APR19,KXHIGHNY-25APR19-B81.5,between,81,82,nws_climatological_report_daily,59d72d587ef77ce1,no,85.00,0.0000,85,2025-04-20T06:19:00+00:00,CDUS41 KOKX 200619,first final report with data,no,no,True,True,False,
2025-04-19,KXHIGHNY-25APR19,KXHIGHNY-25APR19-B83.5,between,83,84,nws_climatological_report_daily,4ca0e9da734d4db6,no,85.00,0.0000,85,2025-04-20T06:19:00+00:00,CDUS41 KOKX 200619,first final report with data,no,no,True,True,False,
2025-04-19,KXHIGHNY-25APR19,KXHIGHNY-25APR19-B85.5,between,85,86,nws_climatological_report_daily,642b29d85d17b36f,yes,85.00,1.0000,85,2025-04-20T06:19:00+00:00,CDUS41 KOKX 200619,first final report with data,yes,yes,True,True,False,
2025-04-19,KXHIGHNY-25APR19,KXHIGHNY-25APR19-T79,less,,79,nws_climatological_report_daily,8270a0d90c1a2e53,no,85.00,0.0000,85,2025-04-20T06:19:00+00:00,CDUS41 KOKX 200619,first final report with data,no,no,True,True,False,
2025-04-19,KXHIGHNY-25APR19,KXHIGHNY-25APR19-T86,greater,86,,nws_climatological_report_daily,7138a308536789f7,no,85.00,0.0000,85,2025-04-20T06:19:00+00:00,CDUS41 KOKX 200619,first final report with data,no,no,True,True,False,
2025-04-20,KXHIGHNY-25APR20,KXHIGHNY-25APR20-B68.5,between,68,69,nws_climatological_report_daily,ba07d0e961e3bf9b,no,73.00,0.0000,73,2025-04-21T06:17:00+00:00,CDUS41 KOKX 210617,first final report with data,no,no,True,True,False,
2025-04-20,KXHIGHNY-25APR20,KXHIGHNY-25APR20-B70.5,between,70,71,nws_climatological_report_daily,63b5bc8a87b6a203,no,73.00,0.0000,73,2025-04-21T06:17:00+00:00,CDUS41 KOKX 210617,first final report with data,no,no,True,True,False,
2025-04-20,KXHIGHNY-25APR20,KXHIGHNY-25APR20-B72.5,between,72,73,nws_climatological_report_daily,8794506ae8a3a444,yes,73.00,1.0000,73,2025-04-21T06:17:00+00:00,CDUS41 KOKX 210617,first final report with data,yes,yes,True,True,False,
2025-04-20,KXHIGHNY-25APR20,KXHIGHNY-25APR20-B74.5,between,74,75,nws_climatological_report_daily,211a05d86ea34b58,no,73.00,0.0000,73,2025-04-21T06:17:00+00:00,CDUS41 KOKX 210617,first final report with data,no,no,True,True,False,
2025-04-20,KXHIGHNY-25APR20,KXHIGHNY-25APR20-T68,less,,68,nws_climatological_report_daily,0f8da6264d19389f,no,73.00,0.0000,73,2025-04-21T06:17:00+00:00,CDUS41 KOKX 210617,first final report with data,no,no,True,True,False,
2025-04-20,KXHIGHNY-25APR20,KXHIGHNY-25APR20-T75,greater,75,,nws_climatological_report_daily,42aefa7c95601dd5,no,73.00,0.0000,73,2025-04-21T06:17:00+00:00,CDUS41 KOKX 210617,first final report with data,no,no,True,True,False,
2025-04-21,KXHIGHNY-25APR21,KXHIGHNY-25APR21-B54.5,between,54,55,nws_climatological_report_daily,1145e8a0346bc32a,no,57.00,0.0000,57,2025-04-22T06:31:00+00:00,CDUS41 KOKX 220631,first final report with data,no,no,True,True,False,
2025-04-21,KXHIGHNY-25APR21,KXHIGHNY-25APR21-B56.5,between,56,57,nws_climatological_report_daily,9a1494d6c56b0221,yes,57.00,1.0000,57,2025-04-22T06:31:00+00:00,CDUS41 KOKX 220631,first final report with data,yes,yes,True,True,False,
2025-04-21,KXHIGHNY-25APR21,KXHIGHNY-25APR21-B58.5,between,58,59,nws_climatological_report_daily,931f2357705acbab,no,57.00,0.0000,57,2025-04-22T06:31:00+00:00,CDUS41 KOKX 220631,first final report with data,no,no,True,True,False,
2025-04-21,KXHIGHNY-25APR21,KXHIGHNY-25APR21-B60.5,between,60,61,nws_climatological_report_daily,abaa88cee43ef488,no,57.00,0.0000,57,2025-04-22T06:31:00+00:00,CDUS41 KOKX 220631,first final report with data,no,no,True,True,False,
2025-04-21,KXHIGHNY-25APR21,KXHIGHNY-25APR21-T54,less,,54,nws_climatological_report_daily,d6723d7974764b88,no,57.00,0.0000,57,2025-04-22T06:31:00+00:00,CDUS41 KOKX 220631,first final report with data,no,no,True,True,False,
2025-04-21,KXHIGHNY-25APR21,KXHIGHNY-25APR21-T61,greater,61,,nws_climatological_report_daily,e7f9873660c492b4,no,57.00,0.0000,57,2025-04-22T06:31:00+00:00,CDUS41 KOKX 220631,first final report with data,no,no,True,True,False,
2025-04-22,KXHIGHNY-25APR22,KXHIGHNY-25APR22-B74.5,between,74,75,nws_climatological_report_daily,dfeda3dc013f5b8b,no,82.00,0.0000,82,2025-04-23T06:59:00+00:00,CDUS41 KOKX 230659,first final report with data,no,no,True,True,False,
2025-04-22,KXHIGHNY-25APR22,KXHIGHNY-25APR22-B76.5,between,76,77,nws_climatological_report_daily,8d3a693bf2b36a9d,no,82.00,0.0000,82,2025-04-23T06:59:00+00:00,CDUS41 KOKX 230659,first final report with data,no,no,True,True,False,
2025-04-22,KXHIGHNY-25APR22,KXHIGHNY-25APR22-B78.5,between,78,79,nws_climatological_report_daily,6f821d206236f38e,no,82.00,0.0000,82,2025-04-23T06:59:00+00:00,CDUS41 KOKX 230659,first final report with data,no,no,True,True,False,
2025-04-22,KXHIGHNY-25APR22,KXHIGHNY-25APR22-B80.5,between,80,81,nws_climatological_report_daily,7dae34b04a7b0330,no,82.00,0.0000,82,2025-04-23T06:59:00+00:00,CDUS41 KOKX 230659,first final report with data,no,no,True,True,False,
2025-04-22,KXHIGHNY-25APR22,KXHIGHNY-25APR22-T74,less,,74,nws_climatological_report_daily,52cc8078c92468ed,no,82.00,0.0000,82,2025-04-23T06:59:00+00:00,CDUS41 KOKX 230659,first final report with data,no,no,True,True,False,
2025-04-22,KXHIGHNY-25APR22,KXHIGHNY-25APR22-T81,greater,81,,nws_climatological_report_daily,b23342d8f6cedb1a,yes,82.00,1.0000,82,2025-04-23T06:59:00+00:00,CDUS41 KOKX 230659,first final report with data,yes,yes,True,True,False,
2025-04-23,KXHIGHNY-25APR23,KXHIGHNY-25APR23-B70.5,between,70,71,nws_climatological_report_daily,99a00987918d9251,no,76.00,0.0000,76,2025-04-24T06:23:00+00:00,CDUS41 KOKX 240623,first final report with data,no,no,True,True,False,
2025-04-23,KXHIGHNY-25APR23,KXHIGHNY-25APR23-B72.5,between,72,73,nws_climatological_report_daily,53f617afb05176c3,no,76.00,0.0000,76,2025-04-24T06:23:00+00:00,CDUS41 KOKX 240623,first final report with data,no,no,True,True,False,
2025-04-23,KXHIGHNY-25APR23,KXHIGHNY-25APR23-B74.5,between,74,75,nws_climatological_report_daily,57a0b8e3c180d982,no,76.00,0.0000,76,2025-04-24T06:23:00+00:00,CDUS41 KOKX 240623,first final report with data,no,no,True,True,False,
2025-04-23,KXHIGHNY-25APR23,KXHIGHNY-25APR23-B76.5,between,76,77,nws_climatological_report_daily,0d24a413c02011f0,yes,76.00,1.0000,76,2025-04-24T06:23:00+00:00,CDUS41 KOKX 240623,first final report with data,yes,yes,True,True,False,
2025-04-23,KXHIGHNY-25APR23,KXHIGHNY-25APR23-T70,less,,70,nws_climatological_report_daily,8cdcd2d66f0e5a52,no,76.00,0.0000,76,2025-04-24T06:23:00+00:00,CDUS41 KOKX 240623,first final report with data,no,no,True,True,False,
2025-04-23,KXHIGHNY-25APR23,KXHIGHNY-25APR23-T77,greater,77,,nws_climatological_report_daily,390ca61f53469246,no,76.00,0.0000,76,2025-04-24T06:23:00+00:00,CDUS41 KOKX 240623,first final report with data,no,no,True,True,False,
2025-04-24,KXHIGHNY-25APR24,KXHIGHNY-25APR24-B68.5,between,68,69,nws_climatological_report_daily,d2c283277aa328b6,no,77.00,0.0000,77,2025-04-25T06:18:00+00:00,CDUS41 KOKX 250618,first final report with data,no,no,True,True,False,
2025-04-24,KXHIGHNY-25APR24,KXHIGHNY-25APR24-B70.5,between,70,71,nws_climatological_report_daily,b7aa8bd2938a6a5a,no,77.00,0.0000,77,2025-04-25T06:18:00+00:00,CDUS41 KOKX 250618,first final report with data,no,no,True,True,False,
2025-04-24,KXHIGHNY-25APR24,KXHIGHNY-25APR24-B72.5,between,72,73,nws_climatological_report_daily,4b6296dce5ec49d3,no,77.00,0.0000,77,2025-04-25T06:18:00+00:00,CDUS41 KOKX 250618,first final report with data,no,no,True,True,False,
2025-04-24,KXHIGHNY-25APR24,KXHIGHNY-25APR24-B74.5,between,74,75,nws_climatological_report_daily,84776fd659c0f908,no,77.00,0.0000,77,2025-04-25T06:18:00+00:00,CDUS41 KOKX 250618,first final report with data,no,no,True,True,False,
2025-04-24,KXHIGHNY-25APR24,KXHIGHNY-25APR24-T68,less,,68,nws_climatological_report_daily,637e03a7efb25cb9,no,77.00,0.0000,77,2025-04-25T06:18:00+00:00,CDUS41 KOKX 250618,first final report with data,no,no,True,True,False,
2025-04-24,KXHIGHNY-25APR24,KXHIGHNY-25APR24-T75,greater,75,,nws_climatological_report_daily,d3f7b8dc40573b22,yes,77.00,1.0000,77,2025-04-25T06:18:00+00:00,CDUS41 KOKX 250618,first final report with data,yes,yes,True,True,False,
2025-04-25,KXHIGHNY-25APR25,KXHIGHNY-25APR25-B73.5,between,73,74,nws_climatological_report_daily,cf1ffa34b82e05e8,no,77.00,0.0000,77,2025-04-26T06:26:00+00:00,CDUS41 KOKX 260626,first final report with data,no,no,True,True,False,
2025-04-25,KXHIGHNY-25APR25,KXHIGHNY-25APR25-B75.5,between,75,76,nws_climatological_report_daily,0ea10d163c1ec96a,no,77.00,0.0000,77,2025-04-26T06:26:00+00:00,CDUS41 KOKX 260626,first final report with data,no,no,True,True,False,
2025-04-25,KXHIGHNY-25APR25,KXHIGHNY-25APR25-B77.5,between,77,78,nws_climatological_report_daily,dd2a5f167faa2cb6,yes,77.00,1.0000,77,2025-04-26T06:26:00+00:00,CDUS41 KOKX 260626,first final report with data,yes,yes,True,True,False,
2025-04-25,KXHIGHNY-25APR25,KXHIGHNY-25APR25-B79.5,between,79,80,nws_climatological_report_daily,477228e99ff97761,no,77.00,0.0000,77,2025-04-26T06:26:00+00:00,CDUS41 KOKX 260626,first final report with data,no,no,True,True,False,
2025-04-25,KXHIGHNY-25APR25,KXHIGHNY-25APR25-T73,less,,73,nws_climatological_report_daily,48105fd51c432dd9,no,77.00,0.0000,77,2025-04-26T06:26:00+00:00,CDUS41 KOKX 260626,first final report with data,no,no,True,True,False,
2025-04-25,KXHIGHNY-25APR25,KXHIGHNY-25APR25-T80,greater,80,,nws_climatological_report_daily,df08d96262168c13,no,77.00,0.0000,77,2025-04-26T06:26:00+00:00,CDUS41 KOKX 260626,first final report with data,no,no,True,True,False,
2025-04-26,KXHIGHNY-25APR26,KXHIGHNY-25APR26-B69.5,between,69,70,nws_climatological_report_daily,a7fa0db3f1d55709,no,74.00,0.0000,74,2025-04-27T06:29:00+00:00,CDUS41 KOKX 270629,first final report with data,no,no,True,True,False,
2025-04-26,KXHIGHNY-25APR26,KXHIGHNY-25APR26-B71.5,between,71,72,nws_climatological_report_daily,bc028b23c58b0472,no,74.00,0.0000,74,2025-04-27T06:29:00+00:00,CDUS41 KOKX 270629,first final report with data,no,no,True,True,False,
2025-04-26,KXHIGHNY-25APR26,KXHIGHNY-25APR26-B73.5,between,73,74,nws_climatological_report_daily,6dc5d0e9a1ef3194,yes,74.00,1.0000,74,2025-04-27T06:29:00+00:00,CDUS41 KOKX 270629,first final report with data,yes,yes,True,True,False,
2025-04-26,KXHIGHNY-25APR26,KXHIGHNY-25APR26-B75.5,between,75,76,nws_climatological_report_daily,4dcf38d4b200cf57,no,74.00,0.0000,74,2025-04-27T06:29:00+00:00,CDUS41 KOKX 270629,first final report with data,no,no,True,True,False,
2025-04-26,KXHIGHNY-25APR26,KXHIGHNY-25APR26-T69,less,,69,nws_climatological_report_daily,83f4ff6923d52c06,no,74.00,0.0000,74,2025-04-27T06:29:00+00:00,CDUS41 KOKX 270629,first final report with data,no,no,True,True,False,
2025-04-26,KXHIGHNY-25APR26,KXHIGHNY-25APR26-T76,greater,76,,nws_climatological_report_daily,2d3da88164d5f587,no,74.00,0.0000,74,2025-04-27T06:29:00+00:00,CDUS41 KOKX 270629,first final report with data,no,no,True,True,False,
2025-04-27,KXHIGHNY-25APR27,KXHIGHNY-25APR27-B56.5,between,56,57,nws_climatological_report_daily,173509d37d3b7cc5,no,59.00,0.0000,59,2025-04-28T06:16:00+00:00,CDUS41 KOKX 280616,first final report with data,no,no,True,True,False,
2025-04-27,KXHIGHNY-25APR27,KXHIGHNY-25APR27-B58.5,between,58,59,nws_climatological_report_daily,14baf7d855ad7688,yes,59.00,1.0000,59,2025-04-28T06:16:00+00:00,CDUS41 KOKX 280616,first final report with data,yes,yes,True,True,False,
2025-04-27,KXHIGHNY-25APR27,KXHIGHNY-25APR27-B60.5,between,60,61,nws_climatological_report_daily,713f92625895ed7c,no,59.00,0.0000,59,2025-04-28T06:16:00+00:00,CDUS41 KOKX 280616,first final report with data,no,no,True,True,False,
2025-04-27,KXHIGHNY-25APR27,KXHIGHNY-25APR27-B62.5,between,62,63,nws_climatological_report_daily,e3c9b039a7f9314f,no,59.00,0.0000,59,2025-04-28T06:16:00+00:00,CDUS41 KOKX 280616,first final report with data,no,no,True,True,False,
2025-04-27,KXHIGHNY-25APR27,KXHIGHNY-25APR27-T56,less,,56,nws_climatological_report_daily,56f7215ed2bcf904,no,59.00,0.0000,59,2025-04-28T06:16:00+00:00,CDUS41 KOKX 280616,first final report with data,no,no,True,True,False,
2025-04-27,KXHIGHNY-25APR27,KXHIGHNY-25APR27-T63,greater,63,,nws_climatological_report_daily,dceb7db4d8eeb9d9,no,59.00,0.0000,59,2025-04-28T06:16:00+00:00,CDUS41 KOKX 280616,first final report with data,no,no,True,True,False,
2025-04-28,KXHIGHNY-25APR28,KXHIGHNY-25APR28-B72.5,between,72,73,nws_climatological_report_daily,d7a32d53d75c87a4,no,76.00,0.0000,76,2025-04-29T06:18:00+00:00,CDUS41 KOKX 290618,first final report with data,no,no,True,True,False,
2025-04-28,KXHIGHNY-25APR28,KXHIGHNY-25APR28-B74.5,between,74,75,nws_climatological_report_daily,c8fee70a9d37dce0,no,76.00,0.0000,76,2025-04-29T06:18:00+00:00,CDUS41 KOKX 290618,first final report with data,no,no,True,True,False,
2025-04-28,KXHIGHNY-25APR28,KXHIGHNY-25APR28-B76.5,between,76,77,nws_climatological_report_daily,25758d03adbe79bf,yes,76.00,1.0000,76,2025-04-29T06:18:00+00:00,CDUS41 KOKX 290618,first final report with data,yes,yes,True,True,False,
2025-04-28,KXHIGHNY-25APR28,KXHIGHNY-25APR28-B78.5,between,78,79,nws_climatological_report_daily,4b28876805fcaca1,no,76.00,0.0000,76,2025-04-29T06:18:00+00:00,CDUS41 KOKX 290618,first final report with data,no,no,True,True,False,
2025-04-28,KXHIGHNY-25APR28,KXHIGHNY-25APR28-T72,less,,72,nws_climatological_report_daily,4071b17c100b4fb4,no,76.00,0.0000,76,2025-04-29T06:18:00+00:00,CDUS41 KOKX 290618,first final report with data,no,no,True,True,False,
2025-04-28,KXHIGHNY-25APR28,KXHIGHNY-25APR28-T79,greater,79,,nws_climatological_report_daily,1d4d1a7385944469,no,76.00,0.0000,76,2025-04-29T06:18:00+00:00,CDUS41 KOKX 290618,first final report with data,no,no,True,True,False,
2025-04-29,KXHIGHNY-25APR29,KXHIGHNY-25APR29-B78.5,between,78,79,nws_climatological_report_daily,a6805b5c30ccbba5,yes,79.00,1.0000,79,2025-04-30T06:17:00+00:00,CDUS41 KOKX 300617,first final report with data,yes,yes,True,True,False,
2025-04-29,KXHIGHNY-25APR29,KXHIGHNY-25APR29-B80.5,between,80,81,nws_climatological_report_daily,67de38193b93676c,no,79.00,0.0000,79,2025-04-30T06:17:00+00:00,CDUS41 KOKX 300617,first final report with data,no,no,True,True,False,
2025-04-29,KXHIGHNY-25APR29,KXHIGHNY-25APR29-B82.5,between,82,83,nws_climatological_report_daily,f80714d1e9b64270,no,79.00,0.0000,79,2025-04-30T06:17:00+00:00,CDUS41 KOKX 300617,first final report with data,no,no,True,True,False,
2025-04-29,KXHIGHNY-25APR29,KXHIGHNY-25APR29-B84.5,between,84,85,nws_climatological_report_daily,6733bc86df95cb7c,no,79.00,0.0000,79,2025-04-30T06:17:00+00:00,CDUS41 KOKX 300617,first final report with data,no,no,True,True,False,
2025-04-29,KXHIGHNY-25APR29,KXHIGHNY-25APR29-T78,less,,78,nws_climatological_report_daily,83d09c56c094e704,no,79.00,0.0000,79,2025-04-30T06:17:00+00:00,CDUS41 KOKX 300617,first final report with data,no,no,True,True,False,
2025-04-29,KXHIGHNY-25APR29,KXHIGHNY-25APR29-T85,greater,85,,nws_climatological_report_daily,2e250089b0261332,no,79.00,0.0000,79,2025-04-30T06:17:00+00:00,CDUS41 KOKX 300617,first final report with data,no,no,True,True,False,
2025-04-30,KXHIGHNY-25APR30,KXHIGHNY-25APR30-B73.5,between,73,74,nws_climatological_report_daily,995273753a993a4b,yes,73.00,1.0000,73,2025-05-01T06:47:00+00:00,CDUS41 KOKX 010647,first final report with data,yes,yes,True,True,False,
2025-04-30,KXHIGHNY-25APR30,KXHIGHNY-25APR30-B75.5,between,75,76,nws_climatological_report_daily,9ab36ff08a38c17d,no,73.00,0.0000,73,2025-05-01T06:47:00+00:00,CDUS41 KOKX 010647,first final report with data,no,no,True,True,False,
2025-04-30,KXHIGHNY-25APR30,KXHIGHNY-25APR30-B77.5,between,77,78,nws_climatological_report_daily,e7093abc82dce875,no,73.00,0.0000,73,2025-05-01T06:47:00+00:00,CDUS41 KOKX 010647,first final report with data,no,no,True,True,False,
2025-04-30,KXHIGHNY-25APR30,KXHIGHNY-25APR30-B79.5,between,79,80,nws_climatological_report_daily,6f26216ffa8fa5ea,no,73.00,0.0000,73,2025-05-01T06:47:00+00:00,CDUS41 KOKX 010647,first final report with data,no,no,True,True,False,
2025-04-30,KXHIGHNY-25APR30,KXHIGHNY-25APR30-T73,less,,73,nws_climatological_report_daily,4ded1e73da88c639,no,73.00,0.0000,73,2025-05-01T06:47:00+00:00,CDUS41 KOKX 010647,first final report with data,no,no,True,True,False,
2025-04-30,KXHIGHNY-25APR30,KXHIGHNY-25APR30-T80,greater,80,,nws_climatological_report_daily,ffed5f15e9cfe04f,no,73.00,0.0000,73,2025-05-01T06:47:00+00:00,CDUS41 KOKX 010647,first final report with data,no,no,True,True,False,
2025-05-01,KXHIGHNY-25MAY01,KXHIGHNY-25MAY01-B66.5,between,66,67,nws_climatological_report_daily,d5bfae15fc9db349,no,71.00,0.0000,71,2025-05-02T06:37:00+00:00,CDUS41 KOKX 020637,first final report with data,no,no,True,True,False,
2025-05-01,KXHIGHNY-25MAY01,KXHIGHNY-25MAY01-B68.5,between,68,69,nws_climatological_report_daily,e0cec999f50eceae,no,71.00,0.0000,71,2025-05-02T06:37:00+00:00,CDUS41 KOKX 020637,first final report with data,no,no,True,True,False,
2025-05-01,KXHIGHNY-25MAY01,KXHIGHNY-25MAY01-B70.5,between,70,71,nws_climatological_report_daily,ee2f2c21327938ad,yes,71.00,1.0000,71,2025-05-02T06:37:00+00:00,CDUS41 KOKX 020637,first final report with data,yes,yes,True,True,False,
2025-05-01,KXHIGHNY-25MAY01,KXHIGHNY-25MAY01-B72.5,between,72,73,nws_climatological_report_daily,2026e510e7f78473,no,71.00,0.0000,71,2025-05-02T06:37:00+00:00,CDUS41 KOKX 020637,first final report with data,no,no,True,True,False,
2025-05-01,KXHIGHNY-25MAY01,KXHIGHNY-25MAY01-T66,less,,66,nws_climatological_report_daily,0964950bdaa1b789,no,71.00,0.0000,71,2025-05-02T06:37:00+00:00,CDUS41 KOKX 020637,first final report with data,no,no,True,True,False,
2025-05-01,KXHIGHNY-25MAY01,KXHIGHNY-25MAY01-T73,greater,73,,nws_climatological_report_daily,786e9900d5cc39c6,no,71.00,0.0000,71,2025-05-02T06:37:00+00:00,CDUS41 KOKX 020637,first final report with data,no,no,True,True,False,
2025-05-02,KXHIGHNY-25MAY02,KXHIGHNY-25MAY02-B77.5,between,77,78,nws_climatological_report_daily,f4871b4827ae726a,no,84.00,0.0000,84,2025-05-03T06:33:00+00:00,CDUS41 KOKX 030633,first final report with data,no,no,True,True,False,
2025-05-02,KXHIGHNY-25MAY02,KXHIGHNY-25MAY02-B79.5,between,79,80,nws_climatological_report_daily,84052d5f9000a85a,no,84.00,0.0000,84,2025-05-03T06:33:00+00:00,CDUS41 KOKX 030633,first final report with data,no,no,True,True,False,
2025-05-02,KXHIGHNY-25MAY02,KXHIGHNY-25MAY02-B81.5,between,81,82,nws_climatological_report_daily,d3101da8eab986db,no,84.00,0.0000,84,2025-05-03T06:33:00+00:00,CDUS41 KOKX 030633,first final report with data,no,no,True,True,False,
2025-05-02,KXHIGHNY-25MAY02,KXHIGHNY-25MAY02-B83.5,between,83,84,nws_climatological_report_daily,c69b11e5dcc9572c,yes,84.00,1.0000,84,2025-05-03T06:33:00+00:00,CDUS41 KOKX 030633,first final report with data,yes,yes,True,True,False,
2025-05-02,KXHIGHNY-25MAY02,KXHIGHNY-25MAY02-T77,less,,77,nws_climatological_report_daily,405801cd5b4d2f1a,no,84.00,0.0000,84,2025-05-03T06:33:00+00:00,CDUS41 KOKX 030633,first final report with data,no,no,True,True,False,
2025-05-02,KXHIGHNY-25MAY02,KXHIGHNY-25MAY02-T84,greater,84,,nws_climatological_report_daily,2d7045397ac69135,no,84.00,0.0000,84,2025-05-03T06:33:00+00:00,CDUS41 KOKX 030633,first final report with data,no,no,True,True,False,
2025-05-03,KXHIGHNY-25MAY03,KXHIGHNY-25MAY03-B78.5,between,78,79,nws_climatological_report_daily,87ec92e140b7eff5,no,85.00,0.0000,85,2025-05-04T06:22:00+00:00,CDUS41 KOKX 040622,first final report with data,no,no,True,True,False,
2025-05-03,KXHIGHNY-25MAY03,KXHIGHNY-25MAY03-B80.5,between,80,81,nws_climatological_report_daily,c48055ddc1dc14f4,no,85.00,0.0000,85,2025-05-04T06:22:00+00:00,CDUS41 KOKX 040622,first final report with data,no,no,True,True,False,
2025-05-03,KXHIGHNY-25MAY03,KXHIGHNY-25MAY03-B82.5,between,82,83,nws_climatological_report_daily,0b9474c50f0b2dcc,no,85.00,0.0000,85,2025-05-04T06:22:00+00:00,CDUS41 KOKX 040622,first final report with data,no,no,True,True,False,
2025-05-03,KXHIGHNY-25MAY03,KXHIGHNY-25MAY03-B84.5,between,84,85,nws_climatological_report_daily,de8c2d92d637d436,yes,85.00,1.0000,85,2025-05-04T06:22:00+00:00,CDUS41 KOKX 040622,first final report with data,yes,yes,True,True,False,
2025-05-03,KXHIGHNY-25MAY03,KXHIGHNY-25MAY03-T78,less,,78,nws_climatological_report_daily,22926416491beabd,no,85.00,0.0000,85,2025-05-04T06:22:00+00:00,CDUS41 KOKX 040622,first final report with data,no,no,True,True,False,
2025-05-03,KXHIGHNY-25MAY03,KXHIGHNY-25MAY03-T85,greater,85,,nws_climatological_report_daily,ea3ba50f99e6552d,no,85.00,0.0000,85,2025-05-04T06:22:00+00:00,CDUS41 KOKX 040622,first final report with data,no,no,True,True,False,
2025-05-04,KXHIGHNY-25MAY04,KXHIGHNY-25MAY04-B70.5,between,70,71,nws_climatological_report_daily,3cac7313d17c7570,no,69.00,0.0000,69,2025-05-05T06:17:00+00:00,CDUS41 KOKX 050617,first final report with data,no,no,True,True,False,
2025-05-04,KXHIGHNY-25MAY04,KXHIGHNY-25MAY04-B72.5,between,72,73,nws_climatological_report_daily,4ce10ea2ca63b261,no,69.00,0.0000,69,2025-05-05T06:17:00+00:00,CDUS41 KOKX 050617,first final report with data,no,no,True,True,False,
2025-05-04,KXHIGHNY-25MAY04,KXHIGHNY-25MAY04-B74.5,between,74,75,nws_climatological_report_daily,f6b22f6996ad3fad,no,69.00,0.0000,69,2025-05-05T06:17:00+00:00,CDUS41 KOKX 050617,first final report with data,no,no,True,True,False,
2025-05-04,KXHIGHNY-25MAY04,KXHIGHNY-25MAY04-B76.5,between,76,77,nws_climatological_report_daily,37838a82a4ec42e1,no,69.00,0.0000,69,2025-05-05T06:17:00+00:00,CDUS41 KOKX 050617,first final report with data,no,no,True,True,False,
2025-05-04,KXHIGHNY-25MAY04,KXHIGHNY-25MAY04-T70,less,,70,nws_climatological_report_daily,86a76d07526208ac,yes,69.00,1.0000,69,2025-05-05T06:17:00+00:00,CDUS41 KOKX 050617,first final report with data,yes,yes,True,True,False,
2025-05-04,KXHIGHNY-25MAY04,KXHIGHNY-25MAY04-T77,greater,77,,nws_climatological_report_daily,f801f86a7cb692ad,no,69.00,0.0000,69,2025-05-05T06:17:00+00:00,CDUS41 KOKX 050617,first final report with data,no,no,True,True,False,
2025-05-05,KXHIGHNY-25MAY05,KXHIGHNY-25MAY05-B60.5,between,60,61,nws_climatological_report_daily,7916fb8f65269225,yes,61.00,1.0000,61,2025-05-06T06:17:00+00:00,CDUS41 KOKX 060617,first final report with data,yes,yes,True,True,False,
2025-05-05,KXHIGHNY-25MAY05,KXHIGHNY-25MAY05-B62.5,between,62,63,nws_climatological_report_daily,3460d2587f944971,no,61.00,0.0000,61,2025-05-06T06:17:00+00:00,CDUS41 KOKX 060617,first final report with data,no,no,True,True,False,
2025-05-05,KXHIGHNY-25MAY05,KXHIGHNY-25MAY05-B64.5,between,64,65,nws_climatological_report_daily,5c2ecea5502e88e7,no,61.00,0.0000,61,2025-05-06T06:17:00+00:00,CDUS41 KOKX 060617,first final report with data,no,no,True,True,False,
2025-05-05,KXHIGHNY-25MAY05,KXHIGHNY-25MAY05-B66.5,between,66,67,nws_climatological_report_daily,d9b57c83769c0d7c,no,61.00,0.0000,61,2025-05-06T06:17:00+00:00,CDUS41 KOKX 060617,first final report with data,no,no,True,True,False,
2025-05-05,KXHIGHNY-25MAY05,KXHIGHNY-25MAY05-T60,less,,60,nws_climatological_report_daily,e59d78e9ea7cfa95,no,61.00,0.0000,61,2025-05-06T06:17:00+00:00,CDUS41 KOKX 060617,first final report with data,no,no,True,True,False,
2025-05-05,KXHIGHNY-25MAY05,KXHIGHNY-25MAY05-T67,greater,67,,nws_climatological_report_daily,fd3b7d924d7cc758,no,61.00,0.0000,61,2025-05-06T06:17:00+00:00,CDUS41 KOKX 060617,first final report with data,no,no,True,True,False,
2025-05-06,KXHIGHNY-25MAY06,KXHIGHNY-25MAY06-B64.5,between,64,65,nws_climatological_report_daily,ba4dbec2193f246f,yes,64.00,1.0000,64,2025-05-07T06:18:00+00:00,CDUS41 KOKX 070618,first final report with data,yes,yes,True,True,False,
2025-05-06,KXHIGHNY-25MAY06,KXHIGHNY-25MAY06-B66.5,between,66,67,nws_climatological_report_daily,c5932d80a4c8868d,no,64.00,0.0000,64,2025-05-07T06:18:00+00:00,CDUS41 KOKX 070618,first final report with data,no,no,True,True,False,
2025-05-06,KXHIGHNY-25MAY06,KXHIGHNY-25MAY06-B68.5,between,68,69,nws_climatological_report_daily,e138890d5493e842,no,64.00,0.0000,64,2025-05-07T06:18:00+00:00,CDUS41 KOKX 070618,first final report with data,no,no,True,True,False,
2025-05-06,KXHIGHNY-25MAY06,KXHIGHNY-25MAY06-B70.5,between,70,71,nws_climatological_report_daily,63c385cbc72d4236,no,64.00,0.0000,64,2025-05-07T06:18:00+00:00,CDUS41 KOKX 070618,first final report with data,no,no,True,True,False,
2025-05-06,KXHIGHNY-25MAY06,KXHIGHNY-25MAY06-T64,less,,64,nws_climatological_report_daily,4a77aeb51ce4fe53,no,64.00,0.0000,64,2025-05-07T06:18:00+00:00,CDUS41 KOKX 070618,first final report with data,no,no,True,True,False,
2025-05-06,KXHIGHNY-25MAY06,KXHIGHNY-25MAY06-T71,greater,71,,nws_climatological_report_daily,3695c59f42fe9172,no,64.00,0.0000,64,2025-05-07T06:18:00+00:00,CDUS41 KOKX 070618,first final report with data,no,no,True,True,False,
2025-05-07,KXHIGHNY-25MAY07,KXHIGHNY-25MAY07-B68.5,between,68,69,nws_climatological_report_daily,86b4b43672a8bd07,no,74.00,0.0000,74,2025-05-08T06:17:00+00:00,CDUS41 KOKX 080617,first final report with data,no,no,True,True,False,
2025-05-07,KXHIGHNY-25MAY07,KXHIGHNY-25MAY07-B70.5,between,70,71,nws_climatological_report_daily,dc2fc9a126e446a5,no,74.00,0.0000,74,2025-05-08T06:17:00+00:00,CDUS41 KOKX 080617,first final report with data,no,no,True,True,False,
2025-05-07,KXHIGHNY-25MAY07,KXHIGHNY-25MAY07-B72.5,between,72,73,nws_climatological_report_daily,586dfceb0c2d33c4,no,74.00,0.0000,74,2025-05-08T06:17:00+00:00,CDUS41 KOKX 080617,first final report with data,no,no,True,True,False,
2025-05-07,KXHIGHNY-25MAY07,KXHIGHNY-25MAY07-B74.5,between,74,75,nws_climatological_report_daily,781687e2ab04ed22,yes,74.00,1.0000,74,2025-05-08T06:17:00+00:00,CDUS41 KOKX 080617,first final report with data,yes,yes,True,True,False,
2025-05-07,KXHIGHNY-25MAY07,KXHIGHNY-25MAY07-T68,less,,68,nws_climatological_report_daily,85b9690208f02fbd,no,74.00,0.0000,74,2025-05-08T06:17:00+00:00,CDUS41 KOKX 080617,first final report with data,no,no,True,True,False,
2025-05-07,KXHIGHNY-25MAY07,KXHIGHNY-25MAY07-T75,greater,75,,nws_climatological_report_daily,862ab7fbc7c9c50d,no,74.00,0.0000,74,2025-05-08T06:17:00+00:00,CDUS41 KOKX 080617,first final report with data,no,no,True,True,False,
2025-05-08,KXHIGHNY-25MAY08,KXHIGHNY-25MAY08-B71.5,between,71,72,nws_climatological_report_daily,83bf78d82ac9b445,no,78.00,0.0000,78,2025-05-09T06:19:00+00:00,CDUS41 KOKX 090619,first final report with data,no,no,True,True,False,
2025-05-08,KXHIGHNY-25MAY08,KXHIGHNY-25MAY08-B73.5,between,73,74,nws_climatological_report_daily,d204c55b3ea64def,no,78.00,0.0000,78,2025-05-09T06:19:00+00:00,CDUS41 KOKX 090619,first final report with data,no,no,True,True,False,
2025-05-08,KXHIGHNY-25MAY08,KXHIGHNY-25MAY08-B75.5,between,75,76,nws_climatological_report_daily,259db4a0e6260d22,no,78.00,0.0000,78,2025-05-09T06:19:00+00:00,CDUS41 KOKX 090619,first final report with data,no,no,True,True,False,
2025-05-08,KXHIGHNY-25MAY08,KXHIGHNY-25MAY08-B77.5,between,77,78,nws_climatological_report_daily,2603c165119add54,yes,78.00,1.0000,78,2025-05-09T06:19:00+00:00,CDUS41 KOKX 090619,first final report with data,yes,yes,True,True,False,
2025-05-08,KXHIGHNY-25MAY08,KXHIGHNY-25MAY08-T71,less,,71,nws_climatological_report_daily,0e3daa724d65e038,no,78.00,0.0000,78,2025-05-09T06:19:00+00:00,CDUS41 KOKX 090619,first final report with data,no,no,True,True,False,
2025-05-08,KXHIGHNY-25MAY08,KXHIGHNY-25MAY08-T78,greater,78,,nws_climatological_report_daily,97f1759a5a69868f,no,78.00,0.0000,78,2025-05-09T06:19:00+00:00,CDUS41 KOKX 090619,first final report with data,no,no,True,True,False,
2025-05-09,KXHIGHNY-25MAY09,KXHIGHNY-25MAY09-B60.5,between,60,61,nws_climatological_report_daily,a67c925e1f21dd6e,yes,60.00,1.0000,60,2025-05-10T06:18:00+00:00,CDUS41 KOKX 100618,first final report with data,yes,yes,True,True,False,
2025-05-09,KXHIGHNY-25MAY09,KXHIGHNY-25MAY09-B62.5,between,62,63,nws_climatological_report_daily,26ebb5682b2a3dcc,no,60.00,0.0000,60,2025-05-10T06:18:00+00:00,CDUS41 KOKX 100618,first final report with data,no,no,True,True,False,
2025-05-09,KXHIGHNY-25MAY09,KXHIGHNY-25MAY09-B64.5,between,64,65,nws_climatological_report_daily,83c8d97dd0177259,no,60.00,0.0000,60,2025-05-10T06:18:00+00:00,CDUS41 KOKX 100618,first final report with data,no,no,True,True,False,
2025-05-09,KXHIGHNY-25MAY09,KXHIGHNY-25MAY09-B66.5,between,66,67,nws_climatological_report_daily,e301b86b2770d57d,no,60.00,0.0000,60,2025-05-10T06:18:00+00:00,CDUS41 KOKX 100618,first final report with data,no,no,True,True,False,
2025-05-09,KXHIGHNY-25MAY09,KXHIGHNY-25MAY09-T60,less,,60,nws_climatological_report_daily,fb2203b9c56d2f8d,no,60.00,0.0000,60,2025-05-10T06:18:00+00:00,CDUS41 KOKX 100618,first final report with data,no,no,True,True,False,
2025-05-09,KXHIGHNY-25MAY09,KXHIGHNY-25MAY09-T67,greater,67,,nws_climatological_report_daily,c9154b3836adcde4,no,60.00,0.0000,60,2025-05-10T06:18:00+00:00,CDUS41 KOKX 100618,first final report with data,no,no,True,True,False,
2025-05-10,KXHIGHNY-25MAY10,KXHIGHNY-25MAY10-B68.5,between,68,69,nws_climatological_report_daily,f1dcceaeb075851f,no,72.00,0.0000,72,2025-05-11T06:19:00+00:00,CDUS41 KOKX 110619,first final report with data,no,no,True,True,False,
2025-05-10,KXHIGHNY-25MAY10,KXHIGHNY-25MAY10-B70.5,between,70,71,nws_climatological_report_daily,7bdac7cde65fb405,no,72.00,0.0000,72,2025-05-11T06:19:00+00:00,CDUS41 KOKX 110619,first final report with data,no,no,True,True,False,
2025-05-10,KXHIGHNY-25MAY10,KXHIGHNY-25MAY10-B72.5,between,72,73,nws_climatological_report_daily,b4db63af927a1da7,yes,72.00,1.0000,72,2025-05-11T06:19:00+00:00,CDUS41 KOKX 110619,first final report with data,yes,yes,True,True,False,
2025-05-10,KXHIGHNY-25MAY10,KXHIGHNY-25MAY10-B74.5,between,74,75,nws_climatological_report_daily,d05b0663786a3d17,no,72.00,0.0000,72,2025-05-11T06:19:00+00:00,CDUS41 KOKX 110619,first final report with data,no,no,True,True,False,
2025-05-10,KXHIGHNY-25MAY10,KXHIGHNY-25MAY10-T68,less,,68,nws_climatological_report_daily,4f9971feae425b52,no,72.00,0.0000,72,2025-05-11T06:19:00+00:00,CDUS41 KOKX 110619,first final report with data,no,no,True,True,False,
2025-05-10,KXHIGHNY-25MAY10,KXHIGHNY-25MAY10-T75,greater,75,,nws_climatological_report_daily,1a25070e6a57c9c6,no,72.00,0.0000,72,2025-05-11T06:19:00+00:00,CDUS41 KOKX 110619,first final report with data,no,no,True,True,False,
2025-05-11,KXHIGHNY-25MAY11,KXHIGHNY-25MAY11-B71.5,between,71,72,nws_climatological_report_daily,6e85ff6f4a649611,no,77.00,0.0000,77,2025-05-12T06:29:00+00:00,CDUS41 KOKX 120629,first final report with data,no,no,True,True,False,
2025-05-11,KXHIGHNY-25MAY11,KXHIGHNY-25MAY11-B73.5,between,73,74,nws_climatological_report_daily,9bbc76161ab24d50,no,77.00,0.0000,77,2025-05-12T06:29:00+00:00,CDUS41 KOKX 120629,first final report with data,no,no,True,True,False,
2025-05-11,KXHIGHNY-25MAY11,KXHIGHNY-25MAY11-B75.5,between,75,76,nws_climatological_report_daily,1d597b6f037d4245,no,77.00,0.0000,77,2025-05-12T06:29:00+00:00,CDUS41 KOKX 120629,first final report with data,no,no,True,True,False,
2025-05-11,KXHIGHNY-25MAY11,KXHIGHNY-25MAY11-B77.5,between,77,78,nws_climatological_report_daily,ba3a58790140ec91,yes,77.00,1.0000,77,2025-05-12T06:29:00+00:00,CDUS41 KOKX 120629,first final report with data,yes,yes,True,True,False,
2025-05-11,KXHIGHNY-25MAY11,KXHIGHNY-25MAY11-T71,less,,71,nws_climatological_report_daily,a8efdd5564fc1518,no,77.00,0.0000,77,2025-05-12T06:29:00+00:00,CDUS41 KOKX 120629,first final report with data,no,no,True,True,False,
2025-05-11,KXHIGHNY-25MAY11,KXHIGHNY-25MAY11-T78,greater,78,,nws_climatological_report_daily,a37c3f82ee45f0f1,no,77.00,0.0000,77,2025-05-12T06:29:00+00:00,CDUS41 KOKX 120629,first final report with data,no,no,True,True,False,
2025-05-12,KXHIGHNY-25MAY12,KXHIGHNY-25MAY12-B70.5,between,70,71,nws_climatological_report_daily,67bb70f8474929c5,no,72.00,0.0000,72,2025-05-13T06:19:00+00:00,CDUS41 KOKX 130619,first final report with data,no,no,True,True,False,
2025-05-12,KXHIGHNY-25MAY12,KXHIGHNY-25MAY12-B72.5,between,72,73,nws_climatological_report_daily,0e09fd536d96baf6,yes,72.00,1.0000,72,2025-05-13T06:19:00+00:00,CDUS41 KOKX 130619,first final report with data,yes,yes,True,True,False,
2025-05-12,KXHIGHNY-25MAY12,KXHIGHNY-25MAY12-B74.5,between,74,75,nws_climatological_report_daily,206b35fe1cd1fa04,no,72.00,0.0000,72,2025-05-13T06:19:00+00:00,CDUS41 KOKX 130619,first final report with data,no,no,True,True,False,
2025-05-12,KXHIGHNY-25MAY12,KXHIGHNY-25MAY12-B76.5,between,76,77,nws_climatological_report_daily,bcbb37b24aea6c21,no,72.00,0.0000,72,2025-05-13T06:19:00+00:00,CDUS41 KOKX 130619,first final report with data,no,no,True,True,False,
2025-05-12,KXHIGHNY-25MAY12,KXHIGHNY-25MAY12-T70,less,,70,nws_climatological_report_daily,905120fe4d324fea,no,72.00,0.0000,72,2025-05-13T06:19:00+00:00,CDUS41 KOKX 130619,first final report with data,no,no,True,True,False,
2025-05-12,KXHIGHNY-25MAY12,KXHIGHNY-25MAY12-T77,greater,77,,nws_climatological_report_daily,f9e4dd37dc3eae9f,no,72.00,0.0000,72,2025-05-13T06:19:00+00:00,CDUS41 KOKX 130619,first final report with data,no,no,True,True,False,
2025-05-13,KXHIGHNY-25MAY13,KXHIGHNY-25MAY13-B70.5,between,70,71,nws_climatological_report_daily,bd92fd2b2d29553b,no,69.00,0.0000,69,2025-05-14T06:18:00+00:00,CDUS41 KOKX 140618,first final report with data,no,no,True,True,False,
2025-05-13,KXHIGHNY-25MAY13,KXHIGHNY-25MAY13-B72.5,between,72,73,nws_climatological_report_daily,46683823d86436ea,no,69.00,0.0000,69,2025-05-14T06:18:00+00:00,CDUS41 KOKX 140618,first final report with data,no,no,True,True,False,
2025-05-13,KXHIGHNY-25MAY13,KXHIGHNY-25MAY13-B74.5,between,74,75,nws_climatological_report_daily,79b528144f6287c5,no,69.00,0.0000,69,2025-05-14T06:18:00+00:00,CDUS41 KOKX 140618,first final report with data,no,no,True,True,False,
2025-05-13,KXHIGHNY-25MAY13,KXHIGHNY-25MAY13-B76.5,between,76,77,nws_climatological_report_daily,a539369dde5fe77b,no,69.00,0.0000,69,2025-05-14T06:18:00+00:00,CDUS41 KOKX 140618,first final report with data,no,no,True,True,False,
2025-05-13,KXHIGHNY-25MAY13,KXHIGHNY-25MAY13-T70,less,,70,nws_climatological_report_daily,9831e28b077f17c7,yes,69.00,1.0000,69,2025-05-14T06:18:00+00:00,CDUS41 KOKX 140618,first final report with data,yes,yes,True,True,False,
2025-05-13,KXHIGHNY-25MAY13,KXHIGHNY-25MAY13-T77,greater,77,,nws_climatological_report_daily,e036c874fc372592,no,69.00,0.0000,69,2025-05-14T06:18:00+00:00,CDUS41 KOKX 140618,first final report with data,no,no,True,True,False,
2025-05-14,KXHIGHNY-25MAY14,KXHIGHNY-25MAY14-B63.5,between,63,64,nws_climatological_report_daily,766622d67b6eb989,no,62.00,0.0000,62,2025-05-15T06:33:00+00:00,CDUS41 KOKX 150633,first final report with data,no,no,True,True,False,
2025-05-14,KXHIGHNY-25MAY14,KXHIGHNY-25MAY14-B65.5,between,65,66,nws_climatological_report_daily,4a15853350100f93,no,62.00,0.0000,62,2025-05-15T06:33:00+00:00,CDUS41 KOKX 150633,first final report with data,no,no,True,True,False,
2025-05-14,KXHIGHNY-25MAY14,KXHIGHNY-25MAY14-B67.5,between,67,68,nws_climatological_report_daily,5eb6dfc40feafdcf,no,62.00,0.0000,62,2025-05-15T06:33:00+00:00,CDUS41 KOKX 150633,first final report with data,no,no,True,True,False,
2025-05-14,KXHIGHNY-25MAY14,KXHIGHNY-25MAY14-B69.5,between,69,70,nws_climatological_report_daily,6b9f35d9a2e414da,no,62.00,0.0000,62,2025-05-15T06:33:00+00:00,CDUS41 KOKX 150633,first final report with data,no,no,True,True,False,
2025-05-14,KXHIGHNY-25MAY14,KXHIGHNY-25MAY14-T63,less,,63,nws_climatological_report_daily,8756e0f63c636216,yes,62.00,1.0000,62,2025-05-15T06:33:00+00:00,CDUS41 KOKX 150633,first final report with data,yes,yes,True,True,False,
2025-05-14,KXHIGHNY-25MAY14,KXHIGHNY-25MAY14-T70,greater,70,,nws_climatological_report_daily,92475bffdf85b57b,no,62.00,0.0000,62,2025-05-15T06:33:00+00:00,CDUS41 KOKX 150633,first final report with data,no,no,True,True,False,
2025-05-15,KXHIGHNY-25MAY15,KXHIGHNY-25MAY15-B69.5,between,69,70,nws_climatological_report_daily,5c1a50bb8dc49410,yes,69.00,1.0000,69,2025-05-16T06:31:00+00:00,CDUS41 KOKX 160631,first final report with data,yes,yes,True,True,False,
2025-05-15,KXHIGHNY-25MAY15,KXHIGHNY-25MAY15-B71.5,between,71,72,nws_climatological_report_daily,78278ab95b2d6a48,no,69.00,0.0000,69,2025-05-16T06:31:00+00:00,CDUS41 KOKX 160631,first final report with data,no,no,True,True,False,
2025-05-15,KXHIGHNY-25MAY15,KXHIGHNY-25MAY15-B73.5,between,73,74,nws_climatological_report_daily,9eba3ed1d38e632a,no,69.00,0.0000,69,2025-05-16T06:31:00+00:00,CDUS41 KOKX 160631,first final report with data,no,no,True,True,False,
2025-05-15,KXHIGHNY-25MAY15,KXHIGHNY-25MAY15-B75.5,between,75,76,nws_climatological_report_daily,1cf8a1b770c2103d,no,69.00,0.0000,69,2025-05-16T06:31:00+00:00,CDUS41 KOKX 160631,first final report with data,no,no,True,True,False,
2025-05-15,KXHIGHNY-25MAY15,KXHIGHNY-25MAY15-T69,less,,69,nws_climatological_report_daily,bde0d0495b4b1c85,no,69.00,0.0000,69,2025-05-16T06:31:00+00:00,CDUS41 KOKX 160631,first final report with data,no,no,True,True,False,
2025-05-15,KXHIGHNY-25MAY15,KXHIGHNY-25MAY15-T76,greater,76,,nws_climatological_report_daily,d934b9c62c835ace,no,69.00,0.0000,69,2025-05-16T06:31:00+00:00,CDUS41 KOKX 160631,first final report with data,no,no,True,True,False,
2025-05-16,KXHIGHNY-25MAY16,KXHIGHNY-25MAY16-B71.5,between,71,72,nws_climatological_report_daily,7e2609cc7f5a65c0,yes,72.00,1.0000,72,2025-05-17T06:17:00+00:00,CDUS41 KOKX 170617,first final report with data,yes,yes,True,True,False,
2025-05-16,KXHIGHNY-25MAY16,KXHIGHNY-25MAY16-B73.5,between,73,74,nws_climatological_report_daily,d1968461f80830fc,no,72.00,0.0000,72,2025-05-17T06:17:00+00:00,CDUS41 KOKX 170617,first final report with data,no,no,True,True,False,
2025-05-16,KXHIGHNY-25MAY16,KXHIGHNY-25MAY16-B75.5,between,75,76,nws_climatological_report_daily,5709a4227ba6be5d,no,72.00,0.0000,72,2025-05-17T06:17:00+00:00,CDUS41 KOKX 170617,first final report with data,no,no,True,True,False,
2025-05-16,KXHIGHNY-25MAY16,KXHIGHNY-25MAY16-B77.5,between,77,78,nws_climatological_report_daily,04fe126755c3c18a,no,72.00,0.0000,72,2025-05-17T06:17:00+00:00,CDUS41 KOKX 170617,first final report with data,no,no,True,True,False,
2025-05-16,KXHIGHNY-25MAY16,KXHIGHNY-25MAY16-T71,less,,71,nws_climatological_report_daily,d404348b31a897b2,no,72.00,0.0000,72,2025-05-17T06:17:00+00:00,CDUS41 KOKX 170617,first final report with data,no,no,True,True,False,
2025-05-16,KXHIGHNY-25MAY16,KXHIGHNY-25MAY16-T78,greater,78,,nws_climatological_report_daily,eb93d931d6701377,no,72.00,0.0000,72,2025-05-17T06:17:00+00:00,CDUS41 KOKX 170617,first final report with data,no,no,True,True,False,
2025-05-17,KXHIGHNY-25MAY17,KXHIGHNY-25MAY17-B76.5,between,76,77,nws_climatological_report_daily,c1b947ac1d030a1d,no,82.00,0.0000,82,2025-05-18T06:17:00+00:00,CDUS41 KOKX 180617,first final report with data,no,no,True,True,False,
2025-05-17,KXHIGHNY-25MAY17,KXHIGHNY-25MAY17-B78.5,between,78,79,nws_climatological_report_daily,6d960cc475a257d4,no,82.00,0.0000,82,2025-05-18T06:17:00+00:00,CDUS41 KOKX 180617,first final report with data,no,no,True,True,False,
2025-05-17,KXHIGHNY-25MAY17,KXHIGHNY-25MAY17-B80.5,between,80,81,nws_climatological_report_daily,84810d3936cbe78a,no,82.00,0.0000,82,2025-05-18T06:17:00+00:00,CDUS41 KOKX 180617,first final report with data,no,no,True,True,False,
2025-05-17,KXHIGHNY-25MAY17,KXHIGHNY-25MAY17-B82.5,between,82,83,nws_climatological_report_daily,481a68939ddb5561,yes,82.00,1.0000,82,2025-05-18T06:17:00+00:00,CDUS41 KOKX 180617,first final report with data,yes,yes,True,True,False,
2025-05-17,KXHIGHNY-25MAY17,KXHIGHNY-25MAY17-T76,less,,76,nws_climatological_report_daily,ebc13c222d3e4c2a,no,82.00,0.0000,82,2025-05-18T06:17:00+00:00,CDUS41 KOKX 180617,first final report with data,no,no,True,True,False,
2025-05-17,KXHIGHNY-25MAY17,KXHIGHNY-25MAY17-T83,greater,83,,nws_climatological_report_daily,3fb6ec0050e95c14,no,82.00,0.0000,82,2025-05-18T06:17:00+00:00,CDUS41 KOKX 180617,first final report with data,no,no,True,True,False,
2025-05-18,KXHIGHNY-25MAY18,KXHIGHNY-25MAY18-B68.5,between,68,69,nws_climatological_report_daily,c9f5a01c4d43265d,no,73.00,0.0000,73,2025-05-19T06:18:00+00:00,CDUS41 KOKX 190618,first final report with data,no,no,True,True,False,
2025-05-18,KXHIGHNY-25MAY18,KXHIGHNY-25MAY18-B70.5,between,70,71,nws_climatological_report_daily,b4ecf4d07688a675,no,73.00,0.0000,73,2025-05-19T06:18:00+00:00,CDUS41 KOKX 190618,first final report with data,no,no,True,True,False,
2025-05-18,KXHIGHNY-25MAY18,KXHIGHNY-25MAY18-B72.5,between,72,73,nws_climatological_report_daily,239250fd2fe5a4c9,yes,73.00,1.0000,73,2025-05-19T06:18:00+00:00,CDUS41 KOKX 190618,first final report with data,yes,yes,True,True,False,
2025-05-18,KXHIGHNY-25MAY18,KXHIGHNY-25MAY18-B74.5,between,74,75,nws_climatological_report_daily,c960a501d9ed8d09,no,73.00,0.0000,73,2025-05-19T06:18:00+00:00,CDUS41 KOKX 190618,first final report with data,no,no,True,True,False,
2025-05-18,KXHIGHNY-25MAY18,KXHIGHNY-25MAY18-T68,less,,68,nws_climatological_report_daily,9e9807a21cf909b8,no,73.00,0.0000,73,2025-05-19T06:18:00+00:00,CDUS41 KOKX 190618,first final report with data,no,no,True,True,False,
2025-05-18,KXHIGHNY-25MAY18,KXHIGHNY-25MAY18-T75,greater,75,,nws_climatological_report_daily,c3ddd767f7d18338,no,73.00,0.0000,73,2025-05-19T06:18:00+00:00,CDUS41 KOKX 190618,first final report with data,no,no,True,True,False,
2025-05-19,KXHIGHNY-25MAY19,KXHIGHNY-25MAY19-B69.5,between,69,70,nws_climatological_report_daily,1842a5c71a4fb204,yes,69.00,1.0000,69,2025-05-20T06:19:00+00:00,CDUS41 KOKX 200619,first final report with data,yes,yes,True,True,False,
2025-05-19,KXHIGHNY-25MAY19,KXHIGHNY-25MAY19-B71.5,between,71,72,nws_climatological_report_daily,eba252821a225439,no,69.00,0.0000,69,2025-05-20T06:19:00+00:00,CDUS41 KOKX 200619,first final report with data,no,no,True,True,False,
2025-05-19,KXHIGHNY-25MAY19,KXHIGHNY-25MAY19-B73.5,between,73,74,nws_climatological_report_daily,82828c50a92c8dba,no,69.00,0.0000,69,2025-05-20T06:19:00+00:00,CDUS41 KOKX 200619,first final report with data,no,no,True,True,False,
2025-05-19,KXHIGHNY-25MAY19,KXHIGHNY-25MAY19-B75.5,between,75,76,nws_climatological_report_daily,63de5ba3576a7676,no,69.00,0.0000,69,2025-05-20T06:19:00+00:00,CDUS41 KOKX 200619,first final report with data,no,no,True,True,False,
2025-05-19,KXHIGHNY-25MAY19,KXHIGHNY-25MAY19-T69,less,,69,nws_climatological_report_daily,279f2bd82e8b24bb,no,69.00,0.0000,69,2025-05-20T06:19:00+00:00,CDUS41 KOKX 200619,first final report with data,no,no,True,True,False,
2025-05-19,KXHIGHNY-25MAY19,KXHIGHNY-25MAY19-T76,greater,76,,nws_climatological_report_daily,757c88a3cee96eee,no,69.00,0.0000,69,2025-05-20T06:19:00+00:00,CDUS41 KOKX 200619,first final report with data,no,no,True,True,False,
2025-05-20,KXHIGHNY-25MAY20,KXHIGHNY-25MAY20-B66.5,between,66,67,nws_climatological_report_daily,b93432477962acf0,yes,67.00,1.0000,67,2025-05-21T06:17:00+00:00,CDUS41 KOKX 210617,first final report with data,yes,yes,True,True,False,
2025-05-20,KXHIGHNY-25MAY20,KXHIGHNY-25MAY20-B68.5,between,68,69,nws_climatological_report_daily,5821b2b392c6da51,no,67.00,0.0000,67,2025-05-21T06:17:00+00:00,CDUS41 KOKX 210617,first final report with data,no,no,True,True,False,
2025-05-20,KXHIGHNY-25MAY20,KXHIGHNY-25MAY20-B70.5,between,70,71,nws_climatological_report_daily,ecb8a4eb6dff743e,no,67.00,0.0000,67,2025-05-21T06:17:00+00:00,CDUS41 KOKX 210617,first final report with data,no,no,True,True,False,
2025-05-20,KXHIGHNY-25MAY20,KXHIGHNY-25MAY20-B72.5,between,72,73,nws_climatological_report_daily,3b8a6b5fb195e048,no,67.00,0.0000,67,2025-05-21T06:17:00+00:00,CDUS41 KOKX 210617,first final report with data,no,no,True,True,False,
2025-05-20,KXHIGHNY-25MAY20,KXHIGHNY-25MAY20-T66,less,,66,nws_climatological_report_daily,ffaa752f20f6893f,no,67.00,0.0000,67,2025-05-21T06:17:00+00:00,CDUS41 KOKX 210617,first final report with data,no,no,True,True,False,
2025-05-20,KXHIGHNY-25MAY20,KXHIGHNY-25MAY20-T73,greater,73,,nws_climatological_report_daily,114f9a95816e198d,no,67.00,0.0000,67,2025-05-21T06:17:00+00:00,CDUS41 KOKX 210617,first final report with data,no,no,True,True,False,
2025-05-21,KXHIGHNY-25MAY21,KXHIGHNY-25MAY21-B58.5,between,58,59,nws_climatological_report_daily,ef48fe6a47ddac43,yes,59.00,1.0000,59,2025-05-22T06:20:00+00:00,CDUS41 KOKX 220620,first final report with data,yes,yes,True,True,False,
2025-05-21,KXHIGHNY-25MAY21,KXHIGHNY-25MAY21-B60.5,between,60,61,nws_climatological_report_daily,dea8ab5f73cd1af4,no,59.00,0.0000,59,2025-05-22T06:20:00+00:00,CDUS41 KOKX 220620,first final report with data,no,no,True,True,False,
2025-05-21,KXHIGHNY-25MAY21,KXHIGHNY-25MAY21-B62.5,between,62,63,nws_climatological_report_daily,aa8299bb34b8ebc0,no,59.00,0.0000,59,2025-05-22T06:20:00+00:00,CDUS41 KOKX 220620,first final report with data,no,no,True,True,False,
2025-05-21,KXHIGHNY-25MAY21,KXHIGHNY-25MAY21-B64.5,between,64,65,nws_climatological_report_daily,9bb520814cd6452c,no,59.00,0.0000,59,2025-05-22T06:20:00+00:00,CDUS41 KOKX 220620,first final report with data,no,no,True,True,False,
2025-05-21,KXHIGHNY-25MAY21,KXHIGHNY-25MAY21-T58,less,,58,nws_climatological_report_daily,147b78168d2dcd80,no,59.00,0.0000,59,2025-05-22T06:20:00+00:00,CDUS41 KOKX 220620,first final report with data,no,no,True,True,False,
2025-05-21,KXHIGHNY-25MAY21,KXHIGHNY-25MAY21-T65,greater,65,,nws_climatological_report_daily,82b3e0008c771079,no,59.00,0.0000,59,2025-05-22T06:20:00+00:00,CDUS41 KOKX 220620,first final report with data,no,no,True,True,False,
2025-05-22,KXHIGHNY-25MAY22,KXHIGHNY-25MAY22-B51.5,between,51,52,nws_climatological_report_daily,a2b075820c5a1b50,yes,51.00,1.0000,51,2025-05-23T06:29:00+00:00,CDUS41 KOKX 230629,first final report with data,yes,yes,True,True,False,
2025-05-22,KXHIGHNY-25MAY22,KXHIGHNY-25MAY22-B53.5,between,53,54,nws_climatological_report_daily,197c7de0ea0aa413,no,51.00,0.0000,51,2025-05-23T06:29:00+00:00,CDUS41 KOKX 230629,first final report with data,no,no,True,True,False,
2025-05-22,KXHIGHNY-25MAY22,KXHIGHNY-25MAY22-B55.5,between,55,56,nws_climatological_report_daily,ee3c630fae7510ad,no,51.00,0.0000,51,2025-05-23T06:29:00+00:00,CDUS41 KOKX 230629,first final report with data,no,no,True,True,False,
2025-05-22,KXHIGHNY-25MAY22,KXHIGHNY-25MAY22-B57.5,between,57,58,nws_climatological_report_daily,f0f32f77e1727fae,no,51.00,0.0000,51,2025-05-23T06:29:00+00:00,CDUS41 KOKX 230629,first final report with data,no,no,True,True,False,
2025-05-22,KXHIGHNY-25MAY22,KXHIGHNY-25MAY22-T51,less,,51,nws_climatological_report_daily,64570f82f267f416,no,51.00,0.0000,51,2025-05-23T06:29:00+00:00,CDUS41 KOKX 230629,first final report with data,no,no,True,True,False,
2025-05-22,KXHIGHNY-25MAY22,KXHIGHNY-25MAY22-T58,greater,58,,nws_climatological_report_daily,fbc621d90ea70d38,no,51.00,0.0000,51,2025-05-23T06:29:00+00:00,CDUS41 KOKX 230629,first final report with data,no,no,True,True,False,
2025-05-23,KXHIGHNY-25MAY23,KXHIGHNY-25MAY23-B56.5,between,56,57,nws_climatological_report_daily,d0cc51230b2fe794,no,63.00,0.0000,63,2025-05-24T06:25:00+00:00,CDUS41 KOKX 240625,first final report with data,no,no,True,True,False,
2025-05-23,KXHIGHNY-25MAY23,KXHIGHNY-25MAY23-B58.5,between,58,59,nws_climatological_report_daily,c41caf313ae5c204,no,63.00,0.0000,63,2025-05-24T06:25:00+00:00,CDUS41 KOKX 240625,first final report with data,no,no,True,True,False,
2025-05-23,KXHIGHNY-25MAY23,KXHIGHNY-25MAY23-B60.5,between,60,61,nws_climatological_report_daily,c1df18b22fa6e6e9,no,63.00,0.0000,63,2025-05-24T06:25:00+00:00,CDUS41 KOKX 240625,first final report with data,no,no,True,True,False,
2025-05-23,KXHIGHNY-25MAY23,KXHIGHNY-25MAY23-B62.5,between,62,63,nws_climatological_report_daily,925ae68ce829e442,yes,63.00,1.0000,63,2025-05-24T06:25:00+00:00,CDUS41 KOKX 240625,first final report with data,yes,yes,True,True,False,
2025-05-23,KXHIGHNY-25MAY23,KXHIGHNY-25MAY23-T56,less,,56,nws_climatological_report_daily,c677fb404f7897ef,no,63.00,0.0000,63,2025-05-24T06:25:00+00:00,CDUS41 KOKX 240625,first final report with data,no,no,True,True,False,
2025-05-23,KXHIGHNY-25MAY23,KXHIGHNY-25MAY23-T63,greater,63,,nws_climatological_report_daily,c343d7580c18a7af,no,63.00,0.0000,63,2025-05-24T06:25:00+00:00,CDUS41 KOKX 240625,first final report with data,no,no,True,True,False,
2025-05-24,KXHIGHNY-25MAY24,KXHIGHNY-25MAY24-B62.5,between,62,63,nws_climatological_report_daily,7a13d21c7b59659b,no,64.00,0.0000,64,2025-05-25T06:26:00+00:00,CDUS41 KOKX 250626,first final report with data,no,no,True,True,False,
2025-05-24,KXHIGHNY-25MAY24,KXHIGHNY-25MAY24-B64.5,between,64,65,nws_climatological_report_daily,3864127e8df9400e,yes,64.00,1.0000,64,2025-05-25T06:26:00+00:00,CDUS41 KOKX 250626,first final report with data,yes,yes,True,True,False,
2025-05-24,KXHIGHNY-25MAY24,KXHIGHNY-25MAY24-B66.5,between,66,67,nws_climatological_report_daily,580fe00922592106,no,64.00,0.0000,64,2025-05-25T06:26:00+00:00,CDUS41 KOKX 250626,first final report with data,no,no,True,True,False,
2025-05-24,KXHIGHNY-25MAY24,KXHIGHNY-25MAY24-B68.5,between,68,69,nws_climatological_report_daily,f7a7509688e0b5d3,no,64.00,0.0000,64,2025-05-25T06:26:00+00:00,CDUS41 KOKX 250626,first final report with data,no,no,True,True,False,
2025-05-24,KXHIGHNY-25MAY24,KXHIGHNY-25MAY24-T62,less,,62,nws_climatological_report_daily,31d87c7bafbbbbed,no,64.00,0.0000,64,2025-05-25T06:26:00+00:00,CDUS41 KOKX 250626,first final report with data,no,no,True,True,False,
2025-05-24,KXHIGHNY-25MAY24,KXHIGHNY-25MAY24-T69,greater,69,,nws_climatological_report_daily,de763df4b4023499,no,64.00,0.0000,64,2025-05-25T06:26:00+00:00,CDUS41 KOKX 250626,first final report with data,no,no,True,True,False,
2025-05-25,KXHIGHNY-25MAY25,KXHIGHNY-25MAY25-B65.5,between,65,66,nws_climatological_report_daily,032d48961f4a1c84,yes,66.00,1.0000,66,2025-05-26T06:16:00+00:00,CDUS41 KOKX 260616,first final report with data,yes,yes,True,True,False,
2025-05-25,KXHIGHNY-25MAY25,KXHIGHNY-25MAY25-B67.5,between,67,68,nws_climatological_report_daily,58ed5aa85263bcbe,no,66.00,0.0000,66,2025-05-26T06:16:00+00:00,CDUS41 KOKX 260616,first final report with data,no,no,True,True,False,
2025-05-25,KXHIGHNY-25MAY25,KXHIGHNY-25MAY25-B69.5,between,69,70,nws_climatological_report_daily,139e66a611d9e296,no,66.00,0.0000,66,2025-05-26T06:16:00+00:00,CDUS41 KOKX 260616,first final report with data,no,no,True,True,False,
2025-05-25,KXHIGHNY-25MAY25,KXHIGHNY-25MAY25-B71.5,between,71,72,nws_climatological_report_daily,41a256daa6ed4de0,no,66.00,0.0000,66,2025-05-26T06:16:00+00:00,CDUS41 KOKX 260616,first final report with data,no,no,True,True,False,
2025-05-25,KXHIGHNY-25MAY25,KXHIGHNY-25MAY25-T65,less,,65,nws_climatological_report_daily,c727589e5abc3edb,no,66.00,0.0000,66,2025-05-26T06:16:00+00:00,CDUS41 KOKX 260616,first final report with data,no,no,True,True,False,
2025-05-25,KXHIGHNY-25MAY25,KXHIGHNY-25MAY25-T72,greater,72,,nws_climatological_report_daily,c3a76cf1adca1419,no,66.00,0.0000,66,2025-05-26T06:16:00+00:00,CDUS41 KOKX 260616,first final report with data,no,no,True,True,False,
2025-05-26,KXHIGHNY-25MAY26,KXHIGHNY-25MAY26-B68.5,between,68,69,nws_climatological_report_daily,2cd2649c2fd8ec57,no,73.00,0.0000,73,2025-05-27T06:38:00+00:00,CDUS41 KOKX 270638,first final report with data,no,no,True,True,False,
2025-05-26,KXHIGHNY-25MAY26,KXHIGHNY-25MAY26-B70.5,between,70,71,nws_climatological_report_daily,d938c47e63e907e6,no,73.00,0.0000,73,2025-05-27T06:38:00+00:00,CDUS41 KOKX 270638,first final report with data,no,no,True,True,False,
2025-05-26,KXHIGHNY-25MAY26,KXHIGHNY-25MAY26-B72.5,between,72,73,nws_climatological_report_daily,f473a9380ae4d219,yes,73.00,1.0000,73,2025-05-27T06:38:00+00:00,CDUS41 KOKX 270638,first final report with data,yes,yes,True,True,False,
2025-05-26,KXHIGHNY-25MAY26,KXHIGHNY-25MAY26-B74.5,between,74,75,nws_climatological_report_daily,6bf175d806a185fa,no,73.00,0.0000,73,2025-05-27T06:38:00+00:00,CDUS41 KOKX 270638,first final report with data,no,no,True,True,False,
2025-05-26,KXHIGHNY-25MAY26,KXHIGHNY-25MAY26-T68,less,,68,nws_climatological_report_daily,84e2430adb0bda79,no,73.00,0.0000,73,2025-05-27T06:38:00+00:00,CDUS41 KOKX 270638,first final report with data,no,no,True,True,False,
2025-05-26,KXHIGHNY-25MAY26,KXHIGHNY-25MAY26-T75,greater,75,,nws_climatological_report_daily,a640d8d8bea534ed,no,73.00,0.0000,73,2025-05-27T06:38:00+00:00,CDUS41 KOKX 270638,first final report with data,no,no,True,True,False,
2025-05-27,KXHIGHNY-25MAY27,KXHIGHNY-25MAY27-B71.5,between,71,72,nws_climatological_report_daily,2f13dfa9a6d225d8,no,74.00,0.0000,74,2025-05-28T06:16:00+00:00,CDUS41 KOKX 280616,first final report with data,no,no,True,True,False,
2025-05-27,KXHIGHNY-25MAY27,KXHIGHNY-25MAY27-B73.5,between,73,74,nws_climatological_report_daily,b801da93bac17b0b,yes,74.00,1.0000,74,2025-05-28T06:16:00+00:00,CDUS41 KOKX 280616,first final report with data,yes,yes,True,True,False,
2025-05-27,KXHIGHNY-25MAY27,KXHIGHNY-25MAY27-B75.5,between,75,76,nws_climatological_report_daily,e65fd52d4ed110c4,no,74.00,0.0000,74,2025-05-28T06:16:00+00:00,CDUS41 KOKX 280616,first final report with data,no,no,True,True,False,
2025-05-27,KXHIGHNY-25MAY27,KXHIGHNY-25MAY27-B77.5,between,77,78,nws_climatological_report_daily,dadf144015a16fdd,no,74.00,0.0000,74,2025-05-28T06:16:00+00:00,CDUS41 KOKX 280616,first final report with data,no,no,True,True,False,
2025-05-27,KXHIGHNY-25MAY27,KXHIGHNY-25MAY27-T71,less,,71,nws_climatological_report_daily,6fad9274ad9d801e,no,74.00,0.0000,74,2025-05-28T06:16:00+00:00,CDUS41 KOKX 280616,first final report with data,no,no,True,True,False,
2025-05-27,KXHIGHNY-25MAY27,KXHIGHNY-25MAY27-T78,greater,78,,nws_climatological_report_daily,72dfad5bb181a137,no,74.00,0.0000,74,2025-05-28T06:16:00+00:00,CDUS41 KOKX 280616,first final report with data,no,no,True,True,False,
2025-05-28,KXHIGHNY-25MAY28,KXHIGHNY-25MAY28-B62.5,between,62,63,nws_climatological_report_daily,b231d95fbd05daa7,no,65.00,0.0000,65,2025-05-29T06:18:00+00:00,CDUS41 KOKX 290618,first final report with data,no,no,True,True,False,
2025-05-28,KXHIGHNY-25MAY28,KXHIGHNY-25MAY28-B64.5,between,64,65,nws_climatological_report_daily,2bdf7d86932bc1e9,yes,65.00,1.0000,65,2025-05-29T06:18:00+00:00,CDUS41 KOKX 290618,first final report with data,yes,yes,True,True,False,
2025-05-28,KXHIGHNY-25MAY28,KXHIGHNY-25MAY28-B66.5,between,66,67,nws_climatological_report_daily,3e5aa3ffb3be406f,no,65.00,0.0000,65,2025-05-29T06:18:00+00:00,CDUS41 KOKX 290618,first final report with data,no,no,True,True,False,
2025-05-28,KXHIGHNY-25MAY28,KXHIGHNY-25MAY28-B68.5,between,68,69,nws_climatological_report_daily,47245f9e90b53e15,no,65.00,0.0000,65,2025-05-29T06:18:00+00:00,CDUS41 KOKX 290618,first final report with data,no,no,True,True,False,
2025-05-28,KXHIGHNY-25MAY28,KXHIGHNY-25MAY28-T62,less,,62,nws_climatological_report_daily,b7d8941c16b21186,no,65.00,0.0000,65,2025-05-29T06:18:00+00:00,CDUS41 KOKX 290618,first final report with data,no,no,True,True,False,
2025-05-28,KXHIGHNY-25MAY28,KXHIGHNY-25MAY28-T69,greater,69,,nws_climatological_report_daily,caf661fc0bec392b,no,65.00,0.0000,65,2025-05-29T06:18:00+00:00,CDUS41 KOKX 290618,first final report with data,no,no,True,True,False,
2025-05-29,KXHIGHNY-25MAY29,KXHIGHNY-25MAY29-B68.5,between,68,69,nws_climatological_report_daily,c7633d80b1073744,no,67.00,0.0000,67,2025-05-30T06:20:00+00:00,CDUS41 KOKX 300620,first final report with data,no,no,True,True,False,
2025-05-29,KXHIGHNY-25MAY29,KXHIGHNY-25MAY29-B70.5,between,70,71,nws_climatological_report_daily,39412673f1725738,no,67.00,0.0000,67,2025-05-30T06:20:00+00:00,CDUS41 KOKX 300620,first final report with data,no,no,True,True,False,
2025-05-29,KXHIGHNY-25MAY29,KXHIGHNY-25MAY29-B72.5,between,72,73,nws_climatological_report_daily,d1e118d8dda70c60,no,67.00,0.0000,67,2025-05-30T06:20:00+00:00,CDUS41 KOKX 300620,first final report with data,no,no,True,True,False,
2025-05-29,KXHIGHNY-25MAY29,KXHIGHNY-25MAY29-B74.5,between,74,75,nws_climatological_report_daily,4bbcc04e594b202b,no,67.00,0.0000,67,2025-05-30T06:20:00+00:00,CDUS41 KOKX 300620,first final report with data,no,no,True,True,False,
2025-05-29,KXHIGHNY-25MAY29,KXHIGHNY-25MAY29-T68,less,,68,nws_climatological_report_daily,7d0174445d62fd9b,yes,67.00,1.0000,67,2025-05-30T06:20:00+00:00,CDUS41 KOKX 300620,first final report with data,yes,yes,True,True,False,
2025-05-29,KXHIGHNY-25MAY29,KXHIGHNY-25MAY29-T75,greater,75,,nws_climatological_report_daily,f60fcf53a74b79f8,no,67.00,0.0000,67,2025-05-30T06:20:00+00:00,CDUS41 KOKX 300620,first final report with data,no,no,True,True,False,
2025-05-30,KXHIGHNY-25MAY30,KXHIGHNY-25MAY30-B73.5,between,73,74,nws_climatological_report_daily,3375dbc0319745a9,no,75.00,0.0000,75,2025-05-31T07:02:00+00:00,CDUS41 KOKX 310702,first final report with data,no,no,True,True,False,
2025-05-30,KXHIGHNY-25MAY30,KXHIGHNY-25MAY30-B75.5,between,75,76,nws_climatological_report_daily,48da278c7bbda919,yes,75.00,1.0000,75,2025-05-31T07:02:00+00:00,CDUS41 KOKX 310702,first final report with data,yes,yes,True,True,False,
2025-05-30,KXHIGHNY-25MAY30,KXHIGHNY-25MAY30-B77.5,between,77,78,nws_climatological_report_daily,fee998dd983d337c,no,75.00,0.0000,75,2025-05-31T07:02:00+00:00,CDUS41 KOKX 310702,first final report with data,no,no,True,True,False,
2025-05-30,KXHIGHNY-25MAY30,KXHIGHNY-25MAY30-B79.5,between,79,80,nws_climatological_report_daily,2382bc731a425cbe,no,75.00,0.0000,75,2025-05-31T07:02:00+00:00,CDUS41 KOKX 310702,first final report with data,no,no,True,True,False,
2025-05-30,KXHIGHNY-25MAY30,KXHIGHNY-25MAY30-T73,less,,73,nws_climatological_report_daily,cef8a83fc7a200a8,no,75.00,0.0000,75,2025-05-31T07:02:00+00:00,CDUS41 KOKX 310702,first final report with data,no,no,True,True,False,
2025-05-30,KXHIGHNY-25MAY30,KXHIGHNY-25MAY30-T80,greater,80,,nws_climatological_report_daily,b326510c848077c4,no,75.00,0.0000,75,2025-05-31T07:02:00+00:00,CDUS41 KOKX 310702,first final report with data,no,no,True,True,False,
2025-05-31,KXHIGHNY-25MAY31,KXHIGHNY-25MAY31-B68.5,between,68,69,nws_climatological_report_daily,4e05c0a883d93f92,no,67.00,0.0000,67,2025-06-01T06:21:00+00:00,CDUS41 KOKX 010621,first final report with data,no,no,True,True,False,
2025-05-31,KXHIGHNY-25MAY31,KXHIGHNY-25MAY31-B70.5,between,70,71,nws_climatological_report_daily,c222003c69a278cb,no,67.00,0.0000,67,2025-06-01T06:21:00+00:00,CDUS41 KOKX 010621,first final report with data,no,no,True,True,False,
2025-05-31,KXHIGHNY-25MAY31,KXHIGHNY-25MAY31-B72.5,between,72,73,nws_climatological_report_daily,ddc704093c86d15c,no,67.00,0.0000,67,2025-06-01T06:21:00+00:00,CDUS41 KOKX 010621,first final report with data,no,no,True,True,False,
2025-05-31,KXHIGHNY-25MAY31,KXHIGHNY-25MAY31-B74.5,between,74,75,nws_climatological_report_daily,d633f879dcfaad71,no,67.00,0.0000,67,2025-06-01T06:21:00+00:00,CDUS41 KOKX 010621,first final report with data,no,no,True,True,False,
2025-05-31,KXHIGHNY-25MAY31,KXHIGHNY-25MAY31-T68,less,,68,nws_climatological_report_daily,45a8c78b75f58f7a,yes,67.00,1.0000,67,2025-06-01T06:21:00+00:00,CDUS41 KOKX 010621,first final report with data,yes,yes,True,True,False,
2025-05-31,KXHIGHNY-25MAY31,KXHIGHNY-25MAY31-T75,greater,75,,nws_climatological_report_daily,e1c236947b484a75,no,67.00,0.0000,67,2025-06-01T06:21:00+00:00,CDUS41 KOKX 010621,first final report with data,no,no,True,True,False,
2025-06-01,KXHIGHNY-25JUN01,KXHIGHNY-25JUN01-B66.5,between,66,67,nws_climatological_report_daily,ef36121a263e93be,yes,66.00,1.0000,66,2025-06-02T06:17:00+00:00,CDUS41 KOKX 020617,first final report with data,yes,yes,True,True,False,
2025-06-01,KXHIGHNY-25JUN01,KXHIGHNY-25JUN01-B68.5,between,68,69,nws_climatological_report_daily,6bfdad92ff98d513,no,66.00,0.0000,66,2025-06-02T06:17:00+00:00,CDUS41 KOKX 020617,first final report with data,no,no,True,True,False,
2025-06-01,KXHIGHNY-25JUN01,KXHIGHNY-25JUN01-B70.5,between,70,71,nws_climatological_report_daily,dcf23977041861eb,no,66.00,0.0000,66,2025-06-02T06:17:00+00:00,CDUS41 KOKX 020617,first final report with data,no,no,True,True,False,
2025-06-01,KXHIGHNY-25JUN01,KXHIGHNY-25JUN01-B72.5,between,72,73,nws_climatological_report_daily,a9a46967a232776b,no,66.00,0.0000,66,2025-06-02T06:17:00+00:00,CDUS41 KOKX 020617,first final report with data,no,no,True,True,False,
2025-06-01,KXHIGHNY-25JUN01,KXHIGHNY-25JUN01-T66,less,,66,nws_climatological_report_daily,8783cf46c015e9b2,no,66.00,0.0000,66,2025-06-02T06:17:00+00:00,CDUS41 KOKX 020617,first final report with data,no,no,True,True,False,
2025-06-01,KXHIGHNY-25JUN01,KXHIGHNY-25JUN01-T73,greater,73,,nws_climatological_report_daily,792f9a50f34f4fe4,no,66.00,0.0000,66,2025-06-02T06:17:00+00:00,CDUS41 KOKX 020617,first final report with data,no,no,True,True,False,
2025-06-02,KXHIGHNY-25JUN02,KXHIGHNY-25JUN02-B72.5,between,72,73,nws_climatological_report_daily,5936bd2ff9197749,no,66.00,0.0000,,,,no final CLI report with a maximum for this date,no,unknown,True,False,False,
2025-06-02,KXHIGHNY-25JUN02,KXHIGHNY-25JUN02-B74.5,between,74,75,nws_climatological_report_daily,2fbdb941919852c6,no,66.00,0.0000,,,,no final CLI report with a maximum for this date,no,unknown,True,False,False,
2025-06-02,KXHIGHNY-25JUN02,KXHIGHNY-25JUN02-B76.5,between,76,77,nws_climatological_report_daily,b2e26f79a6a11042,no,66.00,0.0000,,,,no final CLI report with a maximum for this date,no,unknown,True,False,False,
2025-06-02,KXHIGHNY-25JUN02,KXHIGHNY-25JUN02-B78.5,between,78,79,nws_climatological_report_daily,cab5e121d76d04c9,no,66.00,0.0000,,,,no final CLI report with a maximum for this date,no,unknown,True,False,False,
2025-06-02,KXHIGHNY-25JUN02,KXHIGHNY-25JUN02-T72,less,,72,nws_climatological_report_daily,9754fb053488872c,yes,66.00,1.0000,,,,no final CLI report with a maximum for this date,yes,unknown,True,False,False,
2025-06-02,KXHIGHNY-25JUN02,KXHIGHNY-25JUN02-T79,greater,79,,nws_climatological_report_daily,5f15bea00933398a,no,66.00,0.0000,,,,no final CLI report with a maximum for this date,no,unknown,True,False,False,
2025-06-03,KXHIGHNY-25JUN03,KXHIGHNY-25JUN03-B78.5,between,78,79,nws_climatological_report_daily,46d89882f2cc6025,yes,79.00,1.0000,,,,no final CLI report with a maximum for this date,yes,unknown,True,False,False,
2025-06-03,KXHIGHNY-25JUN03,KXHIGHNY-25JUN03-B80.5,between,80,81,nws_climatological_report_daily,d280d03f25b1ab50,no,79.00,0.0000,,,,no final CLI report with a maximum for this date,no,unknown,True,False,False,
2025-06-03,KXHIGHNY-25JUN03,KXHIGHNY-25JUN03-B82.5,between,82,83,nws_climatological_report_daily,32c2ce28872cab54,no,79.00,0.0000,,,,no final CLI report with a maximum for this date,no,unknown,True,False,False,
2025-06-03,KXHIGHNY-25JUN03,KXHIGHNY-25JUN03-B84.5,between,84,85,nws_climatological_report_daily,8b4de3096180c6c6,no,79.00,0.0000,,,,no final CLI report with a maximum for this date,no,unknown,True,False,False,
2025-06-03,KXHIGHNY-25JUN03,KXHIGHNY-25JUN03-T78,less,,78,nws_climatological_report_daily,8de7b5f9a02d505a,no,79.00,0.0000,,,,no final CLI report with a maximum for this date,no,unknown,True,False,False,
2025-06-03,KXHIGHNY-25JUN03,KXHIGHNY-25JUN03-T85,greater,85,,nws_climatological_report_daily,2a35b398ddda35f5,no,79.00,0.0000,,,,no final CLI report with a maximum for this date,no,unknown,True,False,False,
2025-06-04,KXHIGHNY-25JUN04,KXHIGHNY-25JUN04-B82.5,between,82,83,nws_climatological_report_daily,da9e39c3e15e4ca8,yes,83.00,1.0000,83,2025-06-05T06:17:00+00:00,CDUS41 KOKX 050617,first final report with data,yes,yes,True,True,False,
2025-06-04,KXHIGHNY-25JUN04,KXHIGHNY-25JUN04-B84.5,between,84,85,nws_climatological_report_daily,ba715da0f15781e3,no,83.00,0.0000,83,2025-06-05T06:17:00+00:00,CDUS41 KOKX 050617,first final report with data,no,no,True,True,False,
2025-06-04,KXHIGHNY-25JUN04,KXHIGHNY-25JUN04-B86.5,between,86,87,nws_climatological_report_daily,5a94b1368f80eada,no,83.00,0.0000,83,2025-06-05T06:17:00+00:00,CDUS41 KOKX 050617,first final report with data,no,no,True,True,False,
2025-06-04,KXHIGHNY-25JUN04,KXHIGHNY-25JUN04-B88.5,between,88,89,nws_climatological_report_daily,90e61235db5fb246,no,83.00,0.0000,83,2025-06-05T06:17:00+00:00,CDUS41 KOKX 050617,first final report with data,no,no,True,True,False,
2025-06-04,KXHIGHNY-25JUN04,KXHIGHNY-25JUN04-T82,less,,82,nws_climatological_report_daily,a822e5771a390457,no,83.00,0.0000,83,2025-06-05T06:17:00+00:00,CDUS41 KOKX 050617,first final report with data,no,no,True,True,False,
2025-06-04,KXHIGHNY-25JUN04,KXHIGHNY-25JUN04-T89,greater,89,,nws_climatological_report_daily,95615a20105bc957,no,83.00,0.0000,83,2025-06-05T06:17:00+00:00,CDUS41 KOKX 050617,first final report with data,no,no,True,True,False,
2025-06-05,KXHIGHNY-25JUN05,KXHIGHNY-25JUN05-B84.5,between,84,85,nws_climatological_report_daily,db623b42e9641cf8,no,87.00,0.0000,87,2025-06-06T06:18:00+00:00,CDUS41 KOKX 060618,first final report with data,no,no,True,True,False,
2025-06-05,KXHIGHNY-25JUN05,KXHIGHNY-25JUN05-B86.5,between,86,87,nws_climatological_report_daily,2d7da18c1d3dfb06,yes,87.00,1.0000,87,2025-06-06T06:18:00+00:00,CDUS41 KOKX 060618,first final report with data,yes,yes,True,True,False,
2025-06-05,KXHIGHNY-25JUN05,KXHIGHNY-25JUN05-B88.5,between,88,89,nws_climatological_report_daily,45e69dc3db285ff4,no,87.00,0.0000,87,2025-06-06T06:18:00+00:00,CDUS41 KOKX 060618,first final report with data,no,no,True,True,False,
2025-06-05,KXHIGHNY-25JUN05,KXHIGHNY-25JUN05-B90.5,between,90,91,nws_climatological_report_daily,14994a22e42e31b7,no,87.00,0.0000,87,2025-06-06T06:18:00+00:00,CDUS41 KOKX 060618,first final report with data,no,no,True,True,False,
2025-06-05,KXHIGHNY-25JUN05,KXHIGHNY-25JUN05-T84,less,,84,nws_climatological_report_daily,abe2f1e59b291dd4,no,87.00,0.0000,87,2025-06-06T06:18:00+00:00,CDUS41 KOKX 060618,first final report with data,no,no,True,True,False,
2025-06-05,KXHIGHNY-25JUN05,KXHIGHNY-25JUN05-T91,greater,91,,nws_climatological_report_daily,c4cf8eb83a5ee142,no,87.00,0.0000,87,2025-06-06T06:18:00+00:00,CDUS41 KOKX 060618,first final report with data,no,no,True,True,False,
2025-06-06,KXHIGHNY-25JUN06,KXHIGHNY-25JUN06-B81.5,between,81,82,nws_climatological_report_daily,55267f1e07305633,no,84.00,0.0000,84,2025-06-07T06:21:00+00:00,CDUS41 KOKX 070621,first final report with data,no,no,True,True,False,
2025-06-06,KXHIGHNY-25JUN06,KXHIGHNY-25JUN06-B83.5,between,83,84,nws_climatological_report_daily,a3164cb544dff426,yes,84.00,1.0000,84,2025-06-07T06:21:00+00:00,CDUS41 KOKX 070621,first final report with data,yes,yes,True,True,False,
2025-06-06,KXHIGHNY-25JUN06,KXHIGHNY-25JUN06-B85.5,between,85,86,nws_climatological_report_daily,b6a417f61acb1982,no,84.00,0.0000,84,2025-06-07T06:21:00+00:00,CDUS41 KOKX 070621,first final report with data,no,no,True,True,False,
2025-06-06,KXHIGHNY-25JUN06,KXHIGHNY-25JUN06-B87.5,between,87,88,nws_climatological_report_daily,0a6dc5ceb1e25fea,no,84.00,0.0000,84,2025-06-07T06:21:00+00:00,CDUS41 KOKX 070621,first final report with data,no,no,True,True,False,
2025-06-06,KXHIGHNY-25JUN06,KXHIGHNY-25JUN06-T81,less,,81,nws_climatological_report_daily,fa929ccd5dead82c,no,84.00,0.0000,84,2025-06-07T06:21:00+00:00,CDUS41 KOKX 070621,first final report with data,no,no,True,True,False,
2025-06-06,KXHIGHNY-25JUN06,KXHIGHNY-25JUN06-T88,greater,88,,nws_climatological_report_daily,a571c7d2de48595c,no,84.00,0.0000,84,2025-06-07T06:21:00+00:00,CDUS41 KOKX 070621,first final report with data,no,no,True,True,False,
2025-06-07,KXHIGHNY-25JUN07,KXHIGHNY-25JUN07-B77.5,between,77,78,nws_climatological_report_daily,e79fe60f8321f008,no,76.00,0.0000,76,2025-06-08T06:18:00+00:00,CDUS41 KOKX 080618,first final report with data,no,no,True,True,False,
2025-06-07,KXHIGHNY-25JUN07,KXHIGHNY-25JUN07-B79.5,between,79,80,nws_climatological_report_daily,78960eda405a405f,no,76.00,0.0000,76,2025-06-08T06:18:00+00:00,CDUS41 KOKX 080618,first final report with data,no,no,True,True,False,
2025-06-07,KXHIGHNY-25JUN07,KXHIGHNY-25JUN07-B81.5,between,81,82,nws_climatological_report_daily,e404268afe1b88bd,no,76.00,0.0000,76,2025-06-08T06:18:00+00:00,CDUS41 KOKX 080618,first final report with data,no,no,True,True,False,
2025-06-07,KXHIGHNY-25JUN07,KXHIGHNY-25JUN07-B83.5,between,83,84,nws_climatological_report_daily,67f87684f2ed7ec1,no,76.00,0.0000,76,2025-06-08T06:18:00+00:00,CDUS41 KOKX 080618,first final report with data,no,no,True,True,False,
2025-06-07,KXHIGHNY-25JUN07,KXHIGHNY-25JUN07-T77,less,,77,nws_climatological_report_daily,9b7dc38121aa8a95,yes,76.00,1.0000,76,2025-06-08T06:18:00+00:00,CDUS41 KOKX 080618,first final report with data,yes,yes,True,True,False,
2025-06-07,KXHIGHNY-25JUN07,KXHIGHNY-25JUN07-T84,greater,84,,nws_climatological_report_daily,501a051f92bc5986,no,76.00,0.0000,76,2025-06-08T06:18:00+00:00,CDUS41 KOKX 080618,first final report with data,no,no,True,True,False,
2025-06-08,KXHIGHNY-25JUN08,KXHIGHNY-25JUN08-B74.5,between,74,75,nws_climatological_report_daily,195fc38d9eacc6ca,no,76.00,0.0000,76,2025-06-09T06:17:00+00:00,CDUS41 KOKX 090617,first final report with data,no,no,True,True,False,
2025-06-08,KXHIGHNY-25JUN08,KXHIGHNY-25JUN08-B76.5,between,76,77,nws_climatological_report_daily,ec73f68c25e1af6e,yes,76.00,1.0000,76,2025-06-09T06:17:00+00:00,CDUS41 KOKX 090617,first final report with data,yes,yes,True,True,False,
2025-06-08,KXHIGHNY-25JUN08,KXHIGHNY-25JUN08-B78.5,between,78,79,nws_climatological_report_daily,99728ebf1119e0b6,no,76.00,0.0000,76,2025-06-09T06:17:00+00:00,CDUS41 KOKX 090617,first final report with data,no,no,True,True,False,
2025-06-08,KXHIGHNY-25JUN08,KXHIGHNY-25JUN08-B80.5,between,80,81,nws_climatological_report_daily,dbc9343002299b0b,no,76.00,0.0000,76,2025-06-09T06:17:00+00:00,CDUS41 KOKX 090617,first final report with data,no,no,True,True,False,
2025-06-08,KXHIGHNY-25JUN08,KXHIGHNY-25JUN08-T74,less,,74,nws_climatological_report_daily,4af1ee2ae7bedfd2,no,76.00,0.0000,76,2025-06-09T06:17:00+00:00,CDUS41 KOKX 090617,first final report with data,no,no,True,True,False,
2025-06-08,KXHIGHNY-25JUN08,KXHIGHNY-25JUN08-T81,greater,81,,nws_climatological_report_daily,d56d82a9988327de,no,76.00,0.0000,76,2025-06-09T06:17:00+00:00,CDUS41 KOKX 090617,first final report with data,no,no,True,True,False,
2025-06-09,KXHIGHNY-25JUN09,KXHIGHNY-25JUN09-B69.5,between,69,70,nws_climatological_report_daily,292cf210864314da,no,64.00,0.0000,64,2025-06-10T06:22:00+00:00,CDUS41 KOKX 100622,first final report with data,no,no,True,True,False,
2025-06-09,KXHIGHNY-25JUN09,KXHIGHNY-25JUN09-B71.5,between,71,72,nws_climatological_report_daily,70f0fdf51728e464,no,64.00,0.0000,64,2025-06-10T06:22:00+00:00,CDUS41 KOKX 100622,first final report with data,no,no,True,True,False,
2025-06-09,KXHIGHNY-25JUN09,KXHIGHNY-25JUN09-B73.5,between,73,74,nws_climatological_report_daily,5929e1c14e10569f,no,64.00,0.0000,64,2025-06-10T06:22:00+00:00,CDUS41 KOKX 100622,first final report with data,no,no,True,True,False,
2025-06-09,KXHIGHNY-25JUN09,KXHIGHNY-25JUN09-B75.5,between,75,76,nws_climatological_report_daily,cb51b48e31a695b8,no,64.00,0.0000,64,2025-06-10T06:22:00+00:00,CDUS41 KOKX 100622,first final report with data,no,no,True,True,False,
2025-06-09,KXHIGHNY-25JUN09,KXHIGHNY-25JUN09-T69,less,,69,nws_climatological_report_daily,78d7be9241e66e44,yes,64.00,1.0000,64,2025-06-10T06:22:00+00:00,CDUS41 KOKX 100622,first final report with data,yes,yes,True,True,False,
2025-06-09,KXHIGHNY-25JUN09,KXHIGHNY-25JUN09-T76,greater,76,,nws_climatological_report_daily,ff65df37b6f22a0c,no,64.00,0.0000,64,2025-06-10T06:22:00+00:00,CDUS41 KOKX 100622,first final report with data,no,no,True,True,False,
2025-06-10,KXHIGHNY-25JUN10,KXHIGHNY-25JUN10-B75.5,between,75,76,nws_climatological_report_daily,8d0fdc895989fc3c,no,73.00,0.0000,73,2025-06-11T06:35:00+00:00,CDUS41 KOKX 110635,first final report with data,no,no,True,True,False,
2025-06-10,KXHIGHNY-25JUN10,KXHIGHNY-25JUN10-B77.5,between,77,78,nws_climatological_report_daily,5cd73f1f034bef47,no,73.00,0.0000,73,2025-06-11T06:35:00+00:00,CDUS41 KOKX 110635,first final report with data,no,no,True,True,False,
2025-06-10,KXHIGHNY-25JUN10,KXHIGHNY-25JUN10-B79.5,between,79,80,nws_climatological_report_daily,cfd96ffdb13bf5c3,no,73.00,0.0000,73,2025-06-11T06:35:00+00:00,CDUS41 KOKX 110635,first final report with data,no,no,True,True,False,
2025-06-10,KXHIGHNY-25JUN10,KXHIGHNY-25JUN10-B81.5,between,81,82,nws_climatological_report_daily,55ef2500e3a06f91,no,73.00,0.0000,73,2025-06-11T06:35:00+00:00,CDUS41 KOKX 110635,first final report with data,no,no,True,True,False,
2025-06-10,KXHIGHNY-25JUN10,KXHIGHNY-25JUN10-T75,less,,75,nws_climatological_report_daily,841ac3ee3dfc5642,yes,73.00,1.0000,73,2025-06-11T06:35:00+00:00,CDUS41 KOKX 110635,first final report with data,yes,yes,True,True,False,
2025-06-10,KXHIGHNY-25JUN10,KXHIGHNY-25JUN10-T82,greater,82,,nws_climatological_report_daily,210ed96a3ebff92a,no,73.00,0.0000,73,2025-06-11T06:35:00+00:00,CDUS41 KOKX 110635,first final report with data,no,no,True,True,False,
2025-06-11,KXHIGHNY-25JUN11,KXHIGHNY-25JUN11-B82.5,between,82,83,nws_climatological_report_daily,927c428017fa9854,no,81.00,0.0000,81,2025-06-12T06:24:00+00:00,CDUS41 KOKX 120624,first final report with data,no,no,True,True,False,
2025-06-11,KXHIGHNY-25JUN11,KXHIGHNY-25JUN11-B84.5,between,84,85,nws_climatological_report_daily,85d6c605a35c24f1,no,81.00,0.0000,81,2025-06-12T06:24:00+00:00,CDUS41 KOKX 120624,first final report with data,no,no,True,True,False,
2025-06-11,KXHIGHNY-25JUN11,KXHIGHNY-25JUN11-B86.5,between,86,87,nws_climatological_report_daily,392ca0d43f5e0894,no,81.00,0.0000,81,2025-06-12T06:24:00+00:00,CDUS41 KOKX 120624,first final report with data,no,no,True,True,False,
2025-06-11,KXHIGHNY-25JUN11,KXHIGHNY-25JUN11-B88.5,between,88,89,nws_climatological_report_daily,eb5f63d92affb583,no,81.00,0.0000,81,2025-06-12T06:24:00+00:00,CDUS41 KOKX 120624,first final report with data,no,no,True,True,False,
2025-06-11,KXHIGHNY-25JUN11,KXHIGHNY-25JUN11-T82,less,,82,nws_climatological_report_daily,68e15d66a9c431f8,yes,81.00,1.0000,81,2025-06-12T06:24:00+00:00,CDUS41 KOKX 120624,first final report with data,yes,yes,True,True,False,
2025-06-11,KXHIGHNY-25JUN11,KXHIGHNY-25JUN11-T89,greater,89,,nws_climatological_report_daily,3343a622cae1d49f,no,81.00,0.0000,81,2025-06-12T06:24:00+00:00,CDUS41 KOKX 120624,first final report with data,no,no,True,True,False,
2025-06-12,KXHIGHNY-25JUN12,KXHIGHNY-25JUN12-B85.5,between,85,86,nws_climatological_report_daily,799d4772b01c455b,no,87.00,0.0000,87,2025-06-13T06:21:00+00:00,CDUS41 KOKX 130621,first final report with data,no,no,True,True,False,
2025-06-12,KXHIGHNY-25JUN12,KXHIGHNY-25JUN12-B87.5,between,87,88,nws_climatological_report_daily,5bbad0256f2152ed,yes,87.00,1.0000,87,2025-06-13T06:21:00+00:00,CDUS41 KOKX 130621,first final report with data,yes,yes,True,True,False,
2025-06-12,KXHIGHNY-25JUN12,KXHIGHNY-25JUN12-B89.5,between,89,90,nws_climatological_report_daily,47ad945d9ce836ff,no,87.00,0.0000,87,2025-06-13T06:21:00+00:00,CDUS41 KOKX 130621,first final report with data,no,no,True,True,False,
2025-06-12,KXHIGHNY-25JUN12,KXHIGHNY-25JUN12-B91.5,between,91,92,nws_climatological_report_daily,b4f9ec9962095e8a,no,87.00,0.0000,87,2025-06-13T06:21:00+00:00,CDUS41 KOKX 130621,first final report with data,no,no,True,True,False,
2025-06-12,KXHIGHNY-25JUN12,KXHIGHNY-25JUN12-T85,less,,85,nws_climatological_report_daily,863e27126dce37e2,no,87.00,0.0000,87,2025-06-13T06:21:00+00:00,CDUS41 KOKX 130621,first final report with data,no,no,True,True,False,
2025-06-12,KXHIGHNY-25JUN12,KXHIGHNY-25JUN12-T92,greater,92,,nws_climatological_report_daily,21749a8e09cdcffe,no,87.00,0.0000,87,2025-06-13T06:21:00+00:00,CDUS41 KOKX 130621,first final report with data,no,no,True,True,False,
2025-06-13,KXHIGHNY-25JUN13,KXHIGHNY-25JUN13-B76.5,between,76,77,nws_climatological_report_daily,8817ca716bf213bf,no,78.00,0.0000,78,2025-06-14T06:18:00+00:00,CDUS41 KOKX 140618,first final report with data,no,no,True,True,False,
2025-06-13,KXHIGHNY-25JUN13,KXHIGHNY-25JUN13-B78.5,between,78,79,nws_climatological_report_daily,054100f1cf8f69d5,yes,78.00,1.0000,78,2025-06-14T06:18:00+00:00,CDUS41 KOKX 140618,first final report with data,yes,yes,True,True,False,
2025-06-13,KXHIGHNY-25JUN13,KXHIGHNY-25JUN13-B80.5,between,80,81,nws_climatological_report_daily,e372641cf4190e53,no,78.00,0.0000,78,2025-06-14T06:18:00+00:00,CDUS41 KOKX 140618,first final report with data,no,no,True,True,False,
2025-06-13,KXHIGHNY-25JUN13,KXHIGHNY-25JUN13-B82.5,between,82,83,nws_climatological_report_daily,30f33261d1f28d90,no,78.00,0.0000,78,2025-06-14T06:18:00+00:00,CDUS41 KOKX 140618,first final report with data,no,no,True,True,False,
2025-06-13,KXHIGHNY-25JUN13,KXHIGHNY-25JUN13-T76,less,,76,nws_climatological_report_daily,b4d80fd2cafe5cd7,no,78.00,0.0000,78,2025-06-14T06:18:00+00:00,CDUS41 KOKX 140618,first final report with data,no,no,True,True,False,
2025-06-13,KXHIGHNY-25JUN13,KXHIGHNY-25JUN13-T83,greater,83,,nws_climatological_report_daily,844b4e1909241ad9,no,78.00,0.0000,78,2025-06-14T06:18:00+00:00,CDUS41 KOKX 140618,first final report with data,no,no,True,True,False,
2025-06-14,KXHIGHNY-25JUN14,KXHIGHNY-25JUN14-B65.5,between,65,66,nws_climatological_report_daily,a745c7c87f2c11f0,no,68.00,0.0000,68,2025-06-15T06:18:00+00:00,CDUS41 KOKX 150618,first final report with data,no,no,True,True,False,
2025-06-14,KXHIGHNY-25JUN14,KXHIGHNY-25JUN14-B67.5,between,67,68,nws_climatological_report_daily,028cb244e9decdc4,yes,68.00,1.0000,68,2025-06-15T06:18:00+00:00,CDUS41 KOKX 150618,first final report with data,yes,yes,True,True,False,
2025-06-14,KXHIGHNY-25JUN14,KXHIGHNY-25JUN14-B69.5,between,69,70,nws_climatological_report_daily,ce211edf55d37ed5,no,68.00,0.0000,68,2025-06-15T06:18:00+00:00,CDUS41 KOKX 150618,first final report with data,no,no,True,True,False,
2025-06-14,KXHIGHNY-25JUN14,KXHIGHNY-25JUN14-B71.5,between,71,72,nws_climatological_report_daily,39171b82e74ba135,no,68.00,0.0000,68,2025-06-15T06:18:00+00:00,CDUS41 KOKX 150618,first final report with data,no,no,True,True,False,
2025-06-14,KXHIGHNY-25JUN14,KXHIGHNY-25JUN14-T65,less,,65,nws_climatological_report_daily,bff8c200ddd9822f,no,68.00,0.0000,68,2025-06-15T06:18:00+00:00,CDUS41 KOKX 150618,first final report with data,no,no,True,True,False,
2025-06-14,KXHIGHNY-25JUN14,KXHIGHNY-25JUN14-T72,greater,72,,nws_climatological_report_daily,465f33c5cadc16c6,no,68.00,0.0000,68,2025-06-15T06:18:00+00:00,CDUS41 KOKX 150618,first final report with data,no,no,True,True,False,
2025-06-15,KXHIGHNY-25JUN15,KXHIGHNY-25JUN15-B64.5,between,64,65,nws_climatological_report_daily,687f24fa117dffdc,yes,64.00,1.0000,64,2025-06-16T06:18:00+00:00,CDUS41 KOKX 160618,first final report with data,yes,yes,True,True,False,
2025-06-15,KXHIGHNY-25JUN15,KXHIGHNY-25JUN15-B66.5,between,66,67,nws_climatological_report_daily,9c9dca65b3f24c1b,no,64.00,0.0000,64,2025-06-16T06:18:00+00:00,CDUS41 KOKX 160618,first final report with data,no,no,True,True,False,
2025-06-15,KXHIGHNY-25JUN15,KXHIGHNY-25JUN15-B68.5,between,68,69,nws_climatological_report_daily,a844c86d013ad833,no,64.00,0.0000,64,2025-06-16T06:18:00+00:00,CDUS41 KOKX 160618,first final report with data,no,no,True,True,False,
2025-06-15,KXHIGHNY-25JUN15,KXHIGHNY-25JUN15-B70.5,between,70,71,nws_climatological_report_daily,37b5dceb457d86a8,no,64.00,0.0000,64,2025-06-16T06:18:00+00:00,CDUS41 KOKX 160618,first final report with data,no,no,True,True,False,
2025-06-15,KXHIGHNY-25JUN15,KXHIGHNY-25JUN15-T64,less,,64,nws_climatological_report_daily,a47970ccdf6765e0,no,64.00,0.0000,64,2025-06-16T06:18:00+00:00,CDUS41 KOKX 160618,first final report with data,no,no,True,True,False,
2025-06-15,KXHIGHNY-25JUN15,KXHIGHNY-25JUN15-T71,greater,71,,nws_climatological_report_daily,00b30dce0cd8b8ce,no,64.00,0.0000,64,2025-06-16T06:18:00+00:00,CDUS41 KOKX 160618,first final report with data,no,no,True,True,False,
2025-06-16,KXHIGHNY-25JUN16,KXHIGHNY-25JUN16-B66.5,between,66,67,nws_climatological_report_daily,392e0caeb1b89c66,no,69.00,0.0000,69,2025-06-17T06:28:00+00:00,CDUS41 KOKX 170628,first final report with data,no,no,True,True,False,
2025-06-16,KXHIGHNY-25JUN16,KXHIGHNY-25JUN16-B68.5,between,68,69,nws_climatological_report_daily,aae0831b10fb7a64,yes,69.00,1.0000,69,2025-06-17T06:28:00+00:00,CDUS41 KOKX 170628,first final report with data,yes,yes,True,True,False,
2025-06-16,KXHIGHNY-25JUN16,KXHIGHNY-25JUN16-B70.5,between,70,71,nws_climatological_report_daily,2c8b8f39dbadde36,no,69.00,0.0000,69,2025-06-17T06:28:00+00:00,CDUS41 KOKX 170628,first final report with data,no,no,True,True,False,
2025-06-16,KXHIGHNY-25JUN16,KXHIGHNY-25JUN16-B72.5,between,72,73,nws_climatological_report_daily,1c7f649baa0c2e97,no,69.00,0.0000,69,2025-06-17T06:28:00+00:00,CDUS41 KOKX 170628,first final report with data,no,no,True,True,False,
2025-06-16,KXHIGHNY-25JUN16,KXHIGHNY-25JUN16-T66,less,,66,nws_climatological_report_daily,23b00fcf8bd5b312,no,69.00,0.0000,69,2025-06-17T06:28:00+00:00,CDUS41 KOKX 170628,first final report with data,no,no,True,True,False,
2025-06-16,KXHIGHNY-25JUN16,KXHIGHNY-25JUN16-T73,greater,73,,nws_climatological_report_daily,cdb79bddaca429f9,no,69.00,0.0000,69,2025-06-17T06:28:00+00:00,CDUS41 KOKX 170628,first final report with data,no,no,True,True,False,
2025-06-17,KXHIGHNY-25JUN17,KXHIGHNY-25JUN17-B69.5,between,69,70,nws_climatological_report_daily,52f296aea0258d39,no,67.00,0.0000,67,2025-06-18T06:23:00+00:00,CDUS41 KOKX 180623,first final report with data,no,no,True,True,False,
2025-06-17,KXHIGHNY-25JUN17,KXHIGHNY-25JUN17-B71.5,between,71,72,nws_climatological_report_daily,d0816d7e4cc59cbb,no,67.00,0.0000,67,2025-06-18T06:23:00+00:00,CDUS41 KOKX 180623,first final report with data,no,no,True,True,False,
2025-06-17,KXHIGHNY-25JUN17,KXHIGHNY-25JUN17-B73.5,between,73,74,nws_climatological_report_daily,f05959012cb04f8b,no,67.00,0.0000,67,2025-06-18T06:23:00+00:00,CDUS41 KOKX 180623,first final report with data,no,no,True,True,False,
2025-06-17,KXHIGHNY-25JUN17,KXHIGHNY-25JUN17-B75.5,between,75,76,nws_climatological_report_daily,5004587943170974,no,67.00,0.0000,67,2025-06-18T06:23:00+00:00,CDUS41 KOKX 180623,first final report with data,no,no,True,True,False,
2025-06-17,KXHIGHNY-25JUN17,KXHIGHNY-25JUN17-T69,less,,69,nws_climatological_report_daily,0b17d779ab5e1d08,yes,67.00,1.0000,67,2025-06-18T06:23:00+00:00,CDUS41 KOKX 180623,first final report with data,yes,yes,True,True,False,
2025-06-17,KXHIGHNY-25JUN17,KXHIGHNY-25JUN17-T76,greater,76,,nws_climatological_report_daily,dc48b03ab22726b9,no,67.00,0.0000,67,2025-06-18T06:23:00+00:00,CDUS41 KOKX 180623,first final report with data,no,no,True,True,False,
2025-06-18,KXHIGHNY-25JUN18,KXHIGHNY-25JUN18-B77.5,between,77,78,nws_climatological_report_daily,7b1fbb7f0e12d37e,no,84.00,0.0000,,,,no final CLI report with a maximum for this date,no,unknown,True,False,False,
2025-06-18,KXHIGHNY-25JUN18,KXHIGHNY-25JUN18-B79.5,between,79,80,nws_climatological_report_daily,ba23349d3a77e995,no,84.00,0.0000,,,,no final CLI report with a maximum for this date,no,unknown,True,False,False,
2025-06-18,KXHIGHNY-25JUN18,KXHIGHNY-25JUN18-B81.5,between,81,82,nws_climatological_report_daily,c3654b2e6744c7ef,no,84.00,0.0000,,,,no final CLI report with a maximum for this date,no,unknown,True,False,False,
2025-06-18,KXHIGHNY-25JUN18,KXHIGHNY-25JUN18-B83.5,between,83,84,nws_climatological_report_daily,9c53a80f64c4d582,yes,84.00,1.0000,,,,no final CLI report with a maximum for this date,yes,unknown,True,False,False,
2025-06-18,KXHIGHNY-25JUN18,KXHIGHNY-25JUN18-T77,less,,77,nws_climatological_report_daily,8edb6cef6917b18d,no,84.00,0.0000,,,,no final CLI report with a maximum for this date,no,unknown,True,False,False,
2025-06-18,KXHIGHNY-25JUN18,KXHIGHNY-25JUN18-T84,greater,84,,nws_climatological_report_daily,70ca1121258128dd,no,84.00,0.0000,,,,no final CLI report with a maximum for this date,no,unknown,True,False,False,
2025-06-19,KXHIGHNY-25JUN19,KXHIGHNY-25JUN19-B87.5,between,87,88,nws_climatological_report_daily,de791d9990fb18d6,yes,88.00,1.0000,88,2025-06-20T06:18:00+00:00,CDUS41 KOKX 200618,first final report with data,yes,yes,True,True,False,
2025-06-19,KXHIGHNY-25JUN19,KXHIGHNY-25JUN19-B89.5,between,89,90,nws_climatological_report_daily,cedf86ee1fddfb2c,no,88.00,0.0000,88,2025-06-20T06:18:00+00:00,CDUS41 KOKX 200618,first final report with data,no,no,True,True,False,
2025-06-19,KXHIGHNY-25JUN19,KXHIGHNY-25JUN19-B91.5,between,91,92,nws_climatological_report_daily,0a248f7a48180541,no,88.00,0.0000,88,2025-06-20T06:18:00+00:00,CDUS41 KOKX 200618,first final report with data,no,no,True,True,False,
2025-06-19,KXHIGHNY-25JUN19,KXHIGHNY-25JUN19-B93.5,between,93,94,nws_climatological_report_daily,f5d200a447eae6a4,no,88.00,0.0000,88,2025-06-20T06:18:00+00:00,CDUS41 KOKX 200618,first final report with data,no,no,True,True,False,
2025-06-19,KXHIGHNY-25JUN19,KXHIGHNY-25JUN19-T87,less,,87,nws_climatological_report_daily,ef60e364909d7da0,no,88.00,0.0000,88,2025-06-20T06:18:00+00:00,CDUS41 KOKX 200618,first final report with data,no,no,True,True,False,
2025-06-19,KXHIGHNY-25JUN19,KXHIGHNY-25JUN19-T94,greater,94,,nws_climatological_report_daily,9a8bb38b06156601,no,88.00,0.0000,88,2025-06-20T06:18:00+00:00,CDUS41 KOKX 200618,first final report with data,no,no,True,True,False,
2025-06-20,KXHIGHNY-25JUN20,KXHIGHNY-25JUN20-B81.5,between,81,82,nws_climatological_report_daily,84cf93a181ddcdcf,yes,82.00,1.0000,82,2025-06-21T06:18:00+00:00,CDUS41 KOKX 210618,first final report with data,yes,yes,True,True,False,
2025-06-20,KXHIGHNY-25JUN20,KXHIGHNY-25JUN20-B83.5,between,83,84,nws_climatological_report_daily,f994a3990cb2c56f,no,82.00,0.0000,82,2025-06-21T06:18:00+00:00,CDUS41 KOKX 210618,first final report with data,no,no,True,True,False,
2025-06-20,KXHIGHNY-25JUN20,KXHIGHNY-25JUN20-B85.5,between,85,86,nws_climatological_report_daily,91ed14e59751071d,no,82.00,0.0000,82,2025-06-21T06:18:00+00:00,CDUS41 KOKX 210618,first final report with data,no,no,True,True,False,
2025-06-20,KXHIGHNY-25JUN20,KXHIGHNY-25JUN20-B87.5,between,87,88,nws_climatological_report_daily,e69235093ceea5f9,no,82.00,0.0000,82,2025-06-21T06:18:00+00:00,CDUS41 KOKX 210618,first final report with data,no,no,True,True,False,
2025-06-20,KXHIGHNY-25JUN20,KXHIGHNY-25JUN20-T81,less,,81,nws_climatological_report_daily,d2dfb85bbf35cc9d,no,82.00,0.0000,82,2025-06-21T06:18:00+00:00,CDUS41 KOKX 210618,first final report with data,no,no,True,True,False,
2025-06-20,KXHIGHNY-25JUN20,KXHIGHNY-25JUN20-T88,greater,88,,nws_climatological_report_daily,39d54cfcd1cda29e,no,82.00,0.0000,82,2025-06-21T06:18:00+00:00,CDUS41 KOKX 210618,first final report with data,no,no,True,True,False,
2025-06-21,KXHIGHNY-25JUN21,KXHIGHNY-25JUN21-B86.5,between,86,87,nws_climatological_report_daily,22a32bfb0e0c3743,yes,86.00,1.0000,86,2025-06-22T06:51:00+00:00,CDUS41 KOKX 220651,first final report with data,yes,yes,True,True,False,
2025-06-21,KXHIGHNY-25JUN21,KXHIGHNY-25JUN21-B88.5,between,88,89,nws_climatological_report_daily,6fc2e19397e44a0e,no,86.00,0.0000,86,2025-06-22T06:51:00+00:00,CDUS41 KOKX 220651,first final report with data,no,no,True,True,False,
2025-06-21,KXHIGHNY-25JUN21,KXHIGHNY-25JUN21-B90.5,between,90,91,nws_climatological_report_daily,1a301601ed536826,no,86.00,0.0000,86,2025-06-22T06:51:00+00:00,CDUS41 KOKX 220651,first final report with data,no,no,True,True,False,
2025-06-21,KXHIGHNY-25JUN21,KXHIGHNY-25JUN21-B92.5,between,92,93,nws_climatological_report_daily,c63629f81c82022f,no,86.00,0.0000,86,2025-06-22T06:51:00+00:00,CDUS41 KOKX 220651,first final report with data,no,no,True,True,False,
2025-06-21,KXHIGHNY-25JUN21,KXHIGHNY-25JUN21-T86,less,,86,nws_climatological_report_daily,323ed76d02b43643,no,86.00,0.0000,86,2025-06-22T06:51:00+00:00,CDUS41 KOKX 220651,first final report with data,no,no,True,True,False,
2025-06-21,KXHIGHNY-25JUN21,KXHIGHNY-25JUN21-T93,greater,93,,nws_climatological_report_daily,a0861f60d58322ab,no,86.00,0.0000,86,2025-06-22T06:51:00+00:00,CDUS41 KOKX 220651,first final report with data,no,no,True,True,False,
2025-06-22,KXHIGHNY-25JUN22,KXHIGHNY-25JUN22-B93.5,between,93,94,nws_climatological_report_daily,ec98d00fecac791a,no,88.00,0.0000,88,2025-06-23T06:30:00+00:00,CDUS41 KOKX 230630,first final report with data,no,no,True,True,False,
2025-06-22,KXHIGHNY-25JUN22,KXHIGHNY-25JUN22-B95.5,between,95,96,nws_climatological_report_daily,3702c8bff23fb41f,no,88.00,0.0000,88,2025-06-23T06:30:00+00:00,CDUS41 KOKX 230630,first final report with data,no,no,True,True,False,
2025-06-22,KXHIGHNY-25JUN22,KXHIGHNY-25JUN22-B97.5,between,97,98,nws_climatological_report_daily,7fbe023def0b8762,no,88.00,0.0000,88,2025-06-23T06:30:00+00:00,CDUS41 KOKX 230630,first final report with data,no,no,True,True,False,
2025-06-22,KXHIGHNY-25JUN22,KXHIGHNY-25JUN22-B99.5,between,99,100,nws_climatological_report_daily,a4ff5a779ee66356,no,88.00,0.0000,88,2025-06-23T06:30:00+00:00,CDUS41 KOKX 230630,first final report with data,no,no,True,True,False,
2025-06-22,KXHIGHNY-25JUN22,KXHIGHNY-25JUN22-T100,greater,100,,nws_climatological_report_daily,c920b41880d71160,no,88.00,0.0000,88,2025-06-23T06:30:00+00:00,CDUS41 KOKX 230630,first final report with data,no,no,True,True,False,
2025-06-22,KXHIGHNY-25JUN22,KXHIGHNY-25JUN22-T93,less,,93,nws_climatological_report_daily,42671cd189ceae30,yes,88.00,1.0000,88,2025-06-23T06:30:00+00:00,CDUS41 KOKX 230630,first final report with data,yes,yes,True,True,False,
2025-06-23,KXHIGHNY-25JUN23,KXHIGHNY-25JUN23-B100.5,between,100,101,nws_climatological_report_daily,630a162b8491b3f0,no,96.00,0.0000,96,2025-06-24T06:31:00+00:00,CDUS41 KOKX 240631,first final report with data,no,no,True,True,False,
2025-06-23,KXHIGHNY-25JUN23,KXHIGHNY-25JUN23-B94.5,between,94,95,nws_climatological_report_daily,749b6edaa3178e9f,no,96.00,0.0000,96,2025-06-24T06:31:00+00:00,CDUS41 KOKX 240631,first final report with data,no,no,True,True,False,
2025-06-23,KXHIGHNY-25JUN23,KXHIGHNY-25JUN23-B96.5,between,96,97,nws_climatological_report_daily,574dc2803d884073,yes,96.00,1.0000,96,2025-06-24T06:31:00+00:00,CDUS41 KOKX 240631,first final report with data,yes,yes,True,True,False,
2025-06-23,KXHIGHNY-25JUN23,KXHIGHNY-25JUN23-B98.5,between,98,99,nws_climatological_report_daily,2fbfcf1eb00f541d,no,96.00,0.0000,96,2025-06-24T06:31:00+00:00,CDUS41 KOKX 240631,first final report with data,no,no,True,True,False,
2025-06-23,KXHIGHNY-25JUN23,KXHIGHNY-25JUN23-T101,greater,101,,nws_climatological_report_daily,4a1c06bcb0273a89,no,96.00,0.0000,96,2025-06-24T06:31:00+00:00,CDUS41 KOKX 240631,first final report with data,no,no,True,True,False,
2025-06-23,KXHIGHNY-25JUN23,KXHIGHNY-25JUN23-T94,less,,94,nws_climatological_report_daily,89781ffbfdf4aa0c,no,96.00,0.0000,96,2025-06-24T06:31:00+00:00,CDUS41 KOKX 240631,first final report with data,no,no,True,True,False,
2025-06-24,KXHIGHNY-25JUN24,KXHIGHNY-25JUN24-B100.5,between,100,101,nws_climatological_report_daily,a8a02faaf7114c23,no,99.00,0.0000,99,2025-06-25T06:20:00+00:00,CDUS41 KOKX 250620,first final report with data,no,no,True,True,False,
2025-06-24,KXHIGHNY-25JUN24,KXHIGHNY-25JUN24-B102.5,between,102,103,nws_climatological_report_daily,8fddc94772d8a468,no,99.00,0.0000,99,2025-06-25T06:20:00+00:00,CDUS41 KOKX 250620,first final report with data,no,no,True,True,False,
2025-06-24,KXHIGHNY-25JUN24,KXHIGHNY-25JUN24-B104.5,between,104,105,nws_climatological_report_daily,362a64a06b9d324a,no,99.00,0.0000,99,2025-06-25T06:20:00+00:00,CDUS41 KOKX 250620,first final report with data,no,no,True,True,False,
2025-06-24,KXHIGHNY-25JUN24,KXHIGHNY-25JUN24-B98.5,between,98,99,nws_climatological_report_daily,d1258af464ca4f46,yes,99.00,1.0000,99,2025-06-25T06:20:00+00:00,CDUS41 KOKX 250620,first final report with data,yes,yes,True,True,False,
2025-06-24,KXHIGHNY-25JUN24,KXHIGHNY-25JUN24-T105,greater,105,,nws_climatological_report_daily,58eea0d4abda54a9,no,99.00,0.0000,99,2025-06-25T06:20:00+00:00,CDUS41 KOKX 250620,first final report with data,no,no,True,True,False,
2025-06-24,KXHIGHNY-25JUN24,KXHIGHNY-25JUN24-T98,less,,98,nws_climatological_report_daily,8ba0a13e6d4d7db1,no,99.00,0.0000,99,2025-06-25T06:20:00+00:00,CDUS41 KOKX 250620,first final report with data,no,no,True,True,False,
2025-06-25,KXHIGHNY-25JUN25,KXHIGHNY-25JUN25-B90.5,between,90,91,nws_climatological_report_daily,a82132b0a4bd8749,no,96.00,0.0000,96,2025-06-26T06:17:00+00:00,CDUS41 KOKX 260617,first final report with data,no,no,True,True,False,
2025-06-25,KXHIGHNY-25JUN25,KXHIGHNY-25JUN25-B92.5,between,92,93,nws_climatological_report_daily,5579baf0db20c198,no,96.00,0.0000,96,2025-06-26T06:17:00+00:00,CDUS41 KOKX 260617,first final report with data,no,no,True,True,False,
2025-06-25,KXHIGHNY-25JUN25,KXHIGHNY-25JUN25-B94.5,between,94,95,nws_climatological_report_daily,bcb746597e868bea,no,96.00,0.0000,96,2025-06-26T06:17:00+00:00,CDUS41 KOKX 260617,first final report with data,no,no,True,True,False,
2025-06-25,KXHIGHNY-25JUN25,KXHIGHNY-25JUN25-B96.5,between,96,97,nws_climatological_report_daily,833bf9281c03efa4,yes,96.00,1.0000,96,2025-06-26T06:17:00+00:00,CDUS41 KOKX 260617,first final report with data,yes,yes,True,True,False,
2025-06-25,KXHIGHNY-25JUN25,KXHIGHNY-25JUN25-T90,less,,90,nws_climatological_report_daily,cc31ceb8b97c10fb,no,96.00,0.0000,96,2025-06-26T06:17:00+00:00,CDUS41 KOKX 260617,first final report with data,no,no,True,True,False,
2025-06-25,KXHIGHNY-25JUN25,KXHIGHNY-25JUN25-T97,greater,97,,nws_climatological_report_daily,a108fd2817c2248b,no,96.00,0.0000,96,2025-06-26T06:17:00+00:00,CDUS41 KOKX 260617,first final report with data,no,no,True,True,False,
2025-06-26,KXHIGHNY-25JUN26,KXHIGHNY-25JUN26-B83.5,between,83,84,nws_climatological_report_daily,e22bcee8367328a6,no,85.00,0.0000,85,2025-06-27T06:19:00+00:00,CDUS41 KOKX 270619,first final report with data,no,no,True,True,False,
2025-06-26,KXHIGHNY-25JUN26,KXHIGHNY-25JUN26-B85.5,between,85,86,nws_climatological_report_daily,8ef51667ed33f90d,yes,85.00,1.0000,85,2025-06-27T06:19:00+00:00,CDUS41 KOKX 270619,first final report with data,yes,yes,True,True,False,
2025-06-26,KXHIGHNY-25JUN26,KXHIGHNY-25JUN26-B87.5,between,87,88,nws_climatological_report_daily,111b0efaedb7368b,no,85.00,0.0000,85,2025-06-27T06:19:00+00:00,CDUS41 KOKX 270619,first final report with data,no,no,True,True,False,
2025-06-26,KXHIGHNY-25JUN26,KXHIGHNY-25JUN26-B89.5,between,89,90,nws_climatological_report_daily,33ee18afe25fd90e,no,85.00,0.0000,85,2025-06-27T06:19:00+00:00,CDUS41 KOKX 270619,first final report with data,no,no,True,True,False,
2025-06-26,KXHIGHNY-25JUN26,KXHIGHNY-25JUN26-T83,less,,83,nws_climatological_report_daily,9e2f4ccb2a8db3c2,no,85.00,0.0000,85,2025-06-27T06:19:00+00:00,CDUS41 KOKX 270619,first final report with data,no,no,True,True,False,
2025-06-26,KXHIGHNY-25JUN26,KXHIGHNY-25JUN26-T90,greater,90,,nws_climatological_report_daily,86f129cd1b83cf67,no,85.00,0.0000,85,2025-06-27T06:19:00+00:00,CDUS41 KOKX 270619,first final report with data,no,no,True,True,False,
2025-06-27,KXHIGHNY-25JUN27,KXHIGHNY-25JUN27-B67.5,between,67,68,nws_climatological_report_daily,3588a355d7c7843c,no,72.00,0.0000,72,2025-06-28T06:42:00+00:00,CDUS41 KOKX 280642,first final report with data,no,no,True,True,False,
2025-06-27,KXHIGHNY-25JUN27,KXHIGHNY-25JUN27-B69.5,between,69,70,nws_climatological_report_daily,3b2b8ab8313145d7,no,72.00,0.0000,72,2025-06-28T06:42:00+00:00,CDUS41 KOKX 280642,first final report with data,no,no,True,True,False,
2025-06-27,KXHIGHNY-25JUN27,KXHIGHNY-25JUN27-B71.5,between,71,72,nws_climatological_report_daily,30e6eb45476de03c,yes,72.00,1.0000,72,2025-06-28T06:42:00+00:00,CDUS41 KOKX 280642,first final report with data,yes,yes,True,True,False,
2025-06-27,KXHIGHNY-25JUN27,KXHIGHNY-25JUN27-B73.5,between,73,74,nws_climatological_report_daily,cc7ca8f5d4b6eb15,no,72.00,0.0000,72,2025-06-28T06:42:00+00:00,CDUS41 KOKX 280642,first final report with data,no,no,True,True,False,
2025-06-27,KXHIGHNY-25JUN27,KXHIGHNY-25JUN27-T67,less,,67,nws_climatological_report_daily,0321db2e7b171fb0,no,72.00,0.0000,72,2025-06-28T06:42:00+00:00,CDUS41 KOKX 280642,first final report with data,no,no,True,True,False,
2025-06-27,KXHIGHNY-25JUN27,KXHIGHNY-25JUN27-T74,greater,74,,nws_climatological_report_daily,01f0cfa9aae0db70,no,72.00,0.0000,72,2025-06-28T06:42:00+00:00,CDUS41 KOKX 280642,first final report with data,no,no,True,True,False,
2025-06-28,KXHIGHNY-25JUN28,KXHIGHNY-25JUN28-B82.5,between,82,83,nws_climatological_report_daily,1fae6721fc4eaf9b,yes,83.00,1.0000,83,2025-06-29T06:35:00+00:00,CDUS41 KOKX 290635,first final report with data,yes,yes,True,True,False,
2025-06-28,KXHIGHNY-25JUN28,KXHIGHNY-25JUN28-B84.5,between,84,85,nws_climatological_report_daily,1798011ab2cfa876,no,83.00,0.0000,83,2025-06-29T06:35:00+00:00,CDUS41 KOKX 290635,first final report with data,no,no,True,True,False,
2025-06-28,KXHIGHNY-25JUN28,KXHIGHNY-25JUN28-B86.5,between,86,87,nws_climatological_report_daily,8a414e545ad4ec7d,no,83.00,0.0000,83,2025-06-29T06:35:00+00:00,CDUS41 KOKX 290635,first final report with data,no,no,True,True,False,
2025-06-28,KXHIGHNY-25JUN28,KXHIGHNY-25JUN28-B88.5,between,88,89,nws_climatological_report_daily,0439001fa8329841,no,83.00,0.0000,83,2025-06-29T06:35:00+00:00,CDUS41 KOKX 290635,first final report with data,no,no,True,True,False,
2025-06-28,KXHIGHNY-25JUN28,KXHIGHNY-25JUN28-T82,less,,82,nws_climatological_report_daily,ca2fb523ddb4e1d9,no,83.00,0.0000,83,2025-06-29T06:35:00+00:00,CDUS41 KOKX 290635,first final report with data,no,no,True,True,False,
2025-06-28,KXHIGHNY-25JUN28,KXHIGHNY-25JUN28-T89,greater,89,,nws_climatological_report_daily,90c3e0553b1034b8,no,83.00,0.0000,83,2025-06-29T06:35:00+00:00,CDUS41 KOKX 290635,first final report with data,no,no,True,True,False,
2025-06-29,KXHIGHNY-25JUN29,KXHIGHNY-25JUN29-B88.5,between,88,89,nws_climatological_report_daily,a648dd95894ca3c0,yes,89.00,1.0000,89,2025-06-30T06:30:00+00:00,CDUS41 KOKX 300630,first final report with data,yes,yes,True,True,False,
2025-06-29,KXHIGHNY-25JUN29,KXHIGHNY-25JUN29-B90.5,between,90,91,nws_climatological_report_daily,4aec4f2a62ff3a3d,no,89.00,0.0000,89,2025-06-30T06:30:00+00:00,CDUS41 KOKX 300630,first final report with data,no,no,True,True,False,
2025-06-29,KXHIGHNY-25JUN29,KXHIGHNY-25JUN29-B92.5,between,92,93,nws_climatological_report_daily,340060984931851f,no,89.00,0.0000,89,2025-06-30T06:30:00+00:00,CDUS41 KOKX 300630,first final report with data,no,no,True,True,False,
2025-06-29,KXHIGHNY-25JUN29,KXHIGHNY-25JUN29-B94.5,between,94,95,nws_climatological_report_daily,021ce3609370477b,no,89.00,0.0000,89,2025-06-30T06:30:00+00:00,CDUS41 KOKX 300630,first final report with data,no,no,True,True,False,
2025-06-29,KXHIGHNY-25JUN29,KXHIGHNY-25JUN29-T88,less,,88,nws_climatological_report_daily,cc4de8c314284515,no,89.00,0.0000,89,2025-06-30T06:30:00+00:00,CDUS41 KOKX 300630,first final report with data,no,no,True,True,False,
2025-06-29,KXHIGHNY-25JUN29,KXHIGHNY-25JUN29-T95,greater,95,,nws_climatological_report_daily,f4764ce17888e563,no,89.00,0.0000,89,2025-06-30T06:30:00+00:00,CDUS41 KOKX 300630,first final report with data,no,no,True,True,False,
2025-06-30,KXHIGHNY-25JUN30,KXHIGHNY-25JUN30-B86.5,between,86,87,nws_climatological_report_daily,27fee2d4fc6e22ba,no,90.00,0.0000,90,2025-07-01T13:30:00+00:00,CDUS41 KOKX 011330,first final report with data,no,no,True,True,False,
2025-06-30,KXHIGHNY-25JUN30,KXHIGHNY-25JUN30-B88.5,between,88,89,nws_climatological_report_daily,36b888903e356f90,no,90.00,0.0000,90,2025-07-01T13:30:00+00:00,CDUS41 KOKX 011330,first final report with data,no,no,True,True,False,
2025-06-30,KXHIGHNY-25JUN30,KXHIGHNY-25JUN30-B90.5,between,90,91,nws_climatological_report_daily,36162011bae7b12f,yes,90.00,1.0000,90,2025-07-01T13:30:00+00:00,CDUS41 KOKX 011330,first final report with data,yes,yes,True,True,False,
2025-06-30,KXHIGHNY-25JUN30,KXHIGHNY-25JUN30-B92.5,between,92,93,nws_climatological_report_daily,5aab0b8bbf19ac91,no,90.00,0.0000,90,2025-07-01T13:30:00+00:00,CDUS41 KOKX 011330,first final report with data,no,no,True,True,False,
2025-06-30,KXHIGHNY-25JUN30,KXHIGHNY-25JUN30-T86,less,,86,nws_climatological_report_daily,7756c49e2290ce64,no,90.00,0.0000,90,2025-07-01T13:30:00+00:00,CDUS41 KOKX 011330,first final report with data,no,no,True,True,False,
2025-06-30,KXHIGHNY-25JUN30,KXHIGHNY-25JUN30-T93,greater,93,,nws_climatological_report_daily,52e7f5aa45d4b9e3,no,90.00,0.0000,90,2025-07-01T13:30:00+00:00,CDUS41 KOKX 011330,first final report with data,no,no,True,True,False,
2025-07-01,KXHIGHNY-25JUL01,KXHIGHNY-25JUL01-B84.5,between,84,85,nws_climatological_report_daily,6b61df19d339b496,no,89.00,0.0000,89,2025-07-02T06:27:00+00:00,CDUS41 KOKX 020627,first final report with data,no,no,True,True,False,
2025-07-01,KXHIGHNY-25JUL01,KXHIGHNY-25JUL01-B86.5,between,86,87,nws_climatological_report_daily,18b31459d4b812ff,no,89.00,0.0000,89,2025-07-02T06:27:00+00:00,CDUS41 KOKX 020627,first final report with data,no,no,True,True,False,
2025-07-01,KXHIGHNY-25JUL01,KXHIGHNY-25JUL01-B88.5,between,88,89,nws_climatological_report_daily,9dcd12e90ee06834,yes,89.00,1.0000,89,2025-07-02T06:27:00+00:00,CDUS41 KOKX 020627,first final report with data,yes,yes,True,True,False,
2025-07-01,KXHIGHNY-25JUL01,KXHIGHNY-25JUL01-B90.5,between,90,91,nws_climatological_report_daily,1b338cdd3289b83f,no,89.00,0.0000,89,2025-07-02T06:27:00+00:00,CDUS41 KOKX 020627,first final report with data,no,no,True,True,False,
2025-07-01,KXHIGHNY-25JUL01,KXHIGHNY-25JUL01-T84,less,,84,nws_climatological_report_daily,7fb0107ac19edc6c,no,89.00,0.0000,89,2025-07-02T06:27:00+00:00,CDUS41 KOKX 020627,first final report with data,no,no,True,True,False,
2025-07-01,KXHIGHNY-25JUL01,KXHIGHNY-25JUL01-T91,greater,91,,nws_climatological_report_daily,ce4d0c0370709372,no,89.00,0.0000,89,2025-07-02T06:27:00+00:00,CDUS41 KOKX 020627,first final report with data,no,no,True,True,False,
2025-07-02,KXHIGHNY-25JUL02,KXHIGHNY-25JUL02-B79.5,between,79,80,nws_climatological_report_daily,eec1cb7870cd04c0,no,84.00,0.0000,84,2025-07-03T06:16:00+00:00,CDUS41 KOKX 030616,first final report with data,no,no,True,True,False,
2025-07-02,KXHIGHNY-25JUL02,KXHIGHNY-25JUL02-B81.5,between,81,82,nws_climatological_report_daily,072fdd54648712ec,no,84.00,0.0000,84,2025-07-03T06:16:00+00:00,CDUS41 KOKX 030616,first final report with data,no,no,True,True,False,
2025-07-02,KXHIGHNY-25JUL02,KXHIGHNY-25JUL02-B83.5,between,83,84,nws_climatological_report_daily,caec5333bc77e1ff,yes,84.00,1.0000,84,2025-07-03T06:16:00+00:00,CDUS41 KOKX 030616,first final report with data,yes,yes,True,True,False,
2025-07-02,KXHIGHNY-25JUL02,KXHIGHNY-25JUL02-B85.5,between,85,86,nws_climatological_report_daily,8c69f7a7718aa70f,no,84.00,0.0000,84,2025-07-03T06:16:00+00:00,CDUS41 KOKX 030616,first final report with data,no,no,True,True,False,
2025-07-02,KXHIGHNY-25JUL02,KXHIGHNY-25JUL02-T79,less,,79,nws_climatological_report_daily,cf289adb0d43adfe,no,84.00,0.0000,84,2025-07-03T06:16:00+00:00,CDUS41 KOKX 030616,first final report with data,no,no,True,True,False,
2025-07-02,KXHIGHNY-25JUL02,KXHIGHNY-25JUL02-T86,greater,86,,nws_climatological_report_daily,f289aa6d79486364,no,84.00,0.0000,84,2025-07-03T06:16:00+00:00,CDUS41 KOKX 030616,first final report with data,no,no,True,True,False,
2025-07-03,KXHIGHNY-25JUL03,KXHIGHNY-25JUL03-B85.5,between,85,86,nws_climatological_report_daily,d21cdb99543b569e,no,88.00,0.0000,88,2025-07-04T06:16:00+00:00,CDUS41 KOKX 040616,first final report with data,no,no,True,True,False,
2025-07-03,KXHIGHNY-25JUL03,KXHIGHNY-25JUL03-B87.5,between,87,88,nws_climatological_report_daily,38f3028af928feca,yes,88.00,1.0000,88,2025-07-04T06:16:00+00:00,CDUS41 KOKX 040616,first final report with data,yes,yes,True,True,False,
2025-07-03,KXHIGHNY-25JUL03,KXHIGHNY-25JUL03-B89.5,between,89,90,nws_climatological_report_daily,2e9a5f4da2edf188,no,88.00,0.0000,88,2025-07-04T06:16:00+00:00,CDUS41 KOKX 040616,first final report with data,no,no,True,True,False,
2025-07-03,KXHIGHNY-25JUL03,KXHIGHNY-25JUL03-B91.5,between,91,92,nws_climatological_report_daily,577e96127df977e4,no,88.00,0.0000,88,2025-07-04T06:16:00+00:00,CDUS41 KOKX 040616,first final report with data,no,no,True,True,False,
2025-07-03,KXHIGHNY-25JUL03,KXHIGHNY-25JUL03-T85,less,,85,nws_climatological_report_daily,1c2b4860e8ca73dc,no,88.00,0.0000,88,2025-07-04T06:16:00+00:00,CDUS41 KOKX 040616,first final report with data,no,no,True,True,False,
2025-07-03,KXHIGHNY-25JUL03,KXHIGHNY-25JUL03-T92,greater,92,,nws_climatological_report_daily,618a154839796ea9,no,88.00,0.0000,88,2025-07-04T06:16:00+00:00,CDUS41 KOKX 040616,first final report with data,no,no,True,True,False,
2025-07-04,KXHIGHNY-25JUL04,KXHIGHNY-25JUL04-B82.5,between,82,83,nws_climatological_report_daily,23dcfb9b826c62b9,yes,83.00,1.0000,83,2025-07-05T06:17:00+00:00,CDUS41 KOKX 050617,first final report with data,yes,yes,True,True,False,
2025-07-04,KXHIGHNY-25JUL04,KXHIGHNY-25JUL04-B84.5,between,84,85,nws_climatological_report_daily,c13b4473ac07532e,no,83.00,0.0000,83,2025-07-05T06:17:00+00:00,CDUS41 KOKX 050617,first final report with data,no,no,True,True,False,
2025-07-04,KXHIGHNY-25JUL04,KXHIGHNY-25JUL04-B86.5,between,86,87,nws_climatological_report_daily,f453db156111f51d,no,83.00,0.0000,83,2025-07-05T06:17:00+00:00,CDUS41 KOKX 050617,first final report with data,no,no,True,True,False,
2025-07-04,KXHIGHNY-25JUL04,KXHIGHNY-25JUL04-B88.5,between,88,89,nws_climatological_report_daily,3eb81ec1e61779f9,no,83.00,0.0000,83,2025-07-05T06:17:00+00:00,CDUS41 KOKX 050617,first final report with data,no,no,True,True,False,
2025-07-04,KXHIGHNY-25JUL04,KXHIGHNY-25JUL04-T82,less,,82,nws_climatological_report_daily,e741cba9f7ab609c,no,83.00,0.0000,83,2025-07-05T06:17:00+00:00,CDUS41 KOKX 050617,first final report with data,no,no,True,True,False,
2025-07-04,KXHIGHNY-25JUL04,KXHIGHNY-25JUL04-T89,greater,89,,nws_climatological_report_daily,3157997c7a75dfbb,no,83.00,0.0000,83,2025-07-05T06:17:00+00:00,CDUS41 KOKX 050617,first final report with data,no,no,True,True,False,
2025-07-05,KXHIGHNY-25JUL05,KXHIGHNY-25JUL05-B82.5,between,82,83,nws_climatological_report_daily,07e543c09e0ee060,no,84.00,0.0000,84,2025-07-06T06:18:00+00:00,CDUS41 KOKX 060618,first final report with data,no,no,True,True,False,
2025-07-05,KXHIGHNY-25JUL05,KXHIGHNY-25JUL05-B84.5,between,84,85,nws_climatological_report_daily,9adc22fbd41f8725,yes,84.00,1.0000,84,2025-07-06T06:18:00+00:00,CDUS41 KOKX 060618,first final report with data,yes,yes,True,True,False,
2025-07-05,KXHIGHNY-25JUL05,KXHIGHNY-25JUL05-B86.5,between,86,87,nws_climatological_report_daily,050bb9e973702412,no,84.00,0.0000,84,2025-07-06T06:18:00+00:00,CDUS41 KOKX 060618,first final report with data,no,no,True,True,False,
2025-07-05,KXHIGHNY-25JUL05,KXHIGHNY-25JUL05-B88.5,between,88,89,nws_climatological_report_daily,f9d9a808453c5ad1,no,84.00,0.0000,84,2025-07-06T06:18:00+00:00,CDUS41 KOKX 060618,first final report with data,no,no,True,True,False,
2025-07-05,KXHIGHNY-25JUL05,KXHIGHNY-25JUL05-T82,less,,82,nws_climatological_report_daily,230f8688a9dea1c5,no,84.00,0.0000,84,2025-07-06T06:18:00+00:00,CDUS41 KOKX 060618,first final report with data,no,no,True,True,False,
2025-07-05,KXHIGHNY-25JUL05,KXHIGHNY-25JUL05-T89,greater,89,,nws_climatological_report_daily,4657f2f7d980ffc5,no,84.00,0.0000,84,2025-07-06T06:18:00+00:00,CDUS41 KOKX 060618,first final report with data,no,no,True,True,False,
2025-07-06,KXHIGHNY-25JUL06,KXHIGHNY-25JUL06-B86.5,between,86,87,nws_climatological_report_daily,b2b454fe64a5b74c,yes,87.00,1.0000,87,2025-07-07T06:17:00+00:00,CDUS41 KOKX 070617,first final report with data,yes,yes,True,True,False,
2025-07-06,KXHIGHNY-25JUL06,KXHIGHNY-25JUL06-B88.5,between,88,89,nws_climatological_report_daily,603b363d3d9402de,no,87.00,0.0000,87,2025-07-07T06:17:00+00:00,CDUS41 KOKX 070617,first final report with data,no,no,True,True,False,
2025-07-06,KXHIGHNY-25JUL06,KXHIGHNY-25JUL06-B90.5,between,90,91,nws_climatological_report_daily,70eda56af34b71b8,no,87.00,0.0000,87,2025-07-07T06:17:00+00:00,CDUS41 KOKX 070617,first final report with data,no,no,True,True,False,
2025-07-06,KXHIGHNY-25JUL06,KXHIGHNY-25JUL06-B92.5,between,92,93,nws_climatological_report_daily,bb17a8f920f50f60,no,87.00,0.0000,87,2025-07-07T06:17:00+00:00,CDUS41 KOKX 070617,first final report with data,no,no,True,True,False,
2025-07-06,KXHIGHNY-25JUL06,KXHIGHNY-25JUL06-T86,less,,86,nws_climatological_report_daily,00222b996092462c,no,87.00,0.0000,87,2025-07-07T06:17:00+00:00,CDUS41 KOKX 070617,first final report with data,no,no,True,True,False,
2025-07-06,KXHIGHNY-25JUL06,KXHIGHNY-25JUL06-T93,greater,93,,nws_climatological_report_daily,1330d53d9f1e74cd,no,87.00,0.0000,87,2025-07-07T06:17:00+00:00,CDUS41 KOKX 070617,first final report with data,no,no,True,True,False,
2025-07-07,KXHIGHNY-25JUL07,KXHIGHNY-25JUL07-B83.5,between,83,84,nws_climatological_report_daily,c30b61fd45c36c8c,no,87.00,0.0000,87,2025-07-08T06:17:00+00:00,CDUS41 KOKX 080617,first final report with data,no,no,True,True,False,
2025-07-07,KXHIGHNY-25JUL07,KXHIGHNY-25JUL07-B85.5,between,85,86,nws_climatological_report_daily,3f889f184288e445,no,87.00,0.0000,87,2025-07-08T06:17:00+00:00,CDUS41 KOKX 080617,first final report with data,no,no,True,True,False,
2025-07-07,KXHIGHNY-25JUL07,KXHIGHNY-25JUL07-B87.5,between,87,88,nws_climatological_report_daily,e4535766ebb7d168,yes,87.00,1.0000,87,2025-07-08T06:17:00+00:00,CDUS41 KOKX 080617,first final report with data,yes,yes,True,True,False,
2025-07-07,KXHIGHNY-25JUL07,KXHIGHNY-25JUL07-B89.5,between,89,90,nws_climatological_report_daily,a0d522a60a651770,no,87.00,0.0000,87,2025-07-08T06:17:00+00:00,CDUS41 KOKX 080617,first final report with data,no,no,True,True,False,
2025-07-07,KXHIGHNY-25JUL07,KXHIGHNY-25JUL07-T83,less,,83,nws_climatological_report_daily,d43e29785f3f377f,no,87.00,0.0000,87,2025-07-08T06:17:00+00:00,CDUS41 KOKX 080617,first final report with data,no,no,True,True,False,
2025-07-07,KXHIGHNY-25JUL07,KXHIGHNY-25JUL07-T90,greater,90,,nws_climatological_report_daily,bfb1015a57de302b,no,87.00,0.0000,87,2025-07-08T06:17:00+00:00,CDUS41 KOKX 080617,first final report with data,no,no,True,True,False,
2025-07-08,KXHIGHNY-25JUL08,KXHIGHNY-25JUL08-B88.5,between,88,89,nws_climatological_report_daily,4343cd62f9cc731b,no,93.00,0.0000,93,2025-07-09T06:37:00+00:00,CDUS41 KOKX 090637,first final report with data,no,no,True,True,False,
2025-07-08,KXHIGHNY-25JUL08,KXHIGHNY-25JUL08-B90.5,between,90,91,nws_climatological_report_daily,faf00412e50b6b8f,no,93.00,0.0000,93,2025-07-09T06:37:00+00:00,CDUS41 KOKX 090637,first final report with data,no,no,True,True,False,
2025-07-08,KXHIGHNY-25JUL08,KXHIGHNY-25JUL08-B92.5,between,92,93,nws_climatological_report_daily,f581b2d901753d29,yes,93.00,1.0000,93,2025-07-09T06:37:00+00:00,CDUS41 KOKX 090637,first final report with data,yes,yes,True,True,False,
2025-07-08,KXHIGHNY-25JUL08,KXHIGHNY-25JUL08-B94.5,between,94,95,nws_climatological_report_daily,242d4f7d0b4b7402,no,93.00,0.0000,93,2025-07-09T06:37:00+00:00,CDUS41 KOKX 090637,first final report with data,no,no,True,True,False,
2025-07-08,KXHIGHNY-25JUL08,KXHIGHNY-25JUL08-T88,less,,88,nws_climatological_report_daily,9ca0a37cb63f7bfa,no,93.00,0.0000,93,2025-07-09T06:37:00+00:00,CDUS41 KOKX 090637,first final report with data,no,no,True,True,False,
2025-07-08,KXHIGHNY-25JUL08,KXHIGHNY-25JUL08-T95,greater,95,,nws_climatological_report_daily,96ae42b2ad7790c5,no,93.00,0.0000,93,2025-07-09T06:37:00+00:00,CDUS41 KOKX 090637,first final report with data,no,no,True,True,False,
2025-07-09,KXHIGHNY-25JUL09,KXHIGHNY-25JUL09-B84.5,between,84,85,nws_climatological_report_daily,1dd029708eed79fd,no,90.00,0.0000,90,2025-07-10T06:22:00+00:00,CDUS41 KOKX 100622,first final report with data,no,no,True,True,False,
2025-07-09,KXHIGHNY-25JUL09,KXHIGHNY-25JUL09-B86.5,between,86,87,nws_climatological_report_daily,17af861c3dfdc978,no,90.00,0.0000,90,2025-07-10T06:22:00+00:00,CDUS41 KOKX 100622,first final report with data,no,no,True,True,False,
2025-07-09,KXHIGHNY-25JUL09,KXHIGHNY-25JUL09-B88.5,between,88,89,nws_climatological_report_daily,b5b5b94f8b9161f4,no,90.00,0.0000,90,2025-07-10T06:22:00+00:00,CDUS41 KOKX 100622,first final report with data,no,no,True,True,False,
2025-07-09,KXHIGHNY-25JUL09,KXHIGHNY-25JUL09-B90.5,between,90,91,nws_climatological_report_daily,0eb8031eb81b3b5a,yes,90.00,1.0000,90,2025-07-10T06:22:00+00:00,CDUS41 KOKX 100622,first final report with data,yes,yes,True,True,False,
2025-07-09,KXHIGHNY-25JUL09,KXHIGHNY-25JUL09-T84,less,,84,nws_climatological_report_daily,03b7e1d4e823717d,no,90.00,0.0000,90,2025-07-10T06:22:00+00:00,CDUS41 KOKX 100622,first final report with data,no,no,True,True,False,
2025-07-09,KXHIGHNY-25JUL09,KXHIGHNY-25JUL09-T91,greater,91,,nws_climatological_report_daily,44834de79f139f8e,no,90.00,0.0000,90,2025-07-10T06:22:00+00:00,CDUS41 KOKX 100622,first final report with data,no,no,True,True,False,
2025-07-10,KXHIGHNY-25JUL10,KXHIGHNY-25JUL10-B77.5,between,77,78,nws_climatological_report_daily,9ac4a082907a046f,no,84.00,0.0000,84,2025-07-11T06:17:00+00:00,CDUS41 KOKX 110617,first final report with data,no,no,True,True,False,
2025-07-10,KXHIGHNY-25JUL10,KXHIGHNY-25JUL10-B79.5,between,79,80,nws_climatological_report_daily,bf7fdab2e6a06dda,no,84.00,0.0000,84,2025-07-11T06:17:00+00:00,CDUS41 KOKX 110617,first final report with data,no,no,True,True,False,
2025-07-10,KXHIGHNY-25JUL10,KXHIGHNY-25JUL10-B81.5,between,81,82,nws_climatological_report_daily,e63f016535d1e74e,no,84.00,0.0000,84,2025-07-11T06:17:00+00:00,CDUS41 KOKX 110617,first final report with data,no,no,True,True,False,
2025-07-10,KXHIGHNY-25JUL10,KXHIGHNY-25JUL10-B83.5,between,83,84,nws_climatological_report_daily,e55cbb9a2affdabd,yes,84.00,1.0000,84,2025-07-11T06:17:00+00:00,CDUS41 KOKX 110617,first final report with data,yes,yes,True,True,False,
2025-07-10,KXHIGHNY-25JUL10,KXHIGHNY-25JUL10-T77,less,,77,nws_climatological_report_daily,b3891c7cdeb903ee,no,84.00,0.0000,84,2025-07-11T06:17:00+00:00,CDUS41 KOKX 110617,first final report with data,no,no,True,True,False,
2025-07-10,KXHIGHNY-25JUL10,KXHIGHNY-25JUL10-T84,greater,84,,nws_climatological_report_daily,a3886aadcd7f182c,no,84.00,0.0000,84,2025-07-11T06:17:00+00:00,CDUS41 KOKX 110617,first final report with data,no,no,True,True,False,
2025-07-11,KXHIGHNY-25JUL11,KXHIGHNY-25JUL11-B83.5,between,83,84,nws_climatological_report_daily,29fe43e04d655918,yes,84.00,1.0000,84,2025-07-12T06:19:00+00:00,CDUS41 KOKX 120619,first final report with data,yes,yes,True,True,False,
2025-07-11,KXHIGHNY-25JUL11,KXHIGHNY-25JUL11-B85.5,between,85,86,nws_climatological_report_daily,63c4c184cbb79aed,no,84.00,0.0000,84,2025-07-12T06:19:00+00:00,CDUS41 KOKX 120619,first final report with data,no,no,True,True,False,
2025-07-11,KXHIGHNY-25JUL11,KXHIGHNY-25JUL11-B87.5,between,87,88,nws_climatological_report_daily,1cd0b24b071ac29d,no,84.00,0.0000,84,2025-07-12T06:19:00+00:00,CDUS41 KOKX 120619,first final report with data,no,no,True,True,False,
2025-07-11,KXHIGHNY-25JUL11,KXHIGHNY-25JUL11-B89.5,between,89,90,nws_climatological_report_daily,2fa4ba2d5ddcf6b4,no,84.00,0.0000,84,2025-07-12T06:19:00+00:00,CDUS41 KOKX 120619,first final report with data,no,no,True,True,False,
2025-07-11,KXHIGHNY-25JUL11,KXHIGHNY-25JUL11-T83,less,,83,nws_climatological_report_daily,2274b0baf39cd4b3,no,84.00,0.0000,84,2025-07-12T06:19:00+00:00,CDUS41 KOKX 120619,first final report with data,no,no,True,True,False,
2025-07-11,KXHIGHNY-25JUL11,KXHIGHNY-25JUL11-T90,greater,90,,nws_climatological_report_daily,4382d91cfd381333,no,84.00,0.0000,84,2025-07-12T06:19:00+00:00,CDUS41 KOKX 120619,first final report with data,no,no,True,True,False,
2025-07-12,KXHIGHNY-25JUL12,KXHIGHNY-25JUL12-B82.5,between,82,83,nws_climatological_report_daily,4d58956b258c6f07,yes,83.00,1.0000,83,2025-07-13T06:23:00+00:00,CDUS41 KOKX 130623,first final report with data,yes,yes,True,True,False,
2025-07-12,KXHIGHNY-25JUL12,KXHIGHNY-25JUL12-B84.5,between,84,85,nws_climatological_report_daily,348fccde185f2598,no,83.00,0.0000,83,2025-07-13T06:23:00+00:00,CDUS41 KOKX 130623,first final report with data,no,no,True,True,False,
2025-07-12,KXHIGHNY-25JUL12,KXHIGHNY-25JUL12-B86.5,between,86,87,nws_climatological_report_daily,13a219747553cbb2,no,83.00,0.0000,83,2025-07-13T06:23:00+00:00,CDUS41 KOKX 130623,first final report with data,no,no,True,True,False,
2025-07-12,KXHIGHNY-25JUL12,KXHIGHNY-25JUL12-B88.5,between,88,89,nws_climatological_report_daily,c521178b9dd69986,no,83.00,0.0000,83,2025-07-13T06:23:00+00:00,CDUS41 KOKX 130623,first final report with data,no,no,True,True,False,
2025-07-12,KXHIGHNY-25JUL12,KXHIGHNY-25JUL12-T82,less,,82,nws_climatological_report_daily,85b2b228191e422f,no,83.00,0.0000,83,2025-07-13T06:23:00+00:00,CDUS41 KOKX 130623,first final report with data,no,no,True,True,False,
2025-07-12,KXHIGHNY-25JUL12,KXHIGHNY-25JUL12-T89,greater,89,,nws_climatological_report_daily,6c64bf94e799c28c,no,83.00,0.0000,83,2025-07-13T06:23:00+00:00,CDUS41 KOKX 130623,first final report with data,no,no,True,True,False,
2025-07-13,KXHIGHNY-25JUL13,KXHIGHNY-25JUL13-B82.5,between,82,83,nws_climatological_report_daily,2642a9fac9f6e484,yes,83.00,1.0000,83,2025-07-14T06:27:00+00:00,CDUS41 KOKX 140627,first final report with data,yes,yes,True,True,False,
2025-07-13,KXHIGHNY-25JUL13,KXHIGHNY-25JUL13-B84.5,between,84,85,nws_climatological_report_daily,13077e5a85739c38,no,83.00,0.0000,83,2025-07-14T06:27:00+00:00,CDUS41 KOKX 140627,first final report with data,no,no,True,True,False,
2025-07-13,KXHIGHNY-25JUL13,KXHIGHNY-25JUL13-B86.5,between,86,87,nws_climatological_report_daily,ecf36df97e888092,no,83.00,0.0000,83,2025-07-14T06:27:00+00:00,CDUS41 KOKX 140627,first final report with data,no,no,True,True,False,
2025-07-13,KXHIGHNY-25JUL13,KXHIGHNY-25JUL13-B88.5,between,88,89,nws_climatological_report_daily,791e7e5064a3bcbb,no,83.00,0.0000,83,2025-07-14T06:27:00+00:00,CDUS41 KOKX 140627,first final report with data,no,no,True,True,False,
2025-07-13,KXHIGHNY-25JUL13,KXHIGHNY-25JUL13-T82,less,,82,nws_climatological_report_daily,37846081bf55eefa,no,83.00,0.0000,83,2025-07-14T06:27:00+00:00,CDUS41 KOKX 140627,first final report with data,no,no,True,True,False,
2025-07-13,KXHIGHNY-25JUL13,KXHIGHNY-25JUL13-T89,greater,89,,nws_climatological_report_daily,9643fdcc05b7115d,no,83.00,0.0000,83,2025-07-14T06:27:00+00:00,CDUS41 KOKX 140627,first final report with data,no,no,True,True,False,
2025-07-14,KXHIGHNY-25JUL14,KXHIGHNY-25JUL14-B82.5,between,82,83,nws_climatological_report_daily,2fd1cbf0b7a0bccb,no,85.00,0.0000,85,2025-07-15T06:38:00+00:00,CDUS41 KOKX 150638,first final report with data,no,no,True,True,False,
2025-07-14,KXHIGHNY-25JUL14,KXHIGHNY-25JUL14-B84.5,between,84,85,nws_climatological_report_daily,8695ff58d6bd15a8,yes,85.00,1.0000,85,2025-07-15T06:38:00+00:00,CDUS41 KOKX 150638,first final report with data,yes,yes,True,True,False,
2025-07-14,KXHIGHNY-25JUL14,KXHIGHNY-25JUL14-B86.5,between,86,87,nws_climatological_report_daily,718fb2fde1b374f7,no,85.00,0.0000,85,2025-07-15T06:38:00+00:00,CDUS41 KOKX 150638,first final report with data,no,no,True,True,False,
2025-07-14,KXHIGHNY-25JUL14,KXHIGHNY-25JUL14-B88.5,between,88,89,nws_climatological_report_daily,e76b036e84849a36,no,85.00,0.0000,85,2025-07-15T06:38:00+00:00,CDUS41 KOKX 150638,first final report with data,no,no,True,True,False,
2025-07-14,KXHIGHNY-25JUL14,KXHIGHNY-25JUL14-T82,less,,82,nws_climatological_report_daily,a9ffaa3edd27eb4d,no,85.00,0.0000,85,2025-07-15T06:38:00+00:00,CDUS41 KOKX 150638,first final report with data,no,no,True,True,False,
2025-07-14,KXHIGHNY-25JUL14,KXHIGHNY-25JUL14-T89,greater,89,,nws_climatological_report_daily,d175d18ad5561b31,no,85.00,0.0000,85,2025-07-15T06:38:00+00:00,CDUS41 KOKX 150638,first final report with data,no,no,True,True,False,
2025-07-15,KXHIGHNY-25JUL15,KXHIGHNY-25JUL15-B82.5,between,82,83,nws_climatological_report_daily,cbd5cc9be8b9daae,no,86.00,0.0000,86,2025-07-16T06:42:00+00:00,CDUS41 KOKX 160642,first final report with data,no,no,True,True,False,
2025-07-15,KXHIGHNY-25JUL15,KXHIGHNY-25JUL15-B84.5,between,84,85,nws_climatological_report_daily,7baa1d91b8963e82,no,86.00,0.0000,86,2025-07-16T06:42:00+00:00,CDUS41 KOKX 160642,first final report with data,no,no,True,True,False,
2025-07-15,KXHIGHNY-25JUL15,KXHIGHNY-25JUL15-B86.5,between,86,87,nws_climatological_report_daily,832b8419e2e4eba4,yes,86.00,1.0000,86,2025-07-16T06:42:00+00:00,CDUS41 KOKX 160642,first final report with data,yes,yes,True,True,False,
2025-07-15,KXHIGHNY-25JUL15,KXHIGHNY-25JUL15-B88.5,between,88,89,nws_climatological_report_daily,c7a592516ca1ab54,no,86.00,0.0000,86,2025-07-16T06:42:00+00:00,CDUS41 KOKX 160642,first final report with data,no,no,True,True,False,
2025-07-15,KXHIGHNY-25JUL15,KXHIGHNY-25JUL15-T82,less,,82,nws_climatological_report_daily,36e4e7a986e49bff,no,86.00,0.0000,86,2025-07-16T06:42:00+00:00,CDUS41 KOKX 160642,first final report with data,no,no,True,True,False,
2025-07-15,KXHIGHNY-25JUL15,KXHIGHNY-25JUL15-T89,greater,89,,nws_climatological_report_daily,08f1876941fe215b,no,86.00,0.0000,86,2025-07-16T06:42:00+00:00,CDUS41 KOKX 160642,first final report with data,no,no,True,True,False,
2025-07-16,KXHIGHNY-25JUL16,KXHIGHNY-25JUL16-B86.5,between,86,87,nws_climatological_report_daily,1fc38ebd0b9ed55a,yes,87.00,1.0000,87,2025-07-17T07:38:00+00:00,CDUS41 KOKX 170738,first final report with data,yes,yes,True,True,False,
2025-07-16,KXHIGHNY-25JUL16,KXHIGHNY-25JUL16-B88.5,between,88,89,nws_climatological_report_daily,f9de1aae1eb2b265,no,87.00,0.0000,87,2025-07-17T07:38:00+00:00,CDUS41 KOKX 170738,first final report with data,no,no,True,True,False,
2025-07-16,KXHIGHNY-25JUL16,KXHIGHNY-25JUL16-B90.5,between,90,91,nws_climatological_report_daily,5774104f461947d5,no,87.00,0.0000,87,2025-07-17T07:38:00+00:00,CDUS41 KOKX 170738,first final report with data,no,no,True,True,False,
2025-07-16,KXHIGHNY-25JUL16,KXHIGHNY-25JUL16-B92.5,between,92,93,nws_climatological_report_daily,98137be28b64b690,no,87.00,0.0000,87,2025-07-17T07:38:00+00:00,CDUS41 KOKX 170738,first final report with data,no,no,True,True,False,
2025-07-16,KXHIGHNY-25JUL16,KXHIGHNY-25JUL16-T86,less,,86,nws_climatological_report_daily,91e51de9f6363c88,no,87.00,0.0000,87,2025-07-17T07:38:00+00:00,CDUS41 KOKX 170738,first final report with data,no,no,True,True,False,
2025-07-16,KXHIGHNY-25JUL16,KXHIGHNY-25JUL16-T93,greater,93,,nws_climatological_report_daily,cf7aa3c58ec81ecf,no,87.00,0.0000,87,2025-07-17T07:38:00+00:00,CDUS41 KOKX 170738,first final report with data,no,no,True,True,False,
2025-07-17,KXHIGHNY-25JUL17,KXHIGHNY-25JUL17-B87.5,between,87,88,nws_climatological_report_daily,235b1eb6e99931cc,no,90.00,0.0000,90,2025-07-18T07:14:00+00:00,CDUS41 KOKX 180714,first final report with data,no,no,True,True,False,
2025-07-17,KXHIGHNY-25JUL17,KXHIGHNY-25JUL17-B89.5,between,89,90,nws_climatological_report_daily,54f2092519f40699,yes,90.00,1.0000,90,2025-07-18T07:14:00+00:00,CDUS41 KOKX 180714,first final report with data,yes,yes,True,True,False,
2025-07-17,KXHIGHNY-25JUL17,KXHIGHNY-25JUL17-B91.5,between,91,92,nws_climatological_report_daily,ed0af935958eab0e,no,90.00,0.0000,90,2025-07-18T07:14:00+00:00,CDUS41 KOKX 180714,first final report with data,no,no,True,True,False,
2025-07-17,KXHIGHNY-25JUL17,KXHIGHNY-25JUL17-B93.5,between,93,94,nws_climatological_report_daily,b183aea0abe62ff2,no,90.00,0.0000,90,2025-07-18T07:14:00+00:00,CDUS41 KOKX 180714,first final report with data,no,no,True,True,False,
2025-07-17,KXHIGHNY-25JUL17,KXHIGHNY-25JUL17-T87,less,,87,nws_climatological_report_daily,685e25af1660fe4b,no,90.00,0.0000,90,2025-07-18T07:14:00+00:00,CDUS41 KOKX 180714,first final report with data,no,no,True,True,False,
2025-07-17,KXHIGHNY-25JUL17,KXHIGHNY-25JUL17-T94,greater,94,,nws_climatological_report_daily,35138d493772736f,no,90.00,0.0000,90,2025-07-18T07:14:00+00:00,CDUS41 KOKX 180714,first final report with data,no,no,True,True,False,
2025-07-18,KXHIGHNY-25JUL18,KXHIGHNY-25JUL18-B81.5,between,81,82,nws_climatological_report_daily,ce92222e1f5aab75,yes,82.00,1.0000,82,2025-07-19T06:40:00+00:00,CDUS41 KOKX 190640,first final report with data,yes,yes,True,True,False,
2025-07-18,KXHIGHNY-25JUL18,KXHIGHNY-25JUL18-B83.5,between,83,84,nws_climatological_report_daily,15c04951a4e7b6a2,no,82.00,0.0000,82,2025-07-19T06:40:00+00:00,CDUS41 KOKX 190640,first final report with data,no,no,True,True,False,
2025-07-18,KXHIGHNY-25JUL18,KXHIGHNY-25JUL18-B85.5,between,85,86,nws_climatological_report_daily,d303501ad9ee4204,no,82.00,0.0000,82,2025-07-19T06:40:00+00:00,CDUS41 KOKX 190640,first final report with data,no,no,True,True,False,
2025-07-18,KXHIGHNY-25JUL18,KXHIGHNY-25JUL18-B87.5,between,87,88,nws_climatological_report_daily,bb5e73d3adf4a18d,no,82.00,0.0000,82,2025-07-19T06:40:00+00:00,CDUS41 KOKX 190640,first final report with data,no,no,True,True,False,
2025-07-18,KXHIGHNY-25JUL18,KXHIGHNY-25JUL18-T81,less,,81,nws_climatological_report_daily,3f2c8eec7e317e67,no,82.00,0.0000,82,2025-07-19T06:40:00+00:00,CDUS41 KOKX 190640,first final report with data,no,no,True,True,False,
2025-07-18,KXHIGHNY-25JUL18,KXHIGHNY-25JUL18-T88,greater,88,,nws_climatological_report_daily,24f742a55bc7a833,no,82.00,0.0000,82,2025-07-19T06:40:00+00:00,CDUS41 KOKX 190640,first final report with data,no,no,True,True,False,
2025-07-19,KXHIGHNY-25JUL19,KXHIGHNY-25JUL19-B79.5,between,79,80,nws_climatological_report_daily,c8833bd6e3c9a7b7,no,81.00,0.0000,81,2025-07-20T06:30:00+00:00,CDUS41 KOKX 200630,first final report with data,no,no,True,True,False,
2025-07-19,KXHIGHNY-25JUL19,KXHIGHNY-25JUL19-B81.5,between,81,82,nws_climatological_report_daily,62509fa3eac5f491,yes,81.00,1.0000,81,2025-07-20T06:30:00+00:00,CDUS41 KOKX 200630,first final report with data,yes,yes,True,True,False,
2025-07-19,KXHIGHNY-25JUL19,KXHIGHNY-25JUL19-B83.5,between,83,84,nws_climatological_report_daily,47c0b0d6d06a7179,no,81.00,0.0000,81,2025-07-20T06:30:00+00:00,CDUS41 KOKX 200630,first final report with data,no,no,True,True,False,
2025-07-19,KXHIGHNY-25JUL19,KXHIGHNY-25JUL19-B85.5,between,85,86,nws_climatological_report_daily,f7545c374e3c777b,no,81.00,0.0000,81,2025-07-20T06:30:00+00:00,CDUS41 KOKX 200630,first final report with data,no,no,True,True,False,
2025-07-19,KXHIGHNY-25JUL19,KXHIGHNY-25JUL19-T79,less,,79,nws_climatological_report_daily,2b0abc785790e69e,no,81.00,0.0000,81,2025-07-20T06:30:00+00:00,CDUS41 KOKX 200630,first final report with data,no,no,True,True,False,
2025-07-19,KXHIGHNY-25JUL19,KXHIGHNY-25JUL19-T86,greater,86,,nws_climatological_report_daily,f999ab39b31871d0,no,81.00,0.0000,81,2025-07-20T06:30:00+00:00,CDUS41 KOKX 200630,first final report with data,no,no,True,True,False,
2025-07-20,KXHIGHNY-25JUL20,KXHIGHNY-25JUL20-B87.5,between,87,88,nws_climatological_report_daily,2a20fbbced5ebe3a,yes,88.00,1.0000,88,2025-07-21T06:18:00+00:00,CDUS41 KOKX 210618,first final report with data,yes,yes,True,True,False,
2025-07-20,KXHIGHNY-25JUL20,KXHIGHNY-25JUL20-B89.5,between,89,90,nws_climatological_report_daily,b3750789da02ef17,no,88.00,0.0000,88,2025-07-21T06:18:00+00:00,CDUS41 KOKX 210618,first final report with data,no,no,True,True,False,
2025-07-20,KXHIGHNY-25JUL20,KXHIGHNY-25JUL20-B91.5,between,91,92,nws_climatological_report_daily,4e34ece33802e9aa,no,88.00,0.0000,88,2025-07-21T06:18:00+00:00,CDUS41 KOKX 210618,first final report with data,no,no,True,True,False,
2025-07-20,KXHIGHNY-25JUL20,KXHIGHNY-25JUL20-B93.5,between,93,94,nws_climatological_report_daily,9238e6c61ab96aa3,no,88.00,0.0000,88,2025-07-21T06:18:00+00:00,CDUS41 KOKX 210618,first final report with data,no,no,True,True,False,
2025-07-20,KXHIGHNY-25JUL20,KXHIGHNY-25JUL20-T87,less,,87,nws_climatological_report_daily,443657a7cdff40d4,no,88.00,0.0000,88,2025-07-21T06:18:00+00:00,CDUS41 KOKX 210618,first final report with data,no,no,True,True,False,
2025-07-20,KXHIGHNY-25JUL20,KXHIGHNY-25JUL20-T94,greater,94,,nws_climatological_report_daily,d389f0aac319d89b,no,88.00,0.0000,88,2025-07-21T06:18:00+00:00,CDUS41 KOKX 210618,first final report with data,no,no,True,True,False,
2025-07-21,KXHIGHNY-25JUL21,KXHIGHNY-25JUL21-B80.5,between,80,81,nws_climatological_report_daily,ca134103389b714d,no,85.00,0.0000,85,2025-07-22T06:19:00+00:00,CDUS41 KOKX 220619,first final report with data,no,no,True,True,False,
2025-07-21,KXHIGHNY-25JUL21,KXHIGHNY-25JUL21-B82.5,between,82,83,nws_climatological_report_daily,f04d4925b80c37e6,no,85.00,0.0000,85,2025-07-22T06:19:00+00:00,CDUS41 KOKX 220619,first final report with data,no,no,True,True,False,
2025-07-21,KXHIGHNY-25JUL21,KXHIGHNY-25JUL21-B84.5,between,84,85,nws_climatological_report_daily,29dcf680d86508a5,yes,85.00,1.0000,85,2025-07-22T06:19:00+00:00,CDUS41 KOKX 220619,first final report with data,yes,yes,True,True,False,
2025-07-21,KXHIGHNY-25JUL21,KXHIGHNY-25JUL21-B86.5,between,86,87,nws_climatological_report_daily,56339fb956dd8ff9,no,85.00,0.0000,85,2025-07-22T06:19:00+00:00,CDUS41 KOKX 220619,first final report with data,no,no,True,True,False,
2025-07-21,KXHIGHNY-25JUL21,KXHIGHNY-25JUL21-T80,less,,80,nws_climatological_report_daily,d997ed8017cf1d4f,no,85.00,0.0000,85,2025-07-22T06:19:00+00:00,CDUS41 KOKX 220619,first final report with data,no,no,True,True,False,
2025-07-21,KXHIGHNY-25JUL21,KXHIGHNY-25JUL21-T87,greater,87,,nws_climatological_report_daily,7fba67ecbc557f3d,no,85.00,0.0000,85,2025-07-22T06:19:00+00:00,CDUS41 KOKX 220619,first final report with data,no,no,True,True,False,
2025-07-22,KXHIGHNY-25JUL22,KXHIGHNY-25JUL22-B78.5,between,78,79,nws_climatological_report_daily,6a37deb89b0f756b,no,81.00,0.0000,81,2025-07-23T06:16:00+00:00,CDUS41 KOKX 230616,first final report with data,no,no,True,True,False,
2025-07-22,KXHIGHNY-25JUL22,KXHIGHNY-25JUL22-B80.5,between,80,81,nws_climatological_report_daily,28f4f1d76ffbe597,yes,81.00,1.0000,81,2025-07-23T06:16:00+00:00,CDUS41 KOKX 230616,first final report with data,yes,yes,True,True,False,
2025-07-22,KXHIGHNY-25JUL22,KXHIGHNY-25JUL22-B82.5,between,82,83,nws_climatological_report_daily,b59829db8cd974f9,no,81.00,0.0000,81,2025-07-23T06:16:00+00:00,CDUS41 KOKX 230616,first final report with data,no,no,True,True,False,
2025-07-22,KXHIGHNY-25JUL22,KXHIGHNY-25JUL22-B84.5,between,84,85,nws_climatological_report_daily,a2f6fcf3108e1077,no,81.00,0.0000,81,2025-07-23T06:16:00+00:00,CDUS41 KOKX 230616,first final report with data,no,no,True,True,False,
2025-07-22,KXHIGHNY-25JUL22,KXHIGHNY-25JUL22-T78,less,,78,nws_climatological_report_daily,0d5cb5fa37828dbb,no,81.00,0.0000,81,2025-07-23T06:16:00+00:00,CDUS41 KOKX 230616,first final report with data,no,no,True,True,False,
2025-07-22,KXHIGHNY-25JUL22,KXHIGHNY-25JUL22-T85,greater,85,,nws_climatological_report_daily,355993b5b55d925f,no,81.00,0.0000,81,2025-07-23T06:16:00+00:00,CDUS41 KOKX 230616,first final report with data,no,no,True,True,False,
2025-07-23,KXHIGHNY-25JUL23,KXHIGHNY-25JUL23-B84.5,between,84,85,nws_climatological_report_daily,c4bdf246eb4bb71a,no,80.00,0.0000,80,2025-07-24T06:17:00+00:00,CDUS41 KOKX 240617,first final report with data,no,no,True,True,False,
2025-07-23,KXHIGHNY-25JUL23,KXHIGHNY-25JUL23-B86.5,between,86,87,nws_climatological_report_daily,447df3915f6a4fab,no,80.00,0.0000,80,2025-07-24T06:17:00+00:00,CDUS41 KOKX 240617,first final report with data,no,no,True,True,False,
2025-07-23,KXHIGHNY-25JUL23,KXHIGHNY-25JUL23-B88.5,between,88,89,nws_climatological_report_daily,1146a6dac4464b10,no,80.00,0.0000,80,2025-07-24T06:17:00+00:00,CDUS41 KOKX 240617,first final report with data,no,no,True,True,False,
2025-07-23,KXHIGHNY-25JUL23,KXHIGHNY-25JUL23-B90.5,between,90,91,nws_climatological_report_daily,0093d13740974a34,no,80.00,0.0000,80,2025-07-24T06:17:00+00:00,CDUS41 KOKX 240617,first final report with data,no,no,True,True,False,
2025-07-23,KXHIGHNY-25JUL23,KXHIGHNY-25JUL23-T84,less,,84,nws_climatological_report_daily,d6d18ea33351e460,yes,80.00,1.0000,80,2025-07-24T06:17:00+00:00,CDUS41 KOKX 240617,first final report with data,yes,yes,True,True,False,
2025-07-23,KXHIGHNY-25JUL23,KXHIGHNY-25JUL23-T91,greater,91,,nws_climatological_report_daily,4a8411ede18e1fc2,no,80.00,0.0000,80,2025-07-24T06:17:00+00:00,CDUS41 KOKX 240617,first final report with data,no,no,True,True,False,
2025-07-24,KXHIGHNY-25JUL24,KXHIGHNY-25JUL24-B86.5,between,86,87,nws_climatological_report_daily,3a2b096050e66ab8,yes,87.00,1.0000,87,2025-07-25T06:18:00+00:00,CDUS41 KOKX 250618,first final report with data,yes,yes,True,True,False,
2025-07-24,KXHIGHNY-25JUL24,KXHIGHNY-25JUL24-B88.5,between,88,89,nws_climatological_report_daily,78d55a585de0ad10,no,87.00,0.0000,87,2025-07-25T06:18:00+00:00,CDUS41 KOKX 250618,first final report with data,no,no,True,True,False,
2025-07-24,KXHIGHNY-25JUL24,KXHIGHNY-25JUL24-B90.5,between,90,91,nws_climatological_report_daily,3231dbced3f040ef,no,87.00,0.0000,87,2025-07-25T06:18:00+00:00,CDUS41 KOKX 250618,first final report with data,no,no,True,True,False,
2025-07-24,KXHIGHNY-25JUL24,KXHIGHNY-25JUL24-B92.5,between,92,93,nws_climatological_report_daily,8afea0e24e54287f,no,87.00,0.0000,87,2025-07-25T06:18:00+00:00,CDUS41 KOKX 250618,first final report with data,no,no,True,True,False,
2025-07-24,KXHIGHNY-25JUL24,KXHIGHNY-25JUL24-T86,less,,86,nws_climatological_report_daily,bf50a7401e1a71e0,no,87.00,0.0000,87,2025-07-25T06:18:00+00:00,CDUS41 KOKX 250618,first final report with data,no,no,True,True,False,
2025-07-24,KXHIGHNY-25JUL24,KXHIGHNY-25JUL24-T93,greater,93,,nws_climatological_report_daily,fd079af045b448bb,no,87.00,0.0000,87,2025-07-25T06:18:00+00:00,CDUS41 KOKX 250618,first final report with data,no,no,True,True,False,
2025-07-25,KXHIGHNY-25JUL25,KXHIGHNY-25JUL25-B100.5,between,100,101,nws_climatological_report_daily,4e4537627c96a720,no,95.00,0.0000,95,2025-07-26T06:32:00+00:00,CDUS41 KOKX 260632,first final report with data,no,no,True,True,False,
2025-07-25,KXHIGHNY-25JUL25,KXHIGHNY-25JUL25-B94.5,between,94,95,nws_climatological_report_daily,f4958ee62d5ff9b0,yes,95.00,1.0000,95,2025-07-26T06:32:00+00:00,CDUS41 KOKX 260632,first final report with data,yes,yes,True,True,False,
2025-07-25,KXHIGHNY-25JUL25,KXHIGHNY-25JUL25-B96.5,between,96,97,nws_climatological_report_daily,723c7aea64ff85c4,no,95.00,0.0000,95,2025-07-26T06:32:00+00:00,CDUS41 KOKX 260632,first final report with data,no,no,True,True,False,
2025-07-25,KXHIGHNY-25JUL25,KXHIGHNY-25JUL25-B98.5,between,98,99,nws_climatological_report_daily,0c858b5a1ac516b4,no,95.00,0.0000,95,2025-07-26T06:32:00+00:00,CDUS41 KOKX 260632,first final report with data,no,no,True,True,False,
2025-07-25,KXHIGHNY-25JUL25,KXHIGHNY-25JUL25-T101,greater,101,,nws_climatological_report_daily,3396aeebc5268164,no,95.00,0.0000,95,2025-07-26T06:32:00+00:00,CDUS41 KOKX 260632,first final report with data,no,no,True,True,False,
2025-07-25,KXHIGHNY-25JUL25,KXHIGHNY-25JUL25-T94,less,,94,nws_climatological_report_daily,9ed7313d8637661c,no,95.00,0.0000,95,2025-07-26T06:32:00+00:00,CDUS41 KOKX 260632,first final report with data,no,no,True,True,False,
2025-07-26,KXHIGHNY-25JUL26,KXHIGHNY-25JUL26-B83.5,between,83,84,nws_climatological_report_daily,4ce01ff77f2e5e93,no,85.00,0.0000,85,2025-07-27T06:18:00+00:00,CDUS41 KOKX 270618,first final report with data,no,no,True,True,False,
2025-07-26,KXHIGHNY-25JUL26,KXHIGHNY-25JUL26-B85.5,between,85,86,nws_climatological_report_daily,60488a403f9d5e63,yes,85.00,1.0000,85,2025-07-27T06:18:00+00:00,CDUS41 KOKX 270618,first final report with data,yes,yes,True,True,False,
2025-07-26,KXHIGHNY-25JUL26,KXHIGHNY-25JUL26-B87.5,between,87,88,nws_climatological_report_daily,3a381f480344fac1,no,85.00,0.0000,85,2025-07-27T06:18:00+00:00,CDUS41 KOKX 270618,first final report with data,no,no,True,True,False,
2025-07-26,KXHIGHNY-25JUL26,KXHIGHNY-25JUL26-B89.5,between,89,90,nws_climatological_report_daily,2f8c40ee8ab3ce60,no,85.00,0.0000,85,2025-07-27T06:18:00+00:00,CDUS41 KOKX 270618,first final report with data,no,no,True,True,False,
2025-07-26,KXHIGHNY-25JUL26,KXHIGHNY-25JUL26-T83,less,,83,nws_climatological_report_daily,df8e87ea6c4efecf,no,85.00,0.0000,85,2025-07-27T06:18:00+00:00,CDUS41 KOKX 270618,first final report with data,no,no,True,True,False,
2025-07-26,KXHIGHNY-25JUL26,KXHIGHNY-25JUL26-T90,greater,90,,nws_climatological_report_daily,b21cddbbfbb6f3a5,no,85.00,0.0000,85,2025-07-27T06:18:00+00:00,CDUS41 KOKX 270618,first final report with data,no,no,True,True,False,
2025-07-27,KXHIGHNY-25JUL27,KXHIGHNY-25JUL27-B77.5,between,77,78,nws_climatological_report_daily,e011f2a91f9dae1b,no,84.00,0.0000,84,2025-07-28T06:18:00+00:00,CDUS41 KOKX 280618,first final report with data,no,no,True,True,False,
2025-07-27,KXHIGHNY-25JUL27,KXHIGHNY-25JUL27-B79.5,between,79,80,nws_climatological_report_daily,53030ffdb9aa7880,no,84.00,0.0000,84,2025-07-28T06:18:00+00:00,CDUS41 KOKX 280618,first final report with data,no,no,True,True,False,
2025-07-27,KXHIGHNY-25JUL27,KXHIGHNY-25JUL27-B81.5,between,81,82,nws_climatological_report_daily,8ed4d5e1d088c38d,no,84.00,0.0000,84,2025-07-28T06:18:00+00:00,CDUS41 KOKX 280618,first final report with data,no,no,True,True,False,
2025-07-27,KXHIGHNY-25JUL27,KXHIGHNY-25JUL27-B83.5,between,83,84,nws_climatological_report_daily,ab5235bd756dd27c,yes,84.00,1.0000,84,2025-07-28T06:18:00+00:00,CDUS41 KOKX 280618,first final report with data,yes,yes,True,True,False,
2025-07-27,KXHIGHNY-25JUL27,KXHIGHNY-25JUL27-T77,less,,77,nws_climatological_report_daily,90f804627bf12b79,no,84.00,0.0000,84,2025-07-28T06:18:00+00:00,CDUS41 KOKX 280618,first final report with data,no,no,True,True,False,
2025-07-27,KXHIGHNY-25JUL27,KXHIGHNY-25JUL27-T84,greater,84,,nws_climatological_report_daily,9d16662b73f65953,no,84.00,0.0000,84,2025-07-28T06:18:00+00:00,CDUS41 KOKX 280618,first final report with data,no,no,True,True,False,
2025-07-28,KXHIGHNY-25JUL28,KXHIGHNY-25JUL28-B90.5,between,90,91,nws_climatological_report_daily,180a698b1f44dd7a,no,94.00,0.0000,94,2025-07-29T06:50:00+00:00,CDUS41 KOKX 290650,first final report with data,no,no,True,True,False,
2025-07-28,KXHIGHNY-25JUL28,KXHIGHNY-25JUL28-B92.5,between,92,93,nws_climatological_report_daily,65cf86ad9b5c85df,no,94.00,0.0000,94,2025-07-29T06:50:00+00:00,CDUS41 KOKX 290650,first final report with data,no,no,True,True,False,
2025-07-28,KXHIGHNY-25JUL28,KXHIGHNY-25JUL28-B94.5,between,94,95,nws_climatological_report_daily,055d679a6c923c3d,yes,94.00,1.0000,94,2025-07-29T06:50:00+00:00,CDUS41 KOKX 290650,first final report with data,yes,yes,True,True,False,
2025-07-28,KXHIGHNY-25JUL28,KXHIGHNY-25JUL28-B96.5,between,96,97,nws_climatological_report_daily,c2751a886e99ddab,no,94.00,0.0000,94,2025-07-29T06:50:00+00:00,CDUS41 KOKX 290650,first final report with data,no,no,True,True,False,
2025-07-28,KXHIGHNY-25JUL28,KXHIGHNY-25JUL28-T90,less,,90,nws_climatological_report_daily,60b916f8c8d5f39f,no,94.00,0.0000,94,2025-07-29T06:50:00+00:00,CDUS41 KOKX 290650,first final report with data,no,no,True,True,False,
2025-07-28,KXHIGHNY-25JUL28,KXHIGHNY-25JUL28-T97,greater,97,,nws_climatological_report_daily,f07675900e5d8c99,no,94.00,0.0000,94,2025-07-29T06:50:00+00:00,CDUS41 KOKX 290650,first final report with data,no,no,True,True,False,
2025-07-29,KXHIGHNY-25JUL29,KXHIGHNY-25JUL29-B93.5,between,93,94,nws_climatological_report_daily,99b47a6cd51f5a1b,no,97.00,0.0000,97,2025-07-30T06:44:00+00:00,CDUS41 KOKX 300644,first final report with data,no,no,True,True,False,
2025-07-29,KXHIGHNY-25JUL29,KXHIGHNY-25JUL29-B95.5,between,95,96,nws_climatological_report_daily,d7e2fb64c60ae4a1,no,97.00,0.0000,97,2025-07-30T06:44:00+00:00,CDUS41 KOKX 300644,first final report with data,no,no,True,True,False,
2025-07-29,KXHIGHNY-25JUL29,KXHIGHNY-25JUL29-B97.5,between,97,98,nws_climatological_report_daily,bd4565d9707d736a,yes,97.00,1.0000,97,2025-07-30T06:44:00+00:00,CDUS41 KOKX 300644,first final report with data,yes,yes,True,True,False,
2025-07-29,KXHIGHNY-25JUL29,KXHIGHNY-25JUL29-B99.5,between,99,100,nws_climatological_report_daily,98c271da26ff2a9d,no,97.00,0.0000,97,2025-07-30T06:44:00+00:00,CDUS41 KOKX 300644,first final report with data,no,no,True,True,False,
2025-07-29,KXHIGHNY-25JUL29,KXHIGHNY-25JUL29-T100,greater,100,,nws_climatological_report_daily,fbf77753894538a4,no,97.00,0.0000,97,2025-07-30T06:44:00+00:00,CDUS41 KOKX 300644,first final report with data,no,no,True,True,False,
2025-07-29,KXHIGHNY-25JUL29,KXHIGHNY-25JUL29-T93,less,,93,nws_climatological_report_daily,18d9e7cccf3ea2ba,no,97.00,0.0000,97,2025-07-30T06:44:00+00:00,CDUS41 KOKX 300644,first final report with data,no,no,True,True,False,
2025-07-30,KXHIGHNY-25JUL30,KXHIGHNY-25JUL30-B93.5,between,93,94,nws_climatological_report_daily,0db1f18a115c3510,no,95.00,0.0000,95,2025-07-31T06:48:00+00:00,CDUS41 KOKX 310648,first final report with data,no,no,True,True,False,
2025-07-30,KXHIGHNY-25JUL30,KXHIGHNY-25JUL30-B95.5,between,95,96,nws_climatological_report_daily,5e87a38f9153c19d,yes,95.00,1.0000,95,2025-07-31T06:48:00+00:00,CDUS41 KOKX 310648,first final report with data,yes,yes,True,True,False,
2025-07-30,KXHIGHNY-25JUL30,KXHIGHNY-25JUL30-B97.5,between,97,98,nws_climatological_report_daily,68e533c37ea45e4f,no,95.00,0.0000,95,2025-07-31T06:48:00+00:00,CDUS41 KOKX 310648,first final report with data,no,no,True,True,False,
2025-07-30,KXHIGHNY-25JUL30,KXHIGHNY-25JUL30-B99.5,between,99,100,nws_climatological_report_daily,3fa2b8c3d27ffb7e,no,95.00,0.0000,95,2025-07-31T06:48:00+00:00,CDUS41 KOKX 310648,first final report with data,no,no,True,True,False,
2025-07-30,KXHIGHNY-25JUL30,KXHIGHNY-25JUL30-T100,greater,100,,nws_climatological_report_daily,4b31b05a5c25c717,no,95.00,0.0000,95,2025-07-31T06:48:00+00:00,CDUS41 KOKX 310648,first final report with data,no,no,True,True,False,
2025-07-30,KXHIGHNY-25JUL30,KXHIGHNY-25JUL30-T93,less,,93,nws_climatological_report_daily,07ef7dd6529ae1f5,no,95.00,0.0000,95,2025-07-31T06:48:00+00:00,CDUS41 KOKX 310648,first final report with data,no,no,True,True,False,
2025-07-31,KXHIGHNY-25JUL31,KXHIGHNY-25JUL31-B82.5,between,82,83,nws_climatological_report_daily,8c823de9ad8c123d,no,89.00,0.0000,89,2025-08-01T06:28:00+00:00,CDUS41 KOKX 010628,first final report with data,no,no,True,True,False,
2025-07-31,KXHIGHNY-25JUL31,KXHIGHNY-25JUL31-B84.5,between,84,85,nws_climatological_report_daily,fca65623e66c0519,no,89.00,0.0000,89,2025-08-01T06:28:00+00:00,CDUS41 KOKX 010628,first final report with data,no,no,True,True,False,
2025-07-31,KXHIGHNY-25JUL31,KXHIGHNY-25JUL31-B86.5,between,86,87,nws_climatological_report_daily,81aa29b2590d1503,no,89.00,0.0000,89,2025-08-01T06:28:00+00:00,CDUS41 KOKX 010628,first final report with data,no,no,True,True,False,
2025-07-31,KXHIGHNY-25JUL31,KXHIGHNY-25JUL31-B88.5,between,88,89,nws_climatological_report_daily,bcaa86607fef047d,yes,89.00,1.0000,89,2025-08-01T06:28:00+00:00,CDUS41 KOKX 010628,first final report with data,yes,yes,True,True,False,
2025-07-31,KXHIGHNY-25JUL31,KXHIGHNY-25JUL31-T82,less,,82,nws_climatological_report_daily,758e3bac01882bc7,no,89.00,0.0000,89,2025-08-01T06:28:00+00:00,CDUS41 KOKX 010628,first final report with data,no,no,True,True,False,
2025-07-31,KXHIGHNY-25JUL31,KXHIGHNY-25JUL31-T89,greater,89,,nws_climatological_report_daily,3d08b62ede6bd3df,no,89.00,0.0000,89,2025-08-01T06:28:00+00:00,CDUS41 KOKX 010628,first final report with data,no,no,True,True,False,
2025-08-01,KXHIGHNY-25AUG01,KXHIGHNY-25AUG01-B69.5,between,69,70,nws_climatological_report_daily,015261f2313d13f5,no,73.00,0.0000,73,2025-08-02T06:18:00+00:00,CDUS41 KOKX 020618,first final report with data,no,no,True,True,False,
2025-08-01,KXHIGHNY-25AUG01,KXHIGHNY-25AUG01-B71.5,between,71,72,nws_climatological_report_daily,fd672e815abf4016,no,73.00,0.0000,73,2025-08-02T06:18:00+00:00,CDUS41 KOKX 020618,first final report with data,no,no,True,True,False,
2025-08-01,KXHIGHNY-25AUG01,KXHIGHNY-25AUG01-B73.5,between,73,74,nws_climatological_report_daily,a04342ddd5f67903,yes,73.00,1.0000,73,2025-08-02T06:18:00+00:00,CDUS41 KOKX 020618,first final report with data,yes,yes,True,True,False,
2025-08-01,KXHIGHNY-25AUG01,KXHIGHNY-25AUG01-B75.5,between,75,76,nws_climatological_report_daily,f7d63aeef35c352d,no,73.00,0.0000,73,2025-08-02T06:18:00+00:00,CDUS41 KOKX 020618,first final report with data,no,no,True,True,False,
2025-08-01,KXHIGHNY-25AUG01,KXHIGHNY-25AUG01-T69,less,,69,nws_climatological_report_daily,7512c2abffb647a0,no,73.00,0.0000,73,2025-08-02T06:18:00+00:00,CDUS41 KOKX 020618,first final report with data,no,no,True,True,False,
2025-08-01,KXHIGHNY-25AUG01,KXHIGHNY-25AUG01-T76,greater,76,,nws_climatological_report_daily,fec2304b058da894,no,73.00,0.0000,73,2025-08-02T06:18:00+00:00,CDUS41 KOKX 020618,first final report with data,no,no,True,True,False,
2025-08-02,KXHIGHNY-25AUG02,KXHIGHNY-25AUG02-B77.5,between,77,78,nws_climatological_report_daily,4f9e12314f641d8d,no,80.00,0.0000,80,2025-08-03T06:17:00+00:00,CDUS41 KOKX 030617,first final report with data,no,no,True,True,False,
2025-08-02,KXHIGHNY-25AUG02,KXHIGHNY-25AUG02-B79.5,between,79,80,nws_climatological_report_daily,fc60b5e79beb941c,yes,80.00,1.0000,80,2025-08-03T06:17:00+00:00,CDUS41 KOKX 030617,first final report with data,yes,yes,True,True,False,
2025-08-02,KXHIGHNY-25AUG02,KXHIGHNY-25AUG02-B81.5,between,81,82,nws_climatological_report_daily,30859371e305cddb,no,80.00,0.0000,80,2025-08-03T06:17:00+00:00,CDUS41 KOKX 030617,first final report with data,no,no,True,True,False,
2025-08-02,KXHIGHNY-25AUG02,KXHIGHNY-25AUG02-B83.5,between,83,84,nws_climatological_report_daily,db671b7ada58b102,no,80.00,0.0000,80,2025-08-03T06:17:00+00:00,CDUS41 KOKX 030617,first final report with data,no,no,True,True,False,
2025-08-02,KXHIGHNY-25AUG02,KXHIGHNY-25AUG02-T77,less,,77,nws_climatological_report_daily,e1ea66975744fcb2,no,80.00,0.0000,80,2025-08-03T06:17:00+00:00,CDUS41 KOKX 030617,first final report with data,no,no,True,True,False,
2025-08-02,KXHIGHNY-25AUG02,KXHIGHNY-25AUG02-T84,greater,84,,nws_climatological_report_daily,30a8f7b74c23a561,no,80.00,0.0000,80,2025-08-03T06:17:00+00:00,CDUS41 KOKX 030617,first final report with data,no,no,True,True,False,
2025-08-03,KXHIGHNY-25AUG03,KXHIGHNY-25AUG03-B82.5,between,82,83,nws_climatological_report_daily,57a34f8acc525b69,no,84.00,0.0000,84,2025-08-04T06:16:00+00:00,CDUS41 KOKX 040616,first final report with data,no,no,True,True,False,
2025-08-03,KXHIGHNY-25AUG03,KXHIGHNY-25AUG03-B84.5,between,84,85,nws_climatological_report_daily,d083d90bd363f516,yes,84.00,1.0000,84,2025-08-04T06:16:00+00:00,CDUS41 KOKX 040616,first final report with data,yes,yes,True,True,False,
2025-08-03,KXHIGHNY-25AUG03,KXHIGHNY-25AUG03-B86.5,between,86,87,nws_climatological_report_daily,e73a6af083956334,no,84.00,0.0000,84,2025-08-04T06:16:00+00:00,CDUS41 KOKX 040616,first final report with data,no,no,True,True,False,
2025-08-03,KXHIGHNY-25AUG03,KXHIGHNY-25AUG03-B88.5,between,88,89,nws_climatological_report_daily,f9ccd37d367d62cc,no,84.00,0.0000,84,2025-08-04T06:16:00+00:00,CDUS41 KOKX 040616,first final report with data,no,no,True,True,False,
2025-08-03,KXHIGHNY-25AUG03,KXHIGHNY-25AUG03-T82,less,,82,nws_climatological_report_daily,8f318588ac30e0cb,no,84.00,0.0000,84,2025-08-04T06:16:00+00:00,CDUS41 KOKX 040616,first final report with data,no,no,True,True,False,
2025-08-03,KXHIGHNY-25AUG03,KXHIGHNY-25AUG03-T89,greater,89,,nws_climatological_report_daily,b2fc282b7e534d20,no,84.00,0.0000,84,2025-08-04T06:16:00+00:00,CDUS41 KOKX 040616,first final report with data,no,no,True,True,False,
2025-08-04,KXHIGHNY-25AUG04,KXHIGHNY-25AUG04-B86.5,between,86,87,nws_climatological_report_daily,23c549896b9f2007,no,89.00,0.0000,89,2025-08-05T06:18:00+00:00,CDUS41 KOKX 050618,first final report with data,no,no,True,True,False,
2025-08-04,KXHIGHNY-25AUG04,KXHIGHNY-25AUG04-B88.5,between,88,89,nws_climatological_report_daily,e908d901fabc8573,yes,89.00,1.0000,89,2025-08-05T06:18:00+00:00,CDUS41 KOKX 050618,first final report with data,yes,yes,True,True,False,
2025-08-04,KXHIGHNY-25AUG04,KXHIGHNY-25AUG04-B90.5,between,90,91,nws_climatological_report_daily,1b62b174d79ce3a1,no,89.00,0.0000,89,2025-08-05T06:18:00+00:00,CDUS41 KOKX 050618,first final report with data,no,no,True,True,False,
2025-08-04,KXHIGHNY-25AUG04,KXHIGHNY-25AUG04-B92.5,between,92,93,nws_climatological_report_daily,095ca432624332c7,no,89.00,0.0000,89,2025-08-05T06:18:00+00:00,CDUS41 KOKX 050618,first final report with data,no,no,True,True,False,
2025-08-04,KXHIGHNY-25AUG04,KXHIGHNY-25AUG04-T86,less,,86,nws_climatological_report_daily,61e4b4e37209da12,no,89.00,0.0000,89,2025-08-05T06:18:00+00:00,CDUS41 KOKX 050618,first final report with data,no,no,True,True,False,
2025-08-04,KXHIGHNY-25AUG04,KXHIGHNY-25AUG04-T93,greater,93,,nws_climatological_report_daily,b30920640a375619,no,89.00,0.0000,89,2025-08-05T06:18:00+00:00,CDUS41 KOKX 050618,first final report with data,no,no,True,True,False,
2025-08-05,KXHIGHNY-25AUG05,KXHIGHNY-25AUG05-B85.5,between,85,86,nws_climatological_report_daily,73a4c172b5acc4d3,yes,86.00,1.0000,86,2025-08-06T06:18:00+00:00,CDUS41 KOKX 060618,first final report with data,yes,yes,True,True,False,
2025-08-05,KXHIGHNY-25AUG05,KXHIGHNY-25AUG05-B87.5,between,87,88,nws_climatological_report_daily,f40fab263cc18259,no,86.00,0.0000,86,2025-08-06T06:18:00+00:00,CDUS41 KOKX 060618,first final report with data,no,no,True,True,False,
2025-08-05,KXHIGHNY-25AUG05,KXHIGHNY-25AUG05-B89.5,between,89,90,nws_climatological_report_daily,97f7ef6670b8c506,no,86.00,0.0000,86,2025-08-06T06:18:00+00:00,CDUS41 KOKX 060618,first final report with data,no,no,True,True,False,
2025-08-05,KXHIGHNY-25AUG05,KXHIGHNY-25AUG05-B91.5,between,91,92,nws_climatological_report_daily,ce38be2ef1139046,no,86.00,0.0000,86,2025-08-06T06:18:00+00:00,CDUS41 KOKX 060618,first final report with data,no,no,True,True,False,
2025-08-05,KXHIGHNY-25AUG05,KXHIGHNY-25AUG05-T85,less,,85,nws_climatological_report_daily,15472acc75eaab3a,no,86.00,0.0000,86,2025-08-06T06:18:00+00:00,CDUS41 KOKX 060618,first final report with data,no,no,True,True,False,
2025-08-05,KXHIGHNY-25AUG05,KXHIGHNY-25AUG05-T92,greater,92,,nws_climatological_report_daily,d52c4517ae953c50,no,86.00,0.0000,86,2025-08-06T06:18:00+00:00,CDUS41 KOKX 060618,first final report with data,no,no,True,True,False,
2025-08-06,KXHIGHNY-25AUG06,KXHIGHNY-25AUG06-B79.5,between,79,80,nws_climatological_report_daily,beb98a769cacdc99,yes,79.00,1.0000,79,2025-08-07T06:18:00+00:00,CDUS41 KOKX 070618,first final report with data,yes,yes,True,True,False,
2025-08-06,KXHIGHNY-25AUG06,KXHIGHNY-25AUG06-B81.5,between,81,82,nws_climatological_report_daily,06a5fd81b044b2e6,no,79.00,0.0000,79,2025-08-07T06:18:00+00:00,CDUS41 KOKX 070618,first final report with data,no,no,True,True,False,
2025-08-06,KXHIGHNY-25AUG06,KXHIGHNY-25AUG06-B83.5,between,83,84,nws_climatological_report_daily,42fd110da4796e08,no,79.00,0.0000,79,2025-08-07T06:18:00+00:00,CDUS41 KOKX 070618,first final report with data,no,no,True,True,False,
2025-08-06,KXHIGHNY-25AUG06,KXHIGHNY-25AUG06-B85.5,between,85,86,nws_climatological_report_daily,fbc6c585cf6700b0,no,79.00,0.0000,79,2025-08-07T06:18:00+00:00,CDUS41 KOKX 070618,first final report with data,no,no,True,True,False,
2025-08-06,KXHIGHNY-25AUG06,KXHIGHNY-25AUG06-T79,less,,79,nws_climatological_report_daily,47798f88cf57927b,no,79.00,0.0000,79,2025-08-07T06:18:00+00:00,CDUS41 KOKX 070618,first final report with data,no,no,True,True,False,
2025-08-06,KXHIGHNY-25AUG06,KXHIGHNY-25AUG06-T86,greater,86,,nws_climatological_report_daily,a0143a14b6295238,no,79.00,0.0000,79,2025-08-07T06:18:00+00:00,CDUS41 KOKX 070618,first final report with data,no,no,True,True,False,
2025-08-07,KXHIGHNY-25AUG07,KXHIGHNY-25AUG07-B78.5,between,78,79,nws_climatological_report_daily,8da8deaf22310dba,no,81.00,0.0000,81,2025-08-08T06:42:00+00:00,CDUS41 KOKX 080642,first final report with data,no,no,True,True,False,
2025-08-07,KXHIGHNY-25AUG07,KXHIGHNY-25AUG07-B80.5,between,80,81,nws_climatological_report_daily,918455a37763a73c,yes,81.00,1.0000,81,2025-08-08T06:42:00+00:00,CDUS41 KOKX 080642,first final report with data,yes,yes,True,True,False,
2025-08-07,KXHIGHNY-25AUG07,KXHIGHNY-25AUG07-B82.5,between,82,83,nws_climatological_report_daily,c6b1b14898f45a90,no,81.00,0.0000,81,2025-08-08T06:42:00+00:00,CDUS41 KOKX 080642,first final report with data,no,no,True,True,False,
2025-08-07,KXHIGHNY-25AUG07,KXHIGHNY-25AUG07-B84.5,between,84,85,nws_climatological_report_daily,f56b5da9024dd4c3,no,81.00,0.0000,81,2025-08-08T06:42:00+00:00,CDUS41 KOKX 080642,first final report with data,no,no,True,True,False,
2025-08-07,KXHIGHNY-25AUG07,KXHIGHNY-25AUG07-T78,less,,78,nws_climatological_report_daily,746e46ed80704c82,no,81.00,0.0000,81,2025-08-08T06:42:00+00:00,CDUS41 KOKX 080642,first final report with data,no,no,True,True,False,
2025-08-07,KXHIGHNY-25AUG07,KXHIGHNY-25AUG07-T85,greater,85,,nws_climatological_report_daily,570126a817948975,no,81.00,0.0000,81,2025-08-08T06:42:00+00:00,CDUS41 KOKX 080642,first final report with data,no,no,True,True,False,
2025-08-08,KXHIGHNY-25AUG08,KXHIGHNY-25AUG08-B79.5,between,79,80,nws_climatological_report_daily,5dec39c38e8548d0,no,82.00,0.0000,82,2025-08-09T06:18:00+00:00,CDUS41 KOKX 090618,first final report with data,no,no,True,True,False,
2025-08-08,KXHIGHNY-25AUG08,KXHIGHNY-25AUG08-B81.5,between,81,82,nws_climatological_report_daily,a9ed913c1d793c09,yes,82.00,1.0000,82,2025-08-09T06:18:00+00:00,CDUS41 KOKX 090618,first final report with data,yes,yes,True,True,False,
2025-08-08,KXHIGHNY-25AUG08,KXHIGHNY-25AUG08-B83.5,between,83,84,nws_climatological_report_daily,8dfff17af1a6b62f,no,82.00,0.0000,82,2025-08-09T06:18:00+00:00,CDUS41 KOKX 090618,first final report with data,no,no,True,True,False,
2025-08-08,KXHIGHNY-25AUG08,KXHIGHNY-25AUG08-B85.5,between,85,86,nws_climatological_report_daily,99615309467d669e,no,82.00,0.0000,82,2025-08-09T06:18:00+00:00,CDUS41 KOKX 090618,first final report with data,no,no,True,True,False,
2025-08-08,KXHIGHNY-25AUG08,KXHIGHNY-25AUG08-T79,less,,79,nws_climatological_report_daily,f51cfab4b841a59f,no,82.00,0.0000,82,2025-08-09T06:18:00+00:00,CDUS41 KOKX 090618,first final report with data,no,no,True,True,False,
2025-08-08,KXHIGHNY-25AUG08,KXHIGHNY-25AUG08-T86,greater,86,,nws_climatological_report_daily,b6e6c0306d32d941,no,82.00,0.0000,82,2025-08-09T06:18:00+00:00,CDUS41 KOKX 090618,first final report with data,no,no,True,True,False,
2025-08-09,KXHIGHNY-25AUG09,KXHIGHNY-25AUG09-B81.5,between,81,82,nws_climatological_report_daily,436f040da3f63266,no,85.00,0.0000,85,2025-08-10T06:16:00+00:00,CDUS41 KOKX 100616,first final report with data,no,no,True,True,False,
2025-08-09,KXHIGHNY-25AUG09,KXHIGHNY-25AUG09-B83.5,between,83,84,nws_climatological_report_daily,e15d8af807f756d4,no,85.00,0.0000,85,2025-08-10T06:16:00+00:00,CDUS41 KOKX 100616,first final report with data,no,no,True,True,False,
2025-08-09,KXHIGHNY-25AUG09,KXHIGHNY-25AUG09-B85.5,between,85,86,nws_climatological_report_daily,e0905192dc3498a9,yes,85.00,1.0000,85,2025-08-10T06:16:00+00:00,CDUS41 KOKX 100616,first final report with data,yes,yes,True,True,False,
2025-08-09,KXHIGHNY-25AUG09,KXHIGHNY-25AUG09-B87.5,between,87,88,nws_climatological_report_daily,fc80f596b872a429,no,85.00,0.0000,85,2025-08-10T06:16:00+00:00,CDUS41 KOKX 100616,first final report with data,no,no,True,True,False,
2025-08-09,KXHIGHNY-25AUG09,KXHIGHNY-25AUG09-T81,less,,81,nws_climatological_report_daily,63f501947284353d,no,85.00,0.0000,85,2025-08-10T06:16:00+00:00,CDUS41 KOKX 100616,first final report with data,no,no,True,True,False,
2025-08-09,KXHIGHNY-25AUG09,KXHIGHNY-25AUG09-T88,greater,88,,nws_climatological_report_daily,810c5a512670e2a5,no,85.00,0.0000,85,2025-08-10T06:16:00+00:00,CDUS41 KOKX 100616,first final report with data,no,no,True,True,False,
2025-08-10,KXHIGHNY-25AUG10,KXHIGHNY-25AUG10-B85.5,between,85,86,nws_climatological_report_daily,6aa93901dc749655,no,90.00,0.0000,90,2025-08-11T06:17:00+00:00,CDUS41 KOKX 110617,first final report with data,no,no,True,True,False,
2025-08-10,KXHIGHNY-25AUG10,KXHIGHNY-25AUG10-B87.5,between,87,88,nws_climatological_report_daily,6dbb3f0a7b35c936,no,90.00,0.0000,90,2025-08-11T06:17:00+00:00,CDUS41 KOKX 110617,first final report with data,no,no,True,True,False,
2025-08-10,KXHIGHNY-25AUG10,KXHIGHNY-25AUG10-B89.5,between,89,90,nws_climatological_report_daily,e33236896fa8f0b1,yes,90.00,1.0000,90,2025-08-11T06:17:00+00:00,CDUS41 KOKX 110617,first final report with data,yes,yes,True,True,False,
2025-08-10,KXHIGHNY-25AUG10,KXHIGHNY-25AUG10-B91.5,between,91,92,nws_climatological_report_daily,c46a8cc860eaa46b,no,90.00,0.0000,90,2025-08-11T06:17:00+00:00,CDUS41 KOKX 110617,first final report with data,no,no,True,True,False,
2025-08-10,KXHIGHNY-25AUG10,KXHIGHNY-25AUG10-T85,less,,85,nws_climatological_report_daily,b6e02a2632f20faa,no,90.00,0.0000,90,2025-08-11T06:17:00+00:00,CDUS41 KOKX 110617,first final report with data,no,no,True,True,False,
2025-08-10,KXHIGHNY-25AUG10,KXHIGHNY-25AUG10-T92,greater,92,,nws_climatological_report_daily,59baeb94d973a7b3,no,90.00,0.0000,90,2025-08-11T06:17:00+00:00,CDUS41 KOKX 110617,first final report with data,no,no,True,True,False,
2025-08-11,KXHIGHNY-25AUG11,KXHIGHNY-25AUG11-B86.5,between,86,87,nws_climatological_report_daily,4f00cbb284e413cf,no,89.00,0.0000,89,2025-08-12T06:38:00+00:00,CDUS41 KOKX 120638,first final report with data,no,no,True,True,False,
2025-08-11,KXHIGHNY-25AUG11,KXHIGHNY-25AUG11-B88.5,between,88,89,nws_climatological_report_daily,74a14a25bfe7937f,yes,89.00,1.0000,89,2025-08-12T06:38:00+00:00,CDUS41 KOKX 120638,first final report with data,yes,yes,True,True,False,
2025-08-11,KXHIGHNY-25AUG11,KXHIGHNY-25AUG11-B90.5,between,90,91,nws_climatological_report_daily,a895db0e05357293,no,89.00,0.0000,89,2025-08-12T06:38:00+00:00,CDUS41 KOKX 120638,first final report with data,no,no,True,True,False,
2025-08-11,KXHIGHNY-25AUG11,KXHIGHNY-25AUG11-B92.5,between,92,93,nws_climatological_report_daily,a27ce4a6b373a323,no,89.00,0.0000,89,2025-08-12T06:38:00+00:00,CDUS41 KOKX 120638,first final report with data,no,no,True,True,False,
2025-08-11,KXHIGHNY-25AUG11,KXHIGHNY-25AUG11-T86,less,,86,nws_climatological_report_daily,42488e3524896322,no,89.00,0.0000,89,2025-08-12T06:38:00+00:00,CDUS41 KOKX 120638,first final report with data,no,no,True,True,False,
2025-08-11,KXHIGHNY-25AUG11,KXHIGHNY-25AUG11-T93,greater,93,,nws_climatological_report_daily,c4a10d661e24523c,no,89.00,0.0000,89,2025-08-12T06:38:00+00:00,CDUS41 KOKX 120638,first final report with data,no,no,True,True,False,
2025-08-12,KXHIGHNY-25AUG12,KXHIGHNY-25AUG12-B86.5,between,86,87,nws_climatological_report_daily,cf88a1b16d0abbb9,no,91.00,0.0000,91,2025-08-13T06:27:00+00:00,CDUS41 KOKX 130627,first final report with data,no,no,True,True,False,
2025-08-12,KXHIGHNY-25AUG12,KXHIGHNY-25AUG12-B88.5,between,88,89,nws_climatological_report_daily,db8864df01c2b0f9,no,91.00,0.0000,91,2025-08-13T06:27:00+00:00,CDUS41 KOKX 130627,first final report with data,no,no,True,True,False,
2025-08-12,KXHIGHNY-25AUG12,KXHIGHNY-25AUG12-B90.5,between,90,91,nws_climatological_report_daily,afeb90d75afe6922,yes,91.00,1.0000,91,2025-08-13T06:27:00+00:00,CDUS41 KOKX 130627,first final report with data,yes,yes,True,True,False,
2025-08-12,KXHIGHNY-25AUG12,KXHIGHNY-25AUG12-B92.5,between,92,93,nws_climatological_report_daily,753086d3568d3df7,no,91.00,0.0000,91,2025-08-13T06:27:00+00:00,CDUS41 KOKX 130627,first final report with data,no,no,True,True,False,
2025-08-12,KXHIGHNY-25AUG12,KXHIGHNY-25AUG12-T86,less,,86,nws_climatological_report_daily,92966bd9f6968d46,no,91.00,0.0000,91,2025-08-13T06:27:00+00:00,CDUS41 KOKX 130627,first final report with data,no,no,True,True,False,
2025-08-12,KXHIGHNY-25AUG12,KXHIGHNY-25AUG12-T93,greater,93,,nws_climatological_report_daily,30674ea3c85973be,no,91.00,0.0000,91,2025-08-13T06:27:00+00:00,CDUS41 KOKX 130627,first final report with data,no,no,True,True,False,
2025-08-13,KXHIGHNY-25AUG13,KXHIGHNY-25AUG13-B84.5,between,84,85,nws_climatological_report_daily,07f4e66c12b5a3f5,no,89.00,0.0000,89,2025-08-14T06:17:00+00:00,CDUS41 KOKX 140617,first final report with data,no,no,True,True,False,
2025-08-13,KXHIGHNY-25AUG13,KXHIGHNY-25AUG13-B86.5,between,86,87,nws_climatological_report_daily,52f43c7bb71d11a3,no,89.00,0.0000,89,2025-08-14T06:17:00+00:00,CDUS41 KOKX 140617,first final report with data,no,no,True,True,False,
2025-08-13,KXHIGHNY-25AUG13,KXHIGHNY-25AUG13-B88.5,between,88,89,nws_climatological_report_daily,0e03b6cee27dbe3e,yes,89.00,1.0000,89,2025-08-14T06:17:00+00:00,CDUS41 KOKX 140617,first final report with data,yes,yes,True,True,False,
2025-08-13,KXHIGHNY-25AUG13,KXHIGHNY-25AUG13-B90.5,between,90,91,nws_climatological_report_daily,edca02f603d6a7c8,no,89.00,0.0000,89,2025-08-14T06:17:00+00:00,CDUS41 KOKX 140617,first final report with data,no,no,True,True,False,
2025-08-13,KXHIGHNY-25AUG13,KXHIGHNY-25AUG13-T84,less,,84,nws_climatological_report_daily,f7791d18926356fb,no,89.00,0.0000,89,2025-08-14T06:17:00+00:00,CDUS41 KOKX 140617,first final report with data,no,no,True,True,False,
2025-08-13,KXHIGHNY-25AUG13,KXHIGHNY-25AUG13-T91,greater,91,,nws_climatological_report_daily,cdcfc2f9187e77c7,no,89.00,0.0000,89,2025-08-14T06:17:00+00:00,CDUS41 KOKX 140617,first final report with data,no,no,True,True,False,
2025-08-14,KXHIGHNY-25AUG14,KXHIGHNY-25AUG14-B84.5,between,84,85,nws_climatological_report_daily,09f99738566899c3,no,89.00,0.0000,89,2025-08-15T06:25:00+00:00,CDUS41 KOKX 150625,first final report with data,no,no,True,True,False,
2025-08-14,KXHIGHNY-25AUG14,KXHIGHNY-25AUG14-B86.5,between,86,87,nws_climatological_report_daily,7a323a5a1fa2f96d,no,89.00,0.0000,89,2025-08-15T06:25:00+00:00,CDUS41 KOKX 150625,first final report with data,no,no,True,True,False,
2025-08-14,KXHIGHNY-25AUG14,KXHIGHNY-25AUG14-B88.5,between,88,89,nws_climatological_report_daily,b5eabfaf08432bae,yes,89.00,1.0000,89,2025-08-15T06:25:00+00:00,CDUS41 KOKX 150625,first final report with data,yes,yes,True,True,False,
2025-08-14,KXHIGHNY-25AUG14,KXHIGHNY-25AUG14-B90.5,between,90,91,nws_climatological_report_daily,cc888fd1ba9c72e9,no,89.00,0.0000,89,2025-08-15T06:25:00+00:00,CDUS41 KOKX 150625,first final report with data,no,no,True,True,False,
2025-08-14,KXHIGHNY-25AUG14,KXHIGHNY-25AUG14-T84,less,,84,nws_climatological_report_daily,c253913d83922935,no,89.00,0.0000,89,2025-08-15T06:25:00+00:00,CDUS41 KOKX 150625,first final report with data,no,no,True,True,False,
2025-08-14,KXHIGHNY-25AUG14,KXHIGHNY-25AUG14-T91,greater,91,,nws_climatological_report_daily,646d7c6ab63649c1,no,89.00,0.0000,89,2025-08-15T06:25:00+00:00,CDUS41 KOKX 150625,first final report with data,no,no,True,True,False,
2025-08-15,KXHIGHNY-25AUG15,KXHIGHNY-25AUG15-B83.5,between,83,84,nws_climatological_report_daily,33f82c53a3895be6,no,89.00,0.0000,89,2025-08-16T06:28:00+00:00,CDUS41 KOKX 160628,first final report with data,no,no,True,True,False,
2025-08-15,KXHIGHNY-25AUG15,KXHIGHNY-25AUG15-B85.5,between,85,86,nws_climatological_report_daily,14da2034052232f9,no,89.00,0.0000,89,2025-08-16T06:28:00+00:00,CDUS41 KOKX 160628,first final report with data,no,no,True,True,False,
2025-08-15,KXHIGHNY-25AUG15,KXHIGHNY-25AUG15-B87.5,between,87,88,nws_climatological_report_daily,5b5b572f9998c9cd,no,89.00,0.0000,89,2025-08-16T06:28:00+00:00,CDUS41 KOKX 160628,first final report with data,no,no,True,True,False,
2025-08-15,KXHIGHNY-25AUG15,KXHIGHNY-25AUG15-B89.5,between,89,90,nws_climatological_report_daily,dcc8edfeb0dfc51c,yes,89.00,1.0000,89,2025-08-16T06:28:00+00:00,CDUS41 KOKX 160628,first final report with data,yes,yes,True,True,False,
2025-08-15,KXHIGHNY-25AUG15,KXHIGHNY-25AUG15-T83,less,,83,nws_climatological_report_daily,6574d1476348ef0f,no,89.00,0.0000,89,2025-08-16T06:28:00+00:00,CDUS41 KOKX 160628,first final report with data,no,no,True,True,False,
2025-08-15,KXHIGHNY-25AUG15,KXHIGHNY-25AUG15-T90,greater,90,,nws_climatological_report_daily,a8b65414e1a9e953,no,89.00,0.0000,89,2025-08-16T06:28:00+00:00,CDUS41 KOKX 160628,first final report with data,no,no,True,True,False,
2025-08-16,KXHIGHNY-25AUG16,KXHIGHNY-25AUG16-B83.5,between,83,84,nws_climatological_report_daily,e743fad224a2595c,yes,84.00,1.0000,84,2025-08-17T06:24:00+00:00,CDUS41 KOKX 170624,first final report with data,yes,yes,True,True,False,
2025-08-16,KXHIGHNY-25AUG16,KXHIGHNY-25AUG16-B85.5,between,85,86,nws_climatological_report_daily,0cd1e1542937f795,no,84.00,0.0000,84,2025-08-17T06:24:00+00:00,CDUS41 KOKX 170624,first final report with data,no,no,True,True,False,
2025-08-16,KXHIGHNY-25AUG16,KXHIGHNY-25AUG16-B87.5,between,87,88,nws_climatological_report_daily,090c642dae7a3e5a,no,84.00,0.0000,84,2025-08-17T06:24:00+00:00,CDUS41 KOKX 170624,first final report with data,no,no,True,True,False,
2025-08-16,KXHIGHNY-25AUG16,KXHIGHNY-25AUG16-B89.5,between,89,90,nws_climatological_report_daily,8afdeadc1412672b,no,84.00,0.0000,84,2025-08-17T06:24:00+00:00,CDUS41 KOKX 170624,first final report with data,no,no,True,True,False,
2025-08-16,KXHIGHNY-25AUG16,KXHIGHNY-25AUG16-T83,less,,83,nws_climatological_report_daily,ac9662f77d7f8527,no,84.00,0.0000,84,2025-08-17T06:24:00+00:00,CDUS41 KOKX 170624,first final report with data,no,no,True,True,False,
2025-08-16,KXHIGHNY-25AUG16,KXHIGHNY-25AUG16-T90,greater,90,,nws_climatological_report_daily,77b14dd6cc91286b,no,84.00,0.0000,84,2025-08-17T06:24:00+00:00,CDUS41 KOKX 170624,first final report with data,no,no,True,True,False,
2025-08-17,KXHIGHNY-25AUG17,KXHIGHNY-25AUG17-B86.5,between,86,87,nws_climatological_report_daily,2a759862c1cd5f50,no,91.00,0.0000,91,2025-08-18T10:23:00+00:00,CDUS41 KOKX 181023,first final report with data,no,no,True,True,False,
2025-08-17,KXHIGHNY-25AUG17,KXHIGHNY-25AUG17-B88.5,between,88,89,nws_climatological_report_daily,b0386fe9a21d0465,no,91.00,0.0000,91,2025-08-18T10:23:00+00:00,CDUS41 KOKX 181023,first final report with data,no,no,True,True,False,
2025-08-17,KXHIGHNY-25AUG17,KXHIGHNY-25AUG17-B90.5,between,90,91,nws_climatological_report_daily,07eb7766850699f7,yes,91.00,1.0000,91,2025-08-18T10:23:00+00:00,CDUS41 KOKX 181023,first final report with data,yes,yes,True,True,False,
2025-08-17,KXHIGHNY-25AUG17,KXHIGHNY-25AUG17-B92.5,between,92,93,nws_climatological_report_daily,1bd419a8cf4b785c,no,91.00,0.0000,91,2025-08-18T10:23:00+00:00,CDUS41 KOKX 181023,first final report with data,no,no,True,True,False,
2025-08-17,KXHIGHNY-25AUG17,KXHIGHNY-25AUG17-T86,less,,86,nws_climatological_report_daily,3786526bb356f7d2,no,91.00,0.0000,91,2025-08-18T10:23:00+00:00,CDUS41 KOKX 181023,first final report with data,no,no,True,True,False,
2025-08-17,KXHIGHNY-25AUG17,KXHIGHNY-25AUG17-T93,greater,93,,nws_climatological_report_daily,987d63539493cb00,no,91.00,0.0000,91,2025-08-18T10:23:00+00:00,CDUS41 KOKX 181023,first final report with data,no,no,True,True,False,
2025-08-18,KXHIGHNY-25AUG18,KXHIGHNY-25AUG18-B75.5,between,75,76,nws_climatological_report_daily,7979cf94a010fe57,yes,75.00,1.0000,75,2025-08-19T06:28:00+00:00,CDUS41 KOKX 190628,first final report with data,yes,yes,True,True,False,
2025-08-18,KXHIGHNY-25AUG18,KXHIGHNY-25AUG18-B77.5,between,77,78,nws_climatological_report_daily,7ba3784eab3e575c,no,75.00,0.0000,75,2025-08-19T06:28:00+00:00,CDUS41 KOKX 190628,first final report with data,no,no,True,True,False,
2025-08-18,KXHIGHNY-25AUG18,KXHIGHNY-25AUG18-B79.5,between,79,80,nws_climatological_report_daily,b71b3bde042a1be1,no,75.00,0.0000,75,2025-08-19T06:28:00+00:00,CDUS41 KOKX 190628,first final report with data,no,no,True,True,False,
2025-08-18,KXHIGHNY-25AUG18,KXHIGHNY-25AUG18-B81.5,between,81,82,nws_climatological_report_daily,98b4ec57e85e08f3,no,75.00,0.0000,75,2025-08-19T06:28:00+00:00,CDUS41 KOKX 190628,first final report with data,no,no,True,True,False,
2025-08-18,KXHIGHNY-25AUG18,KXHIGHNY-25AUG18-T75,less,,75,nws_climatological_report_daily,6fcfb399815c69e9,no,75.00,0.0000,75,2025-08-19T06:28:00+00:00,CDUS41 KOKX 190628,first final report with data,no,no,True,True,False,
2025-08-18,KXHIGHNY-25AUG18,KXHIGHNY-25AUG18-T82,greater,82,,nws_climatological_report_daily,360350b0cc052172,no,75.00,0.0000,75,2025-08-19T06:28:00+00:00,CDUS41 KOKX 190628,first final report with data,no,no,True,True,False,
2025-08-19,KXHIGHNY-25AUG19,KXHIGHNY-25AUG19-B75.5,between,75,76,nws_climatological_report_daily,4031f9eb95783fe4,no,77.00,0.0000,77,2025-08-20T06:23:00+00:00,CDUS41 KOKX 200623,first final report with data,no,no,True,True,False,
2025-08-19,KXHIGHNY-25AUG19,KXHIGHNY-25AUG19-B77.5,between,77,78,nws_climatological_report_daily,d823fe03951c66bf,yes,77.00,1.0000,77,2025-08-20T06:23:00+00:00,CDUS41 KOKX 200623,first final report with data,yes,yes,True,True,False,
2025-08-19,KXHIGHNY-25AUG19,KXHIGHNY-25AUG19-B79.5,between,79,80,nws_climatological_report_daily,8fb60c0bb061010f,no,77.00,0.0000,77,2025-08-20T06:23:00+00:00,CDUS41 KOKX 200623,first final report with data,no,no,True,True,False,
2025-08-19,KXHIGHNY-25AUG19,KXHIGHNY-25AUG19-B81.5,between,81,82,nws_climatological_report_daily,6776a4201780a8cc,no,77.00,0.0000,77,2025-08-20T06:23:00+00:00,CDUS41 KOKX 200623,first final report with data,no,no,True,True,False,
2025-08-19,KXHIGHNY-25AUG19,KXHIGHNY-25AUG19-T75,less,,75,nws_climatological_report_daily,bba094b888941147,no,77.00,0.0000,77,2025-08-20T06:23:00+00:00,CDUS41 KOKX 200623,first final report with data,no,no,True,True,False,
2025-08-19,KXHIGHNY-25AUG19,KXHIGHNY-25AUG19-T82,greater,82,,nws_climatological_report_daily,df3c18da903f1d08,no,77.00,0.0000,77,2025-08-20T06:23:00+00:00,CDUS41 KOKX 200623,first final report with data,no,no,True,True,False,
2025-08-20,KXHIGHNY-25AUG20,KXHIGHNY-25AUG20-B70.5,between,70,71,nws_climatological_report_daily,f04da77820cc37c6,yes,70.00,1.0000,70,2025-08-21T06:19:00+00:00,CDUS41 KOKX 210619,first final report with data,yes,yes,True,True,False,
2025-08-20,KXHIGHNY-25AUG20,KXHIGHNY-25AUG20-B72.5,between,72,73,nws_climatological_report_daily,4c9ba637e6772183,no,70.00,0.0000,70,2025-08-21T06:19:00+00:00,CDUS41 KOKX 210619,first final report with data,no,no,True,True,False,
2025-08-20,KXHIGHNY-25AUG20,KXHIGHNY-25AUG20-B74.5,between,74,75,nws_climatological_report_daily,5d1f2d4b4b5af10b,no,70.00,0.0000,70,2025-08-21T06:19:00+00:00,CDUS41 KOKX 210619,first final report with data,no,no,True,True,False,
2025-08-20,KXHIGHNY-25AUG20,KXHIGHNY-25AUG20-B76.5,between,76,77,nws_climatological_report_daily,4d9451f78f6edbbb,no,70.00,0.0000,70,2025-08-21T06:19:00+00:00,CDUS41 KOKX 210619,first final report with data,no,no,True,True,False,
2025-08-20,KXHIGHNY-25AUG20,KXHIGHNY-25AUG20-T70,less,,70,nws_climatological_report_daily,111f300a982a34ea,no,70.00,0.0000,70,2025-08-21T06:19:00+00:00,CDUS41 KOKX 210619,first final report with data,no,no,True,True,False,
2025-08-20,KXHIGHNY-25AUG20,KXHIGHNY-25AUG20-T77,greater,77,,nws_climatological_report_daily,5a39434a75144ad8,no,70.00,0.0000,70,2025-08-21T06:19:00+00:00,CDUS41 KOKX 210619,first final report with data,no,no,True,True,False,
2025-08-21,KXHIGHNY-25AUG21,KXHIGHNY-25AUG21-B69.5,between,69,70,nws_climatological_report_daily,479f587e9f764765,no,72.00,0.0000,72,2025-08-22T06:30:00+00:00,CDUS41 KOKX 220630,first final report with data,no,no,True,True,False,
2025-08-21,KXHIGHNY-25AUG21,KXHIGHNY-25AUG21-B71.5,between,71,72,nws_climatological_report_daily,57c26a40608a151d,yes,72.00,1.0000,72,2025-08-22T06:30:00+00:00,CDUS41 KOKX 220630,first final report with data,yes,yes,True,True,False,
2025-08-21,KXHIGHNY-25AUG21,KXHIGHNY-25AUG21-B73.5,between,73,74,nws_climatological_report_daily,f55d6c997fb18a41,no,72.00,0.0000,72,2025-08-22T06:30:00+00:00,CDUS41 KOKX 220630,first final report with data,no,no,True,True,False,
2025-08-21,KXHIGHNY-25AUG21,KXHIGHNY-25AUG21-B75.5,between,75,76,nws_climatological_report_daily,24029adaaf6212d0,no,72.00,0.0000,72,2025-08-22T06:30:00+00:00,CDUS41 KOKX 220630,first final report with data,no,no,True,True,False,
2025-08-21,KXHIGHNY-25AUG21,KXHIGHNY-25AUG21-T69,less,,69,nws_climatological_report_daily,1da163bd3fdf3337,no,72.00,0.0000,72,2025-08-22T06:30:00+00:00,CDUS41 KOKX 220630,first final report with data,no,no,True,True,False,
2025-08-21,KXHIGHNY-25AUG21,KXHIGHNY-25AUG21-T76,greater,76,,nws_climatological_report_daily,a5c9699174e67920,no,72.00,0.0000,72,2025-08-22T06:30:00+00:00,CDUS41 KOKX 220630,first final report with data,no,no,True,True,False,
2025-08-22,KXHIGHNY-25AUG22,KXHIGHNY-25AUG22-B81.5,between,81,82,nws_climatological_report_daily,a237443dfba916e9,no,83.00,0.0000,83,2025-08-23T06:34:00+00:00,CDUS41 KOKX 230634,first final report with data,no,no,True,True,False,
2025-08-22,KXHIGHNY-25AUG22,KXHIGHNY-25AUG22-B83.5,between,83,84,nws_climatological_report_daily,4a33298e24063086,yes,83.00,1.0000,83,2025-08-23T06:34:00+00:00,CDUS41 KOKX 230634,first final report with data,yes,yes,True,True,False,
2025-08-22,KXHIGHNY-25AUG22,KXHIGHNY-25AUG22-B85.5,between,85,86,nws_climatological_report_daily,233285f18fc207a4,no,83.00,0.0000,83,2025-08-23T06:34:00+00:00,CDUS41 KOKX 230634,first final report with data,no,no,True,True,False,
2025-08-22,KXHIGHNY-25AUG22,KXHIGHNY-25AUG22-B87.5,between,87,88,nws_climatological_report_daily,d83a75aadd68f2b7,no,83.00,0.0000,83,2025-08-23T06:34:00+00:00,CDUS41 KOKX 230634,first final report with data,no,no,True,True,False,
2025-08-22,KXHIGHNY-25AUG22,KXHIGHNY-25AUG22-T81,less,,81,nws_climatological_report_daily,c4b2c970345748b0,no,83.00,0.0000,83,2025-08-23T06:34:00+00:00,CDUS41 KOKX 230634,first final report with data,no,no,True,True,False,
2025-08-22,KXHIGHNY-25AUG22,KXHIGHNY-25AUG22-T88,greater,88,,nws_climatological_report_daily,c92a2b4df0ba6087,no,83.00,0.0000,83,2025-08-23T06:34:00+00:00,CDUS41 KOKX 230634,first final report with data,no,no,True,True,False,
2025-08-23,KXHIGHNY-25AUG23,KXHIGHNY-25AUG23-B82.5,between,82,83,nws_climatological_report_daily,25cd00323648a8bd,yes,82.00,1.0000,82,2025-08-24T06:28:00+00:00,CDUS41 KOKX 240628,first final report with data,yes,yes,True,True,False,
2025-08-23,KXHIGHNY-25AUG23,KXHIGHNY-25AUG23-B84.5,between,84,85,nws_climatological_report_daily,ace445b1d594f116,no,82.00,0.0000,82,2025-08-24T06:28:00+00:00,CDUS41 KOKX 240628,first final report with data,no,no,True,True,False,
2025-08-23,KXHIGHNY-25AUG23,KXHIGHNY-25AUG23-B86.5,between,86,87,nws_climatological_report_daily,c1b7b736ae4da544,no,82.00,0.0000,82,2025-08-24T06:28:00+00:00,CDUS41 KOKX 240628,first final report with data,no,no,True,True,False,
2025-08-23,KXHIGHNY-25AUG23,KXHIGHNY-25AUG23-B88.5,between,88,89,nws_climatological_report_daily,d742a600b653c982,no,82.00,0.0000,82,2025-08-24T06:28:00+00:00,CDUS41 KOKX 240628,first final report with data,no,no,True,True,False,
2025-08-23,KXHIGHNY-25AUG23,KXHIGHNY-25AUG23-T82,less,,82,nws_climatological_report_daily,a7b43df6993087b1,no,82.00,0.0000,82,2025-08-24T06:28:00+00:00,CDUS41 KOKX 240628,first final report with data,no,no,True,True,False,
2025-08-23,KXHIGHNY-25AUG23,KXHIGHNY-25AUG23-T89,greater,89,,nws_climatological_report_daily,db4d0854978fbf5a,no,82.00,0.0000,82,2025-08-24T06:28:00+00:00,CDUS41 KOKX 240628,first final report with data,no,no,True,True,False,
2025-08-24,KXHIGHNY-25AUG24,KXHIGHNY-25AUG24-B79.5,between,79,80,nws_climatological_report_daily,71698a7db426766e,yes,80.00,1.0000,80,2025-08-25T06:30:00+00:00,CDUS41 KOKX 250630,first final report with data,yes,yes,True,True,False,
2025-08-24,KXHIGHNY-25AUG24,KXHIGHNY-25AUG24-B81.5,between,81,82,nws_climatological_report_daily,a4ac9ff1668a7838,no,80.00,0.0000,80,2025-08-25T06:30:00+00:00,CDUS41 KOKX 250630,first final report with data,no,no,True,True,False,
2025-08-24,KXHIGHNY-25AUG24,KXHIGHNY-25AUG24-B83.5,between,83,84,nws_climatological_report_daily,0faee850ee3322be,no,80.00,0.0000,80,2025-08-25T06:30:00+00:00,CDUS41 KOKX 250630,first final report with data,no,no,True,True,False,
2025-08-24,KXHIGHNY-25AUG24,KXHIGHNY-25AUG24-B85.5,between,85,86,nws_climatological_report_daily,282eecc1e98da0dd,no,80.00,0.0000,80,2025-08-25T06:30:00+00:00,CDUS41 KOKX 250630,first final report with data,no,no,True,True,False,
2025-08-24,KXHIGHNY-25AUG24,KXHIGHNY-25AUG24-T79,less,,79,nws_climatological_report_daily,ebfc060e8d926edd,no,80.00,0.0000,80,2025-08-25T06:30:00+00:00,CDUS41 KOKX 250630,first final report with data,no,no,True,True,False,
2025-08-24,KXHIGHNY-25AUG24,KXHIGHNY-25AUG24-T86,greater,86,,nws_climatological_report_daily,04d68864a5f836b5,no,80.00,0.0000,80,2025-08-25T06:30:00+00:00,CDUS41 KOKX 250630,first final report with data,no,no,True,True,False,
2025-08-25,KXHIGHNY-25AUG25,KXHIGHNY-25AUG25-B82.5,between,82,83,nws_climatological_report_daily,e4e0e37af17b603c,no,86.00,0.0000,86,2025-08-26T06:32:00+00:00,CDUS41 KOKX 260632,first final report with data,no,no,True,True,False,
2025-08-25,KXHIGHNY-25AUG25,KXHIGHNY-25AUG25-B84.5,between,84,85,nws_climatological_report_daily,7770985f932c8ac3,no,86.00,0.0000,86,2025-08-26T06:32:00+00:00,CDUS41 KOKX 260632,first final report with data,no,no,True,True,False,
2025-08-25,KXHIGHNY-25AUG25,KXHIGHNY-25AUG25-B86.5,between,86,87,nws_climatological_report_daily,6eac1c95c2533f64,yes,86.00,1.0000,86,2025-08-26T06:32:00+00:00,CDUS41 KOKX 260632,first final report with data,yes,yes,True,True,False,
2025-08-25,KXHIGHNY-25AUG25,KXHIGHNY-25AUG25-B88.5,between,88,89,nws_climatological_report_daily,abb05e387e4376c3,no,86.00,0.0000,86,2025-08-26T06:32:00+00:00,CDUS41 KOKX 260632,first final report with data,no,no,True,True,False,
2025-08-25,KXHIGHNY-25AUG25,KXHIGHNY-25AUG25-T82,less,,82,nws_climatological_report_daily,f185ecf3f1b54f3a,no,86.00,0.0000,86,2025-08-26T06:32:00+00:00,CDUS41 KOKX 260632,first final report with data,no,no,True,True,False,
2025-08-25,KXHIGHNY-25AUG25,KXHIGHNY-25AUG25-T89,greater,89,,nws_climatological_report_daily,ebfd1082e957ef50,no,86.00,0.0000,86,2025-08-26T06:32:00+00:00,CDUS41 KOKX 260632,first final report with data,no,no,True,True,False,
2025-08-26,KXHIGHNY-25AUG26,KXHIGHNY-25AUG26-B77.5,between,77,78,nws_climatological_report_daily,eddbffcd0f63f177,no,79.00,0.0000,79,2025-08-27T06:31:00+00:00,CDUS41 KOKX 270631,first final report with data,no,no,True,True,False,
2025-08-26,KXHIGHNY-25AUG26,KXHIGHNY-25AUG26-B79.5,between,79,80,nws_climatological_report_daily,5ca11f92481fa45b,yes,79.00,1.0000,79,2025-08-27T06:31:00+00:00,CDUS41 KOKX 270631,first final report with data,yes,yes,True,True,False,
2025-08-26,KXHIGHNY-25AUG26,KXHIGHNY-25AUG26-B81.5,between,81,82,nws_climatological_report_daily,de20d85037994ba9,no,79.00,0.0000,79,2025-08-27T06:31:00+00:00,CDUS41 KOKX 270631,first final report with data,no,no,True,True,False,
2025-08-26,KXHIGHNY-25AUG26,KXHIGHNY-25AUG26-B83.5,between,83,84,nws_climatological_report_daily,66a2eacfea92be62,no,79.00,0.0000,79,2025-08-27T06:31:00+00:00,CDUS41 KOKX 270631,first final report with data,no,no,True,True,False,
2025-08-26,KXHIGHNY-25AUG26,KXHIGHNY-25AUG26-T77,less,,77,nws_climatological_report_daily,35cf34c3b6f3e533,no,79.00,0.0000,79,2025-08-27T06:31:00+00:00,CDUS41 KOKX 270631,first final report with data,no,no,True,True,False,
2025-08-26,KXHIGHNY-25AUG26,KXHIGHNY-25AUG26-T84,greater,84,,nws_climatological_report_daily,bae2d5c1d6dac9ae,no,79.00,0.0000,79,2025-08-27T06:31:00+00:00,CDUS41 KOKX 270631,first final report with data,no,no,True,True,False,
2025-08-27,KXHIGHNY-25AUG27,KXHIGHNY-25AUG27-B75.5,between,75,76,nws_climatological_report_daily,50b0b394364f2b32,yes,75.00,1.0000,75,2025-08-28T06:29:00+00:00,CDUS41 KOKX 280629,first final report with data,yes,yes,True,True,False,
2025-08-27,KXHIGHNY-25AUG27,KXHIGHNY-25AUG27-B77.5,between,77,78,nws_climatological_report_daily,4bf2839b805412fa,no,75.00,0.0000,75,2025-08-28T06:29:00+00:00,CDUS41 KOKX 280629,first final report with data,no,no,True,True,False,
2025-08-27,KXHIGHNY-25AUG27,KXHIGHNY-25AUG27-B79.5,between,79,80,nws_climatological_report_daily,60986ac4d6bcd1e2,no,75.00,0.0000,75,2025-08-28T06:29:00+00:00,CDUS41 KOKX 280629,first final report with data,no,no,True,True,False,
2025-08-27,KXHIGHNY-25AUG27,KXHIGHNY-25AUG27-B81.5,between,81,82,nws_climatological_report_daily,86a8d0d2980bb7e2,no,75.00,0.0000,75,2025-08-28T06:29:00+00:00,CDUS41 KOKX 280629,first final report with data,no,no,True,True,False,
2025-08-27,KXHIGHNY-25AUG27,KXHIGHNY-25AUG27-T75,less,,75,nws_climatological_report_daily,b2e0e84140ab34e2,no,75.00,0.0000,75,2025-08-28T06:29:00+00:00,CDUS41 KOKX 280629,first final report with data,no,no,True,True,False,
2025-08-27,KXHIGHNY-25AUG27,KXHIGHNY-25AUG27-T82,greater,82,,nws_climatological_report_daily,6c3da299d272534e,no,75.00,0.0000,75,2025-08-28T06:29:00+00:00,CDUS41 KOKX 280629,first final report with data,no,no,True,True,False,
2025-08-28,KXHIGHNY-25AUG28,KXHIGHNY-25AUG28-B76.5,between,76,77,nws_climatological_report_daily,906f950cba6c682f,no,78.00,0.0000,78,2025-08-29T06:22:00+00:00,CDUS41 KOKX 290622,first final report with data,no,no,True,True,False,
2025-08-28,KXHIGHNY-25AUG28,KXHIGHNY-25AUG28-B78.5,between,78,79,nws_climatological_report_daily,6c98b4bdc70b8d57,yes,78.00,1.0000,78,2025-08-29T06:22:00+00:00,CDUS41 KOKX 290622,first final report with data,yes,yes,True,True,False,
2025-08-28,KXHIGHNY-25AUG28,KXHIGHNY-25AUG28-B80.5,between,80,81,nws_climatological_report_daily,32bdb142383c1038,no,78.00,0.0000,78,2025-08-29T06:22:00+00:00,CDUS41 KOKX 290622,first final report with data,no,no,True,True,False,
2025-08-28,KXHIGHNY-25AUG28,KXHIGHNY-25AUG28-B82.5,between,82,83,nws_climatological_report_daily,8cb9120f7c4705d9,no,78.00,0.0000,78,2025-08-29T06:22:00+00:00,CDUS41 KOKX 290622,first final report with data,no,no,True,True,False,
2025-08-28,KXHIGHNY-25AUG28,KXHIGHNY-25AUG28-T76,less,,76,nws_climatological_report_daily,4cf3f75d4433ebc0,no,78.00,0.0000,78,2025-08-29T06:22:00+00:00,CDUS41 KOKX 290622,first final report with data,no,no,True,True,False,
2025-08-28,KXHIGHNY-25AUG28,KXHIGHNY-25AUG28-T83,greater,83,,nws_climatological_report_daily,4fd60287195b1104,no,78.00,0.0000,78,2025-08-29T06:22:00+00:00,CDUS41 KOKX 290622,first final report with data,no,no,True,True,False,
2025-08-29,KXHIGHNY-25AUG29,KXHIGHNY-25AUG29-B77.5,between,77,78,nws_climatological_report_daily,195e62561b6d09be,yes,78.00,1.0000,78,2025-08-30T06:20:00+00:00,CDUS41 KOKX 300620,first final report with data,yes,yes,True,True,False,
2025-08-29,KXHIGHNY-25AUG29,KXHIGHNY-25AUG29-B79.5,between,79,80,nws_climatological_report_daily,f15a3e94611bc9d8,no,78.00,0.0000,78,2025-08-30T06:20:00+00:00,CDUS41 KOKX 300620,first final report with data,no,no,True,True,False,
2025-08-29,KXHIGHNY-25AUG29,KXHIGHNY-25AUG29-B81.5,between,81,82,nws_climatological_report_daily,d74fe7d2d0640b57,no,78.00,0.0000,78,2025-08-30T06:20:00+00:00,CDUS41 KOKX 300620,first final report with data,no,no,True,True,False,
2025-08-29,KXHIGHNY-25AUG29,KXHIGHNY-25AUG29-B83.5,between,83,84,nws_climatological_report_daily,5336cabb53ba6d34,no,78.00,0.0000,78,2025-08-30T06:20:00+00:00,CDUS41 KOKX 300620,first final report with data,no,no,True,True,False,
2025-08-29,KXHIGHNY-25AUG29,KXHIGHNY-25AUG29-T77,less,,77,nws_climatological_report_daily,1e628bcd4d1cc791,no,78.00,0.0000,78,2025-08-30T06:20:00+00:00,CDUS41 KOKX 300620,first final report with data,no,no,True,True,False,
2025-08-29,KXHIGHNY-25AUG29,KXHIGHNY-25AUG29-T84,greater,84,,nws_climatological_report_daily,7318f736d2ce16b4,no,78.00,0.0000,78,2025-08-30T06:20:00+00:00,CDUS41 KOKX 300620,first final report with data,no,no,True,True,False,
2025-08-30,KXHIGHNY-25AUG30,KXHIGHNY-25AUG30-B73.5,between,73,74,nws_climatological_report_daily,0a2a1f0d1007b4b3,no,76.00,0.0000,76,2025-08-31T06:18:00+00:00,CDUS41 KOKX 310618,first final report with data,no,no,True,True,False,
2025-08-30,KXHIGHNY-25AUG30,KXHIGHNY-25AUG30-B75.5,between,75,76,nws_climatological_report_daily,e09053f7a1b7d3b4,yes,76.00,1.0000,76,2025-08-31T06:18:00+00:00,CDUS41 KOKX 310618,first final report with data,yes,yes,True,True,False,
2025-08-30,KXHIGHNY-25AUG30,KXHIGHNY-25AUG30-B77.5,between,77,78,nws_climatological_report_daily,835add243765193c,no,76.00,0.0000,76,2025-08-31T06:18:00+00:00,CDUS41 KOKX 310618,first final report with data,no,no,True,True,False,
2025-08-30,KXHIGHNY-25AUG30,KXHIGHNY-25AUG30-B79.5,between,79,80,nws_climatological_report_daily,437e7c557d868d06,no,76.00,0.0000,76,2025-08-31T06:18:00+00:00,CDUS41 KOKX 310618,first final report with data,no,no,True,True,False,
2025-08-30,KXHIGHNY-25AUG30,KXHIGHNY-25AUG30-T73,less,,73,nws_climatological_report_daily,2bf26c7bf4e8cb3f,no,76.00,0.0000,76,2025-08-31T06:18:00+00:00,CDUS41 KOKX 310618,first final report with data,no,no,True,True,False,
2025-08-30,KXHIGHNY-25AUG30,KXHIGHNY-25AUG30-T80,greater,80,,nws_climatological_report_daily,91113adc50aaba19,no,76.00,0.0000,76,2025-08-31T06:18:00+00:00,CDUS41 KOKX 310618,first final report with data,no,no,True,True,False,
2025-08-31,KXHIGHNY-25AUG31,KXHIGHNY-25AUG31-B76.5,between,76,77,nws_climatological_report_daily,7deea05d0e4d21b1,no,79.00,0.0000,79,2025-09-01T06:16:00+00:00,CDUS41 KOKX 010616,first final report with data,no,no,True,True,False,
2025-08-31,KXHIGHNY-25AUG31,KXHIGHNY-25AUG31-B78.5,between,78,79,nws_climatological_report_daily,4c9a35852f032cca,yes,79.00,1.0000,79,2025-09-01T06:16:00+00:00,CDUS41 KOKX 010616,first final report with data,yes,yes,True,True,False,
2025-08-31,KXHIGHNY-25AUG31,KXHIGHNY-25AUG31-B80.5,between,80,81,nws_climatological_report_daily,e9b4c17657157786,no,79.00,0.0000,79,2025-09-01T06:16:00+00:00,CDUS41 KOKX 010616,first final report with data,no,no,True,True,False,
2025-08-31,KXHIGHNY-25AUG31,KXHIGHNY-25AUG31-B82.5,between,82,83,nws_climatological_report_daily,86e7c22a9c1e094b,no,79.00,0.0000,79,2025-09-01T06:16:00+00:00,CDUS41 KOKX 010616,first final report with data,no,no,True,True,False,
2025-08-31,KXHIGHNY-25AUG31,KXHIGHNY-25AUG31-T76,less,,76,nws_climatological_report_daily,2cf6364b710389ec,no,79.00,0.0000,79,2025-09-01T06:16:00+00:00,CDUS41 KOKX 010616,first final report with data,no,no,True,True,False,
2025-08-31,KXHIGHNY-25AUG31,KXHIGHNY-25AUG31-T83,greater,83,,nws_climatological_report_daily,22a119357a2b8977,no,79.00,0.0000,79,2025-09-01T06:16:00+00:00,CDUS41 KOKX 010616,first final report with data,no,no,True,True,False,
2025-09-01,KXHIGHNY-25SEP01,KXHIGHNY-25SEP01-B75.5,between,75,76,nws_climatological_report_daily,c2adf53e1bb8af29,no,78.00,0.0000,78,2025-09-02T06:21:00+00:00,CDUS41 KOKX 020621,first final report with data,no,no,True,True,False,
2025-09-01,KXHIGHNY-25SEP01,KXHIGHNY-25SEP01-B77.5,between,77,78,nws_climatological_report_daily,d97399efdd661705,yes,78.00,1.0000,78,2025-09-02T06:21:00+00:00,CDUS41 KOKX 020621,first final report with data,yes,yes,True,True,False,
2025-09-01,KXHIGHNY-25SEP01,KXHIGHNY-25SEP01-B79.5,between,79,80,nws_climatological_report_daily,0773b05a8ff8c387,no,78.00,0.0000,78,2025-09-02T06:21:00+00:00,CDUS41 KOKX 020621,first final report with data,no,no,True,True,False,
2025-09-01,KXHIGHNY-25SEP01,KXHIGHNY-25SEP01-B81.5,between,81,82,nws_climatological_report_daily,bd01ac929fb5e163,no,78.00,0.0000,78,2025-09-02T06:21:00+00:00,CDUS41 KOKX 020621,first final report with data,no,no,True,True,False,
2025-09-01,KXHIGHNY-25SEP01,KXHIGHNY-25SEP01-T75,less,,75,nws_climatological_report_daily,4080dd3142c3da96,no,78.00,0.0000,78,2025-09-02T06:21:00+00:00,CDUS41 KOKX 020621,first final report with data,no,no,True,True,False,
2025-09-01,KXHIGHNY-25SEP01,KXHIGHNY-25SEP01-T82,greater,82,,nws_climatological_report_daily,614f0963aec23e03,no,78.00,0.0000,78,2025-09-02T06:21:00+00:00,CDUS41 KOKX 020621,first final report with data,no,no,True,True,False,
2025-09-02,KXHIGHNY-25SEP02,KXHIGHNY-25SEP02-B74.5,between,74,75,nws_climatological_report_daily,2f4207d2aa4adc23,no,79.00,0.0000,79,2025-09-03T06:28:00+00:00,CDUS41 KOKX 030628,first final report with data,no,no,True,True,False,
2025-09-02,KXHIGHNY-25SEP02,KXHIGHNY-25SEP02-B76.5,between,76,77,nws_climatological_report_daily,d0897ed840a0a099,no,79.00,0.0000,79,2025-09-03T06:28:00+00:00,CDUS41 KOKX 030628,first final report with data,no,no,True,True,False,
2025-09-02,KXHIGHNY-25SEP02,KXHIGHNY-25SEP02-B78.5,between,78,79,nws_climatological_report_daily,84167a07d7e6cd75,yes,79.00,1.0000,79,2025-09-03T06:28:00+00:00,CDUS41 KOKX 030628,first final report with data,yes,yes,True,True,False,
2025-09-02,KXHIGHNY-25SEP02,KXHIGHNY-25SEP02-B80.5,between,80,81,nws_climatological_report_daily,3335bcf2183e7e40,no,79.00,0.0000,79,2025-09-03T06:28:00+00:00,CDUS41 KOKX 030628,first final report with data,no,no,True,True,False,
2025-09-02,KXHIGHNY-25SEP02,KXHIGHNY-25SEP02-T74,less,,74,nws_climatological_report_daily,87b7b69e26b6d471,no,79.00,0.0000,79,2025-09-03T06:28:00+00:00,CDUS41 KOKX 030628,first final report with data,no,no,True,True,False,
2025-09-02,KXHIGHNY-25SEP02,KXHIGHNY-25SEP02-T81,greater,81,,nws_climatological_report_daily,af85d84bba1e048c,no,79.00,0.0000,79,2025-09-03T06:28:00+00:00,CDUS41 KOKX 030628,first final report with data,no,no,True,True,False,
2025-09-03,KXHIGHNY-25SEP03,KXHIGHNY-25SEP03-B76.5,between,76,77,nws_climatological_report_daily,0766420a067786c8,no,79.00,0.0000,79,2025-09-04T06:20:00+00:00,CDUS41 KOKX 040620,first final report with data,no,no,True,True,False,
2025-09-03,KXHIGHNY-25SEP03,KXHIGHNY-25SEP03-B78.5,between,78,79,nws_climatological_report_daily,bdb4fd2e25bef50b,yes,79.00,1.0000,79,2025-09-04T06:20:00+00:00,CDUS41 KOKX 040620,first final report with data,yes,yes,True,True,False,
2025-09-03,KXHIGHNY-25SEP03,KXHIGHNY-25SEP03-B80.5,between,80,81,nws_climatological_report_daily,6ef39a55957a7284,no,79.00,0.0000,79,2025-09-04T06:20:00+00:00,CDUS41 KOKX 040620,first final report with data,no,no,True,True,False,
2025-09-03,KXHIGHNY-25SEP03,KXHIGHNY-25SEP03-B82.5,between,82,83,nws_climatological_report_daily,11aa866f1f83b7b4,no,79.00,0.0000,79,2025-09-04T06:20:00+00:00,CDUS41 KOKX 040620,first final report with data,no,no,True,True,False,
2025-09-03,KXHIGHNY-25SEP03,KXHIGHNY-25SEP03-T76,less,,76,nws_climatological_report_daily,6caa46cf92ae525e,no,79.00,0.0000,79,2025-09-04T06:20:00+00:00,CDUS41 KOKX 040620,first final report with data,no,no,True,True,False,
2025-09-03,KXHIGHNY-25SEP03,KXHIGHNY-25SEP03-T83,greater,83,,nws_climatological_report_daily,67d71e9c3ead4a40,no,79.00,0.0000,79,2025-09-04T06:20:00+00:00,CDUS41 KOKX 040620,first final report with data,no,no,True,True,False,
2025-09-04,KXHIGHNY-25SEP04,KXHIGHNY-25SEP04-B76.5,between,76,77,nws_climatological_report_daily,70b8dedc52921ff3,yes,77.00,1.0000,77,2025-09-05T06:20:00+00:00,CDUS41 KOKX 050620,first final report with data,yes,yes,True,True,False,
2025-09-04,KXHIGHNY-25SEP04,KXHIGHNY-25SEP04-B78.5,between,78,79,nws_climatological_report_daily,57f32142a823c09c,no,77.00,0.0000,77,2025-09-05T06:20:00+00:00,CDUS41 KOKX 050620,first final report with data,no,no,True,True,False,
2025-09-04,KXHIGHNY-25SEP04,KXHIGHNY-25SEP04-B80.5,between,80,81,nws_climatological_report_daily,d6b7c22cf3fa2419,no,77.00,0.0000,77,2025-09-05T06:20:00+00:00,CDUS41 KOKX 050620,first final report with data,no,no,True,True,False,
2025-09-04,KXHIGHNY-25SEP04,KXHIGHNY-25SEP04-B82.5,between,82,83,nws_climatological_report_daily,700182d81b09199e,no,77.00,0.0000,77,2025-09-05T06:20:00+00:00,CDUS41 KOKX 050620,first final report with data,no,no,True,True,False,
2025-09-04,KXHIGHNY-25SEP04,KXHIGHNY-25SEP04-T76,less,,76,nws_climatological_report_daily,c562320444fcc0bd,no,77.00,0.0000,77,2025-09-05T06:20:00+00:00,CDUS41 KOKX 050620,first final report with data,no,no,True,True,False,
2025-09-04,KXHIGHNY-25SEP04,KXHIGHNY-25SEP04-T83,greater,83,,nws_climatological_report_daily,ca5df4aa6c8f54c8,no,77.00,0.0000,77,2025-09-05T06:20:00+00:00,CDUS41 KOKX 050620,first final report with data,no,no,True,True,False,
2025-09-05,KXHIGHNY-25SEP05,KXHIGHNY-25SEP05-B82.5,between,82,83,nws_climatological_report_daily,c5fc5b8972a3fb68,yes,82.00,1.0000,82,2025-09-06T06:34:00+00:00,CDUS41 KOKX 060634,first final report with data,yes,yes,True,True,False,
2025-09-05,KXHIGHNY-25SEP05,KXHIGHNY-25SEP05-B84.5,between,84,85,nws_climatological_report_daily,3c7dd7ee5e48c594,no,82.00,0.0000,82,2025-09-06T06:34:00+00:00,CDUS41 KOKX 060634,first final report with data,no,no,True,True,False,
2025-09-05,KXHIGHNY-25SEP05,KXHIGHNY-25SEP05-B86.5,between,86,87,nws_climatological_report_daily,66b38dc08e0fc7b4,no,82.00,0.0000,82,2025-09-06T06:34:00+00:00,CDUS41 KOKX 060634,first final report with data,no,no,True,True,False,
2025-09-05,KXHIGHNY-25SEP05,KXHIGHNY-25SEP05-B88.5,between,88,89,nws_climatological_report_daily,a2fe3ad378f1651e,no,82.00,0.0000,82,2025-09-06T06:34:00+00:00,CDUS41 KOKX 060634,first final report with data,no,no,True,True,False,
2025-09-05,KXHIGHNY-25SEP05,KXHIGHNY-25SEP05-T82,less,,82,nws_climatological_report_daily,a155d81dc7f3546e,no,82.00,0.0000,82,2025-09-06T06:34:00+00:00,CDUS41 KOKX 060634,first final report with data,no,no,True,True,False,
2025-09-05,KXHIGHNY-25SEP05,KXHIGHNY-25SEP05-T89,greater,89,,nws_climatological_report_daily,0240edf5f30161e4,no,82.00,0.0000,82,2025-09-06T06:34:00+00:00,CDUS41 KOKX 060634,first final report with data,no,no,True,True,False,
2025-09-06,KXHIGHNY-25SEP06,KXHIGHNY-25SEP06-B81.5,between,81,82,nws_climatological_report_daily,fb01fb0548baf399,no,86.00,0.0000,86,2025-09-07T06:27:00+00:00,CDUS41 KOKX 070627,first final report with data,no,no,True,True,False,
2025-09-06,KXHIGHNY-25SEP06,KXHIGHNY-25SEP06-B83.5,between,83,84,nws_climatological_report_daily,ddfbe6c520fa1c08,no,86.00,0.0000,86,2025-09-07T06:27:00+00:00,CDUS41 KOKX 070627,first final report with data,no,no,True,True,False,
2025-09-06,KXHIGHNY-25SEP06,KXHIGHNY-25SEP06-B85.5,between,85,86,nws_climatological_report_daily,3f8cff07a70fcea2,yes,86.00,1.0000,86,2025-09-07T06:27:00+00:00,CDUS41 KOKX 070627,first final report with data,yes,yes,True,True,False,
2025-09-06,KXHIGHNY-25SEP06,KXHIGHNY-25SEP06-B87.5,between,87,88,nws_climatological_report_daily,f4c2dc3c09286004,no,86.00,0.0000,86,2025-09-07T06:27:00+00:00,CDUS41 KOKX 070627,first final report with data,no,no,True,True,False,
2025-09-06,KXHIGHNY-25SEP06,KXHIGHNY-25SEP06-T81,less,,81,nws_climatological_report_daily,c8745a57853102ea,no,86.00,0.0000,86,2025-09-07T06:27:00+00:00,CDUS41 KOKX 070627,first final report with data,no,no,True,True,False,
2025-09-06,KXHIGHNY-25SEP06,KXHIGHNY-25SEP06-T88,greater,88,,nws_climatological_report_daily,eaf5829bc6238586,no,86.00,0.0000,86,2025-09-07T06:27:00+00:00,CDUS41 KOKX 070627,first final report with data,no,no,True,True,False,
2025-09-07,KXHIGHNY-25SEP07,KXHIGHNY-25SEP07-B69.5,between,69,70,nws_climatological_report_daily,93f3831124c4db43,yes,69.00,1.0000,69,2025-09-08T06:22:00+00:00,CDUS41 KOKX 080622,first final report with data,yes,yes,True,True,False,
2025-09-07,KXHIGHNY-25SEP07,KXHIGHNY-25SEP07-B71.5,between,71,72,nws_climatological_report_daily,949b3b447b084cb6,no,69.00,0.0000,69,2025-09-08T06:22:00+00:00,CDUS41 KOKX 080622,first final report with data,no,no,True,True,False,
2025-09-07,KXHIGHNY-25SEP07,KXHIGHNY-25SEP07-B73.5,between,73,74,nws_climatological_report_daily,0361ebc83699c246,no,69.00,0.0000,69,2025-09-08T06:22:00+00:00,CDUS41 KOKX 080622,first final report with data,no,no,True,True,False,
2025-09-07,KXHIGHNY-25SEP07,KXHIGHNY-25SEP07-B75.5,between,75,76,nws_climatological_report_daily,6e55c4131f8e6c72,no,69.00,0.0000,69,2025-09-08T06:22:00+00:00,CDUS41 KOKX 080622,first final report with data,no,no,True,True,False,
2025-09-07,KXHIGHNY-25SEP07,KXHIGHNY-25SEP07-T69,less,,69,nws_climatological_report_daily,cd41be700a9b40ce,no,69.00,0.0000,69,2025-09-08T06:22:00+00:00,CDUS41 KOKX 080622,first final report with data,no,no,True,True,False,
2025-09-07,KXHIGHNY-25SEP07,KXHIGHNY-25SEP07-T76,greater,76,,nws_climatological_report_daily,6707ae5a7e71053a,no,69.00,0.0000,69,2025-09-08T06:22:00+00:00,CDUS41 KOKX 080622,first final report with data,no,no,True,True,False,
2025-09-08,KXHIGHNY-25SEP08,KXHIGHNY-25SEP08-B72.5,between,72,73,nws_climatological_report_daily,1c8fd7e2960b8f0c,yes,73.00,1.0000,73,2025-09-09T06:43:00+00:00,CDUS41 KOKX 090643,first final report with data,yes,yes,True,True,False,
2025-09-08,KXHIGHNY-25SEP08,KXHIGHNY-25SEP08-B74.5,between,74,75,nws_climatological_report_daily,36a27b4325c4f489,no,73.00,0.0000,73,2025-09-09T06:43:00+00:00,CDUS41 KOKX 090643,first final report with data,no,no,True,True,False,
2025-09-08,KXHIGHNY-25SEP08,KXHIGHNY-25SEP08-B76.5,between,76,77,nws_climatological_report_daily,a141d171f3fb320c,no,73.00,0.0000,73,2025-09-09T06:43:00+00:00,CDUS41 KOKX 090643,first final report with data,no,no,True,True,False,
2025-09-08,KXHIGHNY-25SEP08,KXHIGHNY-25SEP08-B78.5,between,78,79,nws_climatological_report_daily,ec159b2f2d236a74,no,73.00,0.0000,73,2025-09-09T06:43:00+00:00,CDUS41 KOKX 090643,first final report with data,no,no,True,True,False,
2025-09-08,KXHIGHNY-25SEP08,KXHIGHNY-25SEP08-T72,less,,72,nws_climatological_report_daily,2c3d0392f0dc9111,no,73.00,0.0000,73,2025-09-09T06:43:00+00:00,CDUS41 KOKX 090643,first final report with data,no,no,True,True,False,
2025-09-08,KXHIGHNY-25SEP08,KXHIGHNY-25SEP08-T79,greater,79,,nws_climatological_report_daily,535f18ec9e379621,no,73.00,0.0000,73,2025-09-09T06:43:00+00:00,CDUS41 KOKX 090643,first final report with data,no,no,True,True,False,
2025-09-09,KXHIGHNY-25SEP09,KXHIGHNY-25SEP09-B72.5,between,72,73,nws_climatological_report_daily,d7b6def5936bec58,yes,73.00,1.0000,73,2025-09-10T06:35:00+00:00,CDUS41 KOKX 100635,first final report with data,yes,yes,True,True,False,
2025-09-09,KXHIGHNY-25SEP09,KXHIGHNY-25SEP09-B74.5,between,74,75,nws_climatological_report_daily,7bff305457314783,no,73.00,0.0000,73,2025-09-10T06:35:00+00:00,CDUS41 KOKX 100635,first final report with data,no,no,True,True,False,
2025-09-09,KXHIGHNY-25SEP09,KXHIGHNY-25SEP09-B76.5,between,76,77,nws_climatological_report_daily,772ba4d74ddefbd3,no,73.00,0.0000,73,2025-09-10T06:35:00+00:00,CDUS41 KOKX 100635,first final report with data,no,no,True,True,False,
2025-09-09,KXHIGHNY-25SEP09,KXHIGHNY-25SEP09-B78.5,between,78,79,nws_climatological_report_daily,be9a920094df1adb,no,73.00,0.0000,73,2025-09-10T06:35:00+00:00,CDUS41 KOKX 100635,first final report with data,no,no,True,True,False,
2025-09-09,KXHIGHNY-25SEP09,KXHIGHNY-25SEP09-T72,less,,72,nws_climatological_report_daily,9d2483c8b4bee2d0,no,73.00,0.0000,73,2025-09-10T06:35:00+00:00,CDUS41 KOKX 100635,first final report with data,no,no,True,True,False,
2025-09-09,KXHIGHNY-25SEP09,KXHIGHNY-25SEP09-T79,greater,79,,nws_climatological_report_daily,f8db8b7e6b8e862d,no,73.00,0.0000,73,2025-09-10T06:35:00+00:00,CDUS41 KOKX 100635,first final report with data,no,no,True,True,False,
2025-09-10,KXHIGHNY-25SEP10,KXHIGHNY-25SEP10-B67.5,between,67,68,nws_climatological_report_daily,c0fdaebb6e535b0d,no,73.00,0.0000,73,2025-09-11T06:45:00+00:00,CDUS41 KOKX 110645,first final report with data,no,no,True,True,False,
2025-09-10,KXHIGHNY-25SEP10,KXHIGHNY-25SEP10-B69.5,between,69,70,nws_climatological_report_daily,cb7e4ecce3a8dac4,no,73.00,0.0000,73,2025-09-11T06:45:00+00:00,CDUS41 KOKX 110645,first final report with data,no,no,True,True,False,
2025-09-10,KXHIGHNY-25SEP10,KXHIGHNY-25SEP10-B71.5,between,71,72,nws_climatological_report_daily,e2a547487a296765,no,73.00,0.0000,73,2025-09-11T06:45:00+00:00,CDUS41 KOKX 110645,first final report with data,no,no,True,True,False,
2025-09-10,KXHIGHNY-25SEP10,KXHIGHNY-25SEP10-B73.5,between,73,74,nws_climatological_report_daily,c08e85f25d36b8c8,yes,73.00,1.0000,73,2025-09-11T06:45:00+00:00,CDUS41 KOKX 110645,first final report with data,yes,yes,True,True,False,
2025-09-10,KXHIGHNY-25SEP10,KXHIGHNY-25SEP10-T67,less,,67,nws_climatological_report_daily,03ea3f6ea844d1c6,no,73.00,0.0000,73,2025-09-11T06:45:00+00:00,CDUS41 KOKX 110645,first final report with data,no,no,True,True,False,
2025-09-10,KXHIGHNY-25SEP10,KXHIGHNY-25SEP10-T74,greater,74,,nws_climatological_report_daily,5d9a5b1d0b3ace4c,no,73.00,0.0000,73,2025-09-11T06:45:00+00:00,CDUS41 KOKX 110645,first final report with data,no,no,True,True,False,
2025-09-11,KXHIGHNY-25SEP11,KXHIGHNY-25SEP11-B78.5,between,78,79,nws_climatological_report_daily,38e8fcde45e79fe2,yes,79.00,1.0000,79,2025-09-12T06:25:00+00:00,CDUS41 KOKX 120625,first final report with data,yes,yes,True,True,False,
2025-09-11,KXHIGHNY-25SEP11,KXHIGHNY-25SEP11-B80.5,between,80,81,nws_climatological_report_daily,4361a7e227833021,no,79.00,0.0000,79,2025-09-12T06:25:00+00:00,CDUS41 KOKX 120625,first final report with data,no,no,True,True,False,
2025-09-11,KXHIGHNY-25SEP11,KXHIGHNY-25SEP11-B82.5,between,82,83,nws_climatological_report_daily,69471fe22b54c57c,no,79.00,0.0000,79,2025-09-12T06:25:00+00:00,CDUS41 KOKX 120625,first final report with data,no,no,True,True,False,
2025-09-11,KXHIGHNY-25SEP11,KXHIGHNY-25SEP11-B84.5,between,84,85,nws_climatological_report_daily,7d6b1e70f5da59d7,no,79.00,0.0000,79,2025-09-12T06:25:00+00:00,CDUS41 KOKX 120625,first final report with data,no,no,True,True,False,
2025-09-11,KXHIGHNY-25SEP11,KXHIGHNY-25SEP11-T78,less,,78,nws_climatological_report_daily,5b2936f03ebf89a9,no,79.00,0.0000,79,2025-09-12T06:25:00+00:00,CDUS41 KOKX 120625,first final report with data,no,no,True,True,False,
2025-09-11,KXHIGHNY-25SEP11,KXHIGHNY-25SEP11-T85,greater,85,,nws_climatological_report_daily,692912efc678ea98,no,79.00,0.0000,79,2025-09-12T06:25:00+00:00,CDUS41 KOKX 120625,first final report with data,no,no,True,True,False,
2025-09-12,KXHIGHNY-25SEP12,KXHIGHNY-25SEP12-B75.5,between,75,76,nws_climatological_report_daily,8a750d3816591675,no,78.00,0.0000,78,2025-09-13T06:40:00+00:00,CDUS41 KOKX 130640,first final report with data,no,no,True,True,False,
2025-09-12,KXHIGHNY-25SEP12,KXHIGHNY-25SEP12-B77.5,between,77,78,nws_climatological_report_daily,da14f595a85f8ad1,yes,78.00,1.0000,78,2025-09-13T06:40:00+00:00,CDUS41 KOKX 130640,first final report with data,yes,yes,True,True,False,
2025-09-12,KXHIGHNY-25SEP12,KXHIGHNY-25SEP12-B79.5,between,79,80,nws_climatological_report_daily,6a585972df440a09,no,78.00,0.0000,78,2025-09-13T06:40:00+00:00,CDUS41 KOKX 130640,first final report with data,no,no,True,True,False,
2025-09-12,KXHIGHNY-25SEP12,KXHIGHNY-25SEP12-B81.5,between,81,82,nws_climatological_report_daily,dcf7ba7a53a69b96,no,78.00,0.0000,78,2025-09-13T06:40:00+00:00,CDUS41 KOKX 130640,first final report with data,no,no,True,True,False,
2025-09-12,KXHIGHNY-25SEP12,KXHIGHNY-25SEP12-T75,less,,75,nws_climatological_report_daily,5cc243e3431da3c5,no,78.00,0.0000,78,2025-09-13T06:40:00+00:00,CDUS41 KOKX 130640,first final report with data,no,no,True,True,False,
2025-09-12,KXHIGHNY-25SEP12,KXHIGHNY-25SEP12-T82,greater,82,,nws_climatological_report_daily,e48ebdb0af154307,no,78.00,0.0000,78,2025-09-13T06:40:00+00:00,CDUS41 KOKX 130640,first final report with data,no,no,True,True,False,
2025-09-13,KXHIGHNY-25SEP13,KXHIGHNY-25SEP13-B77.5,between,77,78,nws_climatological_report_daily,09f65410ec52f1ea,yes,77.00,1.0000,77,2025-09-14T06:32:00+00:00,CDUS41 KOKX 140632,first final report with data,yes,yes,True,True,False,
2025-09-13,KXHIGHNY-25SEP13,KXHIGHNY-25SEP13-B79.5,between,79,80,nws_climatological_report_daily,dd053b1c9220fc8b,no,77.00,0.0000,77,2025-09-14T06:32:00+00:00,CDUS41 KOKX 140632,first final report with data,no,no,True,True,False,
2025-09-13,KXHIGHNY-25SEP13,KXHIGHNY-25SEP13-B81.5,between,81,82,nws_climatological_report_daily,818b72422f17aaf7,no,77.00,0.0000,77,2025-09-14T06:32:00+00:00,CDUS41 KOKX 140632,first final report with data,no,no,True,True,False,
2025-09-13,KXHIGHNY-25SEP13,KXHIGHNY-25SEP13-B83.5,between,83,84,nws_climatological_report_daily,a39a04d661ecccb3,no,77.00,0.0000,77,2025-09-14T06:32:00+00:00,CDUS41 KOKX 140632,first final report with data,no,no,True,True,False,
2025-09-13,KXHIGHNY-25SEP13,KXHIGHNY-25SEP13-T77,less,,77,nws_climatological_report_daily,8417987e20ae8539,no,77.00,0.0000,77,2025-09-14T06:32:00+00:00,CDUS41 KOKX 140632,first final report with data,no,no,True,True,False,
2025-09-13,KXHIGHNY-25SEP13,KXHIGHNY-25SEP13-T84,greater,84,,nws_climatological_report_daily,9187c3c72e0270a2,no,77.00,0.0000,77,2025-09-14T06:32:00+00:00,CDUS41 KOKX 140632,first final report with data,no,no,True,True,False,
2025-09-14,KXHIGHNY-25SEP14,KXHIGHNY-25SEP14-B79.5,between,79,80,nws_climatological_report_daily,0a5a68c1276292b0,no,81.00,0.0000,81,2025-09-15T06:22:00+00:00,CDUS41 KOKX 150622,first final report with data,no,no,True,True,False,
2025-09-14,KXHIGHNY-25SEP14,KXHIGHNY-25SEP14-B81.5,between,81,82,nws_climatological_report_daily,1509ed93ef673938,yes,81.00,1.0000,81,2025-09-15T06:22:00+00:00,CDUS41 KOKX 150622,first final report with data,yes,yes,True,True,False,
2025-09-14,KXHIGHNY-25SEP14,KXHIGHNY-25SEP14-B83.5,between,83,84,nws_climatological_report_daily,79e6c470c696e699,no,81.00,0.0000,81,2025-09-15T06:22:00+00:00,CDUS41 KOKX 150622,first final report with data,no,no,True,True,False,
2025-09-14,KXHIGHNY-25SEP14,KXHIGHNY-25SEP14-B85.5,between,85,86,nws_climatological_report_daily,803c0f6485de26fc,no,81.00,0.0000,81,2025-09-15T06:22:00+00:00,CDUS41 KOKX 150622,first final report with data,no,no,True,True,False,
2025-09-14,KXHIGHNY-25SEP14,KXHIGHNY-25SEP14-T79,less,,79,nws_climatological_report_daily,d808acc6d7a87e84,no,81.00,0.0000,81,2025-09-15T06:22:00+00:00,CDUS41 KOKX 150622,first final report with data,no,no,True,True,False,
2025-09-14,KXHIGHNY-25SEP14,KXHIGHNY-25SEP14-T86,greater,86,,nws_climatological_report_daily,367b9f7f0b0c0c12,no,81.00,0.0000,81,2025-09-15T06:22:00+00:00,CDUS41 KOKX 150622,first final report with data,no,no,True,True,False,
2025-09-15,KXHIGHNY-25SEP15,KXHIGHNY-25SEP15-B75.5,between,75,76,nws_climatological_report_daily,6c5a0d60ee29cf8f,no,79.00,0.0000,79,2025-09-16T06:19:00+00:00,CDUS41 KOKX 160619,first final report with data,no,no,True,True,False,
2025-09-15,KXHIGHNY-25SEP15,KXHIGHNY-25SEP15-B77.5,between,77,78,nws_climatological_report_daily,b5eabc098dfbf6d9,no,79.00,0.0000,79,2025-09-16T06:19:00+00:00,CDUS41 KOKX 160619,first final report with data,no,no,True,True,False,
2025-09-15,KXHIGHNY-25SEP15,KXHIGHNY-25SEP15-B79.5,between,79,80,nws_climatological_report_daily,5d1456167641ef89,yes,79.00,1.0000,79,2025-09-16T06:19:00+00:00,CDUS41 KOKX 160619,first final report with data,yes,yes,True,True,False,
2025-09-15,KXHIGHNY-25SEP15,KXHIGHNY-25SEP15-B81.5,between,81,82,nws_climatological_report_daily,60eb13553efb4e0f,no,79.00,0.0000,79,2025-09-16T06:19:00+00:00,CDUS41 KOKX 160619,first final report with data,no,no,True,True,False,
2025-09-15,KXHIGHNY-25SEP15,KXHIGHNY-25SEP15-T75,less,,75,nws_climatological_report_daily,00876cc7b6a4aa77,no,79.00,0.0000,79,2025-09-16T06:19:00+00:00,CDUS41 KOKX 160619,first final report with data,no,no,True,True,False,
2025-09-15,KXHIGHNY-25SEP15,KXHIGHNY-25SEP15-T82,greater,82,,nws_climatological_report_daily,2fa6fc41915843dc,no,79.00,0.0000,79,2025-09-16T06:19:00+00:00,CDUS41 KOKX 160619,first final report with data,no,no,True,True,False,
2025-09-16,KXHIGHNY-25SEP16,KXHIGHNY-25SEP16-B73.5,between,73,74,nws_climatological_report_daily,7a969ad4a2d1ee09,yes,74.00,1.0000,74,2025-09-17T06:18:00+00:00,CDUS41 KOKX 170618,first final report with data,yes,yes,True,True,False,
2025-09-16,KXHIGHNY-25SEP16,KXHIGHNY-25SEP16-B75.5,between,75,76,nws_climatological_report_daily,df6c97fe6cd274df,no,74.00,0.0000,74,2025-09-17T06:18:00+00:00,CDUS41 KOKX 170618,first final report with data,no,no,True,True,False,
2025-09-16,KXHIGHNY-25SEP16,KXHIGHNY-25SEP16-B77.5,between,77,78,nws_climatological_report_daily,bcf4e0f34a2eea9f,no,74.00,0.0000,74,2025-09-17T06:18:00+00:00,CDUS41 KOKX 170618,first final report with data,no,no,True,True,False,
2025-09-16,KXHIGHNY-25SEP16,KXHIGHNY-25SEP16-B79.5,between,79,80,nws_climatological_report_daily,4b2629631501c9f2,no,74.00,0.0000,74,2025-09-17T06:18:00+00:00,CDUS41 KOKX 170618,first final report with data,no,no,True,True,False,
2025-09-16,KXHIGHNY-25SEP16,KXHIGHNY-25SEP16-T73,less,,73,nws_climatological_report_daily,d90a3d9e5ec5c683,no,74.00,0.0000,74,2025-09-17T06:18:00+00:00,CDUS41 KOKX 170618,first final report with data,no,no,True,True,False,
2025-09-16,KXHIGHNY-25SEP16,KXHIGHNY-25SEP16-T80,greater,80,,nws_climatological_report_daily,71070da7bc04624b,no,74.00,0.0000,74,2025-09-17T06:18:00+00:00,CDUS41 KOKX 170618,first final report with data,no,no,True,True,False,
2025-09-17,KXHIGHNY-25SEP17,KXHIGHNY-25SEP17-B68.5,between,68,69,nws_climatological_report_daily,567b4211af2a91cb,no,70.00,0.0000,70,2025-09-18T06:20:00+00:00,CDUS41 KOKX 180620,first final report with data,no,no,True,True,False,
2025-09-17,KXHIGHNY-25SEP17,KXHIGHNY-25SEP17-B70.5,between,70,71,nws_climatological_report_daily,6bd2a04cdafeed73,yes,70.00,1.0000,70,2025-09-18T06:20:00+00:00,CDUS41 KOKX 180620,first final report with data,yes,yes,True,True,False,
2025-09-17,KXHIGHNY-25SEP17,KXHIGHNY-25SEP17-B72.5,between,72,73,nws_climatological_report_daily,2d13e17c4c73a4bb,no,70.00,0.0000,70,2025-09-18T06:20:00+00:00,CDUS41 KOKX 180620,first final report with data,no,no,True,True,False,
2025-09-17,KXHIGHNY-25SEP17,KXHIGHNY-25SEP17-B74.5,between,74,75,nws_climatological_report_daily,4dab08cda965544f,no,70.00,0.0000,70,2025-09-18T06:20:00+00:00,CDUS41 KOKX 180620,first final report with data,no,no,True,True,False,
2025-09-17,KXHIGHNY-25SEP17,KXHIGHNY-25SEP17-T68,less,,68,nws_climatological_report_daily,f3f9cb4e9094464c,no,70.00,0.0000,70,2025-09-18T06:20:00+00:00,CDUS41 KOKX 180620,first final report with data,no,no,True,True,False,
2025-09-17,KXHIGHNY-25SEP17,KXHIGHNY-25SEP17-T75,greater,75,,nws_climatological_report_daily,f0d3217af1a307c0,no,70.00,0.0000,70,2025-09-18T06:20:00+00:00,CDUS41 KOKX 180620,first final report with data,no,no,True,True,False,
2025-09-18,KXHIGHNY-25SEP18,KXHIGHNY-25SEP18-B76.5,between,76,77,nws_climatological_report_daily,3a1414bff988b4e1,no,83.00,0.0000,83,2025-09-19T06:29:00+00:00,CDUS41 KOKX 190629,first final report with data,no,no,True,True,False,
2025-09-18,KXHIGHNY-25SEP18,KXHIGHNY-25SEP18-B78.5,between,78,79,nws_climatological_report_daily,132fe03ab8a6111f,no,83.00,0.0000,83,2025-09-19T06:29:00+00:00,CDUS41 KOKX 190629,first final report with data,no,no,True,True,False,
2025-09-18,KXHIGHNY-25SEP18,KXHIGHNY-25SEP18-B80.5,between,80,81,nws_climatological_report_daily,e929da1272ea2e3b,no,83.00,0.0000,83,2025-09-19T06:29:00+00:00,CDUS41 KOKX 190629,first final report with data,no,no,True,True,False,
2025-09-18,KXHIGHNY-25SEP18,KXHIGHNY-25SEP18-B82.5,between,82,83,nws_climatological_report_daily,2205825a033f7df3,yes,83.00,1.0000,83,2025-09-19T06:29:00+00:00,CDUS41 KOKX 190629,first final report with data,yes,yes,True,True,False,
2025-09-18,KXHIGHNY-25SEP18,KXHIGHNY-25SEP18-T76,less,,76,nws_climatological_report_daily,1911c5d370f26123,no,83.00,0.0000,83,2025-09-19T06:29:00+00:00,CDUS41 KOKX 190629,first final report with data,no,no,True,True,False,
2025-09-18,KXHIGHNY-25SEP18,KXHIGHNY-25SEP18-T83,greater,83,,nws_climatological_report_daily,39640380ea19a038,no,83.00,0.0000,83,2025-09-19T06:29:00+00:00,CDUS41 KOKX 190629,first final report with data,no,no,True,True,False,
2025-09-19,KXHIGHNY-25SEP19,KXHIGHNY-25SEP19-B80.5,between,80,81,nws_climatological_report_daily,b97e8a66ee82c1b4,no,84.00,0.0000,84,2025-09-20T06:34:00+00:00,CDUS41 KOKX 200634,first final report with data,no,no,True,True,False,
2025-09-19,KXHIGHNY-25SEP19,KXHIGHNY-25SEP19-B82.5,between,82,83,nws_climatological_report_daily,6ff6d282072a375f,no,84.00,0.0000,84,2025-09-20T06:34:00+00:00,CDUS41 KOKX 200634,first final report with data,no,no,True,True,False,
2025-09-19,KXHIGHNY-25SEP19,KXHIGHNY-25SEP19-B84.5,between,84,85,nws_climatological_report_daily,c678c861d19c3af7,yes,84.00,1.0000,84,2025-09-20T06:34:00+00:00,CDUS41 KOKX 200634,first final report with data,yes,yes,True,True,False,
2025-09-19,KXHIGHNY-25SEP19,KXHIGHNY-25SEP19-B86.5,between,86,87,nws_climatological_report_daily,1cb3abc56c9627b6,no,84.00,0.0000,84,2025-09-20T06:34:00+00:00,CDUS41 KOKX 200634,first final report with data,no,no,True,True,False,
2025-09-19,KXHIGHNY-25SEP19,KXHIGHNY-25SEP19-T80,less,,80,nws_climatological_report_daily,16ce332d8da004ca,no,84.00,0.0000,84,2025-09-20T06:34:00+00:00,CDUS41 KOKX 200634,first final report with data,no,no,True,True,False,
2025-09-19,KXHIGHNY-25SEP19,KXHIGHNY-25SEP19-T87,greater,87,,nws_climatological_report_daily,2497d80c5ff2a291,no,84.00,0.0000,84,2025-09-20T06:34:00+00:00,CDUS41 KOKX 200634,first final report with data,no,no,True,True,False,
2025-09-20,KXHIGHNY-25SEP20,KXHIGHNY-25SEP20-B70.5,between,70,71,nws_climatological_report_daily,62eb7803d54f079a,no,73.00,0.0000,73,2025-09-21T06:17:00+00:00,CDUS41 KOKX 210617,first final report with data,no,no,True,True,False,
2025-09-20,KXHIGHNY-25SEP20,KXHIGHNY-25SEP20-B72.5,between,72,73,nws_climatological_report_daily,7f29a007b0e1c032,yes,73.00,1.0000,73,2025-09-21T06:17:00+00:00,CDUS41 KOKX 210617,first final report with data,yes,yes,True,True,False,
2025-09-20,KXHIGHNY-25SEP20,KXHIGHNY-25SEP20-B74.5,between,74,75,nws_climatological_report_daily,929b4470aa9216eb,no,73.00,0.0000,73,2025-09-21T06:17:00+00:00,CDUS41 KOKX 210617,first final report with data,no,no,True,True,False,
2025-09-20,KXHIGHNY-25SEP20,KXHIGHNY-25SEP20-B76.5,between,76,77,nws_climatological_report_daily,c0fa9fa084e2468f,no,73.00,0.0000,73,2025-09-21T06:17:00+00:00,CDUS41 KOKX 210617,first final report with data,no,no,True,True,False,
2025-09-20,KXHIGHNY-25SEP20,KXHIGHNY-25SEP20-T70,less,,70,nws_climatological_report_daily,0d7fa90aa7bb7dca,no,73.00,0.0000,73,2025-09-21T06:17:00+00:00,CDUS41 KOKX 210617,first final report with data,no,no,True,True,False,
2025-09-20,KXHIGHNY-25SEP20,KXHIGHNY-25SEP20-T77,greater,77,,nws_climatological_report_daily,0bcccd1d9c3bab14,no,73.00,0.0000,73,2025-09-21T06:17:00+00:00,CDUS41 KOKX 210617,first final report with data,no,no,True,True,False,
2025-09-21,KXHIGHNY-25SEP21,KXHIGHNY-25SEP21-B67.5,between,67,68,nws_climatological_report_daily,7187ae18326ec92e,no,71.00,0.0000,71,2025-09-22T06:18:00+00:00,CDUS41 KOKX 220618,first final report with data,no,no,True,True,False,
2025-09-21,KXHIGHNY-25SEP21,KXHIGHNY-25SEP21-B69.5,between,69,70,nws_climatological_report_daily,bffa68414aa63b72,no,71.00,0.0000,71,2025-09-22T06:18:00+00:00,CDUS41 KOKX 220618,first final report with data,no,no,True,True,False,
2025-09-21,KXHIGHNY-25SEP21,KXHIGHNY-25SEP21-B71.5,between,71,72,nws_climatological_report_daily,aa38d5d86db3e6c6,yes,71.00,1.0000,71,2025-09-22T06:18:00+00:00,CDUS41 KOKX 220618,first final report with data,yes,yes,True,True,False,
2025-09-21,KXHIGHNY-25SEP21,KXHIGHNY-25SEP21-B73.5,between,73,74,nws_climatological_report_daily,18b0b2c8fa49af31,no,71.00,0.0000,71,2025-09-22T06:18:00+00:00,CDUS41 KOKX 220618,first final report with data,no,no,True,True,False,
2025-09-21,KXHIGHNY-25SEP21,KXHIGHNY-25SEP21-T67,less,,67,nws_climatological_report_daily,7de524a16fa48fff,no,71.00,0.0000,71,2025-09-22T06:18:00+00:00,CDUS41 KOKX 220618,first final report with data,no,no,True,True,False,
2025-09-21,KXHIGHNY-25SEP21,KXHIGHNY-25SEP21-T74,greater,74,,nws_climatological_report_daily,6dc95c4f39ef58e5,no,71.00,0.0000,71,2025-09-22T06:18:00+00:00,CDUS41 KOKX 220618,first final report with data,no,no,True,True,False,
2025-09-22,KXHIGHNY-25SEP22,KXHIGHNY-25SEP22-B72.5,between,72,73,nws_climatological_report_daily,4bdcd9fb55ae75fd,yes,73.00,1.0000,73,2025-09-23T06:20:00+00:00,CDUS41 KOKX 230620,first final report with data,yes,yes,True,True,False,
2025-09-22,KXHIGHNY-25SEP22,KXHIGHNY-25SEP22-B74.5,between,74,75,nws_climatological_report_daily,7fce61604887a98e,no,73.00,0.0000,73,2025-09-23T06:20:00+00:00,CDUS41 KOKX 230620,first final report with data,no,no,True,True,False,
2025-09-22,KXHIGHNY-25SEP22,KXHIGHNY-25SEP22-B76.5,between,76,77,nws_climatological_report_daily,23525395b3594f88,no,73.00,0.0000,73,2025-09-23T06:20:00+00:00,CDUS41 KOKX 230620,first final report with data,no,no,True,True,False,
2025-09-22,KXHIGHNY-25SEP22,KXHIGHNY-25SEP22-B78.5,between,78,79,nws_climatological_report_daily,6e840dcd992d5f7d,no,73.00,0.0000,73,2025-09-23T06:20:00+00:00,CDUS41 KOKX 230620,first final report with data,no,no,True,True,False,
2025-09-22,KXHIGHNY-25SEP22,KXHIGHNY-25SEP22-T72,less,,72,nws_climatological_report_daily,b0d0e539343b63e2,no,73.00,0.0000,73,2025-09-23T06:20:00+00:00,CDUS41 KOKX 230620,first final report with data,no,no,True,True,False,
2025-09-22,KXHIGHNY-25SEP22,KXHIGHNY-25SEP22-T79,greater,79,,nws_climatological_report_daily,ec948aca59fd0aff,no,73.00,0.0000,73,2025-09-23T06:20:00+00:00,CDUS41 KOKX 230620,first final report with data,no,no,True,True,False,
2025-09-23,KXHIGHNY-25SEP23,KXHIGHNY-25SEP23-B76.5,between,76,77,nws_climatological_report_daily,c26f2b744a2c9dac,no,83.00,0.0000,83,2025-09-24T06:23:00+00:00,CDUS41 KOKX 240623,first final report with data,no,no,True,True,False,
2025-09-23,KXHIGHNY-25SEP23,KXHIGHNY-25SEP23-B78.5,between,78,79,nws_climatological_report_daily,9b92d0d06f281f60,no,83.00,0.0000,83,2025-09-24T06:23:00+00:00,CDUS41 KOKX 240623,first final report with data,no,no,True,True,False,
2025-09-23,KXHIGHNY-25SEP23,KXHIGHNY-25SEP23-B80.5,between,80,81,nws_climatological_report_daily,9be13b97c22fb93d,no,83.00,0.0000,83,2025-09-24T06:23:00+00:00,CDUS41 KOKX 240623,first final report with data,no,no,True,True,False,
2025-09-23,KXHIGHNY-25SEP23,KXHIGHNY-25SEP23-B82.5,between,82,83,nws_climatological_report_daily,cfb67b1de9498b8f,yes,83.00,1.0000,83,2025-09-24T06:23:00+00:00,CDUS41 KOKX 240623,first final report with data,yes,yes,True,True,False,
2025-09-23,KXHIGHNY-25SEP23,KXHIGHNY-25SEP23-T76,less,,76,nws_climatological_report_daily,3d7fd1976e3730d5,no,83.00,0.0000,83,2025-09-24T06:23:00+00:00,CDUS41 KOKX 240623,first final report with data,no,no,True,True,False,
2025-09-23,KXHIGHNY-25SEP23,KXHIGHNY-25SEP23-T83,greater,83,,nws_climatological_report_daily,2bfe8756e156861e,no,83.00,0.0000,83,2025-09-24T06:23:00+00:00,CDUS41 KOKX 240623,first final report with data,no,no,True,True,False,
2025-09-24,KXHIGHNY-25SEP24,KXHIGHNY-25SEP24-B75.5,between,75,76,nws_climatological_report_daily,1c21043dd548b939,no,80.00,0.0000,80,2025-09-25T06:34:00+00:00,CDUS41 KOKX 250634,first final report with data,no,no,True,True,False,
2025-09-24,KXHIGHNY-25SEP24,KXHIGHNY-25SEP24-B77.5,between,77,78,nws_climatological_report_daily,498ea5ad4a90fedc,no,80.00,0.0000,80,2025-09-25T06:34:00+00:00,CDUS41 KOKX 250634,first final report with data,no,no,True,True,False,
2025-09-24,KXHIGHNY-25SEP24,KXHIGHNY-25SEP24-B79.5,between,79,80,nws_climatological_report_daily,2ca98b371c2f910a,yes,80.00,1.0000,80,2025-09-25T06:34:00+00:00,CDUS41 KOKX 250634,first final report with data,yes,yes,True,True,False,
2025-09-24,KXHIGHNY-25SEP24,KXHIGHNY-25SEP24-B81.5,between,81,82,nws_climatological_report_daily,a3173c3ff189909a,no,80.00,0.0000,80,2025-09-25T06:34:00+00:00,CDUS41 KOKX 250634,first final report with data,no,no,True,True,False,
2025-09-24,KXHIGHNY-25SEP24,KXHIGHNY-25SEP24-T75,less,,75,nws_climatological_report_daily,8dafbe1e239d57e9,no,80.00,0.0000,80,2025-09-25T06:34:00+00:00,CDUS41 KOKX 250634,first final report with data,no,no,True,True,False,
2025-09-24,KXHIGHNY-25SEP24,KXHIGHNY-25SEP24-T82,greater,82,,nws_climatological_report_daily,e977e7b7d8404408,no,80.00,0.0000,80,2025-09-25T06:34:00+00:00,CDUS41 KOKX 250634,first final report with data,no,no,True,True,False,
2025-09-25,KXHIGHNY-25SEP25,KXHIGHNY-25SEP25-B75.5,between,75,76,nws_climatological_report_daily,35a4ffd9702910c9,no,77.00,0.0000,77,2025-09-26T06:22:00+00:00,CDUS41 KOKX 260622,first final report with data,no,no,True,True,False,
2025-09-25,KXHIGHNY-25SEP25,KXHIGHNY-25SEP25-B77.5,between,77,78,nws_climatological_report_daily,e1b34c1fce458187,yes,77.00,1.0000,77,2025-09-26T06:22:00+00:00,CDUS41 KOKX 260622,first final report with data,yes,yes,True,True,False,
2025-09-25,KXHIGHNY-25SEP25,KXHIGHNY-25SEP25-B79.5,between,79,80,nws_climatological_report_daily,ca2d4bfc04171d07,no,77.00,0.0000,77,2025-09-26T06:22:00+00:00,CDUS41 KOKX 260622,first final report with data,no,no,True,True,False,
2025-09-25,KXHIGHNY-25SEP25,KXHIGHNY-25SEP25-B81.5,between,81,82,nws_climatological_report_daily,afe1c5dc8560de0e,no,77.00,0.0000,77,2025-09-26T06:22:00+00:00,CDUS41 KOKX 260622,first final report with data,no,no,True,True,False,
2025-09-25,KXHIGHNY-25SEP25,KXHIGHNY-25SEP25-T75,less,,75,nws_climatological_report_daily,6df06d90fa8d918a,no,77.00,0.0000,77,2025-09-26T06:22:00+00:00,CDUS41 KOKX 260622,first final report with data,no,no,True,True,False,
2025-09-25,KXHIGHNY-25SEP25,KXHIGHNY-25SEP25-T82,greater,82,,nws_climatological_report_daily,c2eac73dfe51c7f5,no,77.00,0.0000,77,2025-09-26T06:22:00+00:00,CDUS41 KOKX 260622,first final report with data,no,no,True,True,False,
2025-09-26,KXHIGHNY-25SEP26,KXHIGHNY-25SEP26-B77.5,between,77,78,nws_climatological_report_daily,8969635472550b9b,no,82.00,0.0000,82,2025-09-27T06:25:00+00:00,CDUS41 KOKX 270625,first final report with data,no,no,True,True,False,
2025-09-26,KXHIGHNY-25SEP26,KXHIGHNY-25SEP26-B79.5,between,79,80,nws_climatological_report_daily,ea6246f9a67e0651,no,82.00,0.0000,82,2025-09-27T06:25:00+00:00,CDUS41 KOKX 270625,first final report with data,no,no,True,True,False,
2025-09-26,KXHIGHNY-25SEP26,KXHIGHNY-25SEP26-B81.5,between,81,82,nws_climatological_report_daily,59a9c8a0bafbfe1f,yes,82.00,1.0000,82,2025-09-27T06:25:00+00:00,CDUS41 KOKX 270625,first final report with data,yes,yes,True,True,False,
2025-09-26,KXHIGHNY-25SEP26,KXHIGHNY-25SEP26-B83.5,between,83,84,nws_climatological_report_daily,36bf831b9e231ebf,no,82.00,0.0000,82,2025-09-27T06:25:00+00:00,CDUS41 KOKX 270625,first final report with data,no,no,True,True,False,
2025-09-26,KXHIGHNY-25SEP26,KXHIGHNY-25SEP26-T77,less,,77,nws_climatological_report_daily,c3a8011c648f45ec,no,82.00,0.0000,82,2025-09-27T06:25:00+00:00,CDUS41 KOKX 270625,first final report with data,no,no,True,True,False,
2025-09-26,KXHIGHNY-25SEP26,KXHIGHNY-25SEP26-T84,greater,84,,nws_climatological_report_daily,6af033e00e384280,no,82.00,0.0000,82,2025-09-27T06:25:00+00:00,CDUS41 KOKX 270625,first final report with data,no,no,True,True,False,
2025-09-27,KXHIGHNY-25SEP27,KXHIGHNY-25SEP27-B75.5,between,75,76,nws_climatological_report_daily,713f99b081c1face,no,79.00,0.0000,79,2025-09-28T06:35:00+00:00,CDUS41 KOKX 280635,first final report with data,no,no,True,True,False,
2025-09-27,KXHIGHNY-25SEP27,KXHIGHNY-25SEP27-B77.5,between,77,78,nws_climatological_report_daily,ee64b17b4a42a766,no,79.00,0.0000,79,2025-09-28T06:35:00+00:00,CDUS41 KOKX 280635,first final report with data,no,no,True,True,False,
2025-09-27,KXHIGHNY-25SEP27,KXHIGHNY-25SEP27-B79.5,between,79,80,nws_climatological_report_daily,3f0725cfd64c226e,yes,79.00,1.0000,79,2025-09-28T06:35:00+00:00,CDUS41 KOKX 280635,first final report with data,yes,yes,True,True,False,
2025-09-27,KXHIGHNY-25SEP27,KXHIGHNY-25SEP27-B81.5,between,81,82,nws_climatological_report_daily,5328582dd26134dd,no,79.00,0.0000,79,2025-09-28T06:35:00+00:00,CDUS41 KOKX 280635,first final report with data,no,no,True,True,False,
2025-09-27,KXHIGHNY-25SEP27,KXHIGHNY-25SEP27-T75,less,,75,nws_climatological_report_daily,f369b86b473c9b67,no,79.00,0.0000,79,2025-09-28T06:35:00+00:00,CDUS41 KOKX 280635,first final report with data,no,no,True,True,False,
2025-09-27,KXHIGHNY-25SEP27,KXHIGHNY-25SEP27-T82,greater,82,,nws_climatological_report_daily,791333000f71ce31,no,79.00,0.0000,79,2025-09-28T06:35:00+00:00,CDUS41 KOKX 280635,first final report with data,no,no,True,True,False,
2025-09-28,KXHIGHNY-25SEP28,KXHIGHNY-25SEP28-B79.5,between,79,80,nws_climatological_report_daily,74c215c55bba5dec,no,83.00,0.0000,83,2025-09-29T06:17:00+00:00,CDUS41 KOKX 290617,first final report with data,no,no,True,True,False,
2025-09-28,KXHIGHNY-25SEP28,KXHIGHNY-25SEP28-B81.5,between,81,82,nws_climatological_report_daily,13707f1a90d04abd,no,83.00,0.0000,83,2025-09-29T06:17:00+00:00,CDUS41 KOKX 290617,first final report with data,no,no,True,True,False,
2025-09-28,KXHIGHNY-25SEP28,KXHIGHNY-25SEP28-B83.5,between,83,84,nws_climatological_report_daily,fd31be4b6d5d0f19,yes,83.00,1.0000,83,2025-09-29T06:17:00+00:00,CDUS41 KOKX 290617,first final report with data,yes,yes,True,True,False,
2025-09-28,KXHIGHNY-25SEP28,KXHIGHNY-25SEP28-B85.5,between,85,86,nws_climatological_report_daily,1126adb309ef3cd4,no,83.00,0.0000,83,2025-09-29T06:17:00+00:00,CDUS41 KOKX 290617,first final report with data,no,no,True,True,False,
2025-09-28,KXHIGHNY-25SEP28,KXHIGHNY-25SEP28-T79,less,,79,nws_climatological_report_daily,c50910e5d15d755e,no,83.00,0.0000,83,2025-09-29T06:17:00+00:00,CDUS41 KOKX 290617,first final report with data,no,no,True,True,False,
2025-09-28,KXHIGHNY-25SEP28,KXHIGHNY-25SEP28-T86,greater,86,,nws_climatological_report_daily,2625aa9ff499403a,no,83.00,0.0000,83,2025-09-29T06:17:00+00:00,CDUS41 KOKX 290617,first final report with data,no,no,True,True,False,
2025-09-29,KXHIGHNY-25SEP29,KXHIGHNY-25SEP29-B77.5,between,77,78,nws_climatological_report_daily,be7c8b4e62579301,yes,78.00,1.0000,78,2025-09-30T06:31:00+00:00,CDUS41 KOKX 300631,first final report with data,yes,yes,True,True,False,
2025-09-29,KXHIGHNY-25SEP29,KXHIGHNY-25SEP29-B79.5,between,79,80,nws_climatological_report_daily,a6b14f62281948d0,no,78.00,0.0000,78,2025-09-30T06:31:00+00:00,CDUS41 KOKX 300631,first final report with data,no,no,True,True,False,
2025-09-29,KXHIGHNY-25SEP29,KXHIGHNY-25SEP29-B81.5,between,81,82,nws_climatological_report_daily,ebc447e2d06981b4,no,78.00,0.0000,78,2025-09-30T06:31:00+00:00,CDUS41 KOKX 300631,first final report with data,no,no,True,True,False,
2025-09-29,KXHIGHNY-25SEP29,KXHIGHNY-25SEP29-B83.5,between,83,84,nws_climatological_report_daily,c2bf325515adbbad,no,78.00,0.0000,78,2025-09-30T06:31:00+00:00,CDUS41 KOKX 300631,first final report with data,no,no,True,True,False,
2025-09-29,KXHIGHNY-25SEP29,KXHIGHNY-25SEP29-T77,less,,77,nws_climatological_report_daily,14b3ccc67852f2f0,no,78.00,0.0000,78,2025-09-30T06:31:00+00:00,CDUS41 KOKX 300631,first final report with data,no,no,True,True,False,
2025-09-29,KXHIGHNY-25SEP29,KXHIGHNY-25SEP29-T84,greater,84,,nws_climatological_report_daily,120c92c5a9102558,no,78.00,0.0000,78,2025-09-30T06:31:00+00:00,CDUS41 KOKX 300631,first final report with data,no,no,True,True,False,
2025-09-30,KXHIGHNY-25SEP30,KXHIGHNY-25SEP30-B78.5,between,78,79,nws_climatological_report_daily,ccd2ddfb44e4fad8,no,81.00,0.0000,81,2025-10-01T06:18:00+00:00,CDUS41 KOKX 010618,first final report with data,no,no,True,True,False,
2025-09-30,KXHIGHNY-25SEP30,KXHIGHNY-25SEP30-B80.5,between,80,81,nws_climatological_report_daily,fbd4f8d75ce2a4cd,yes,81.00,1.0000,81,2025-10-01T06:18:00+00:00,CDUS41 KOKX 010618,first final report with data,yes,yes,True,True,False,
2025-09-30,KXHIGHNY-25SEP30,KXHIGHNY-25SEP30-B82.5,between,82,83,nws_climatological_report_daily,f4433e302ad2013e,no,81.00,0.0000,81,2025-10-01T06:18:00+00:00,CDUS41 KOKX 010618,first final report with data,no,no,True,True,False,
2025-09-30,KXHIGHNY-25SEP30,KXHIGHNY-25SEP30-B84.5,between,84,85,nws_climatological_report_daily,361d1ab6a0673428,no,81.00,0.0000,81,2025-10-01T06:18:00+00:00,CDUS41 KOKX 010618,first final report with data,no,no,True,True,False,
2025-09-30,KXHIGHNY-25SEP30,KXHIGHNY-25SEP30-T78,less,,78,nws_climatological_report_daily,69ead909ace55b86,no,81.00,0.0000,81,2025-10-01T06:18:00+00:00,CDUS41 KOKX 010618,first final report with data,no,no,True,True,False,
2025-09-30,KXHIGHNY-25SEP30,KXHIGHNY-25SEP30-T85,greater,85,,nws_climatological_report_daily,17cd8b3f51f97b05,no,81.00,0.0000,81,2025-10-01T06:18:00+00:00,CDUS41 KOKX 010618,first final report with data,no,no,True,True,False,
2025-10-01,KXHIGHNY-25OCT01,KXHIGHNY-25OCT01-B65.5,between,65,66,nws_climatological_report_daily,65de07aa77238115,no,69.00,0.0000,69,2025-10-02T06:16:00+00:00,CDUS41 KOKX 020616,first final report with data,no,no,True,True,False,
2025-10-01,KXHIGHNY-25OCT01,KXHIGHNY-25OCT01-B67.5,between,67,68,nws_climatological_report_daily,40af2d56f1a8a846,no,69.00,0.0000,69,2025-10-02T06:16:00+00:00,CDUS41 KOKX 020616,first final report with data,no,no,True,True,False,
2025-10-01,KXHIGHNY-25OCT01,KXHIGHNY-25OCT01-B69.5,between,69,70,nws_climatological_report_daily,f8a24c2e98d21b44,yes,69.00,1.0000,69,2025-10-02T06:16:00+00:00,CDUS41 KOKX 020616,first final report with data,yes,yes,True,True,False,
2025-10-01,KXHIGHNY-25OCT01,KXHIGHNY-25OCT01-B71.5,between,71,72,nws_climatological_report_daily,5c3d2a8cc640c600,no,69.00,0.0000,69,2025-10-02T06:16:00+00:00,CDUS41 KOKX 020616,first final report with data,no,no,True,True,False,
2025-10-01,KXHIGHNY-25OCT01,KXHIGHNY-25OCT01-T65,less,,65,nws_climatological_report_daily,f43ac22f7cdfe184,no,69.00,0.0000,69,2025-10-02T06:16:00+00:00,CDUS41 KOKX 020616,first final report with data,no,no,True,True,False,
2025-10-01,KXHIGHNY-25OCT01,KXHIGHNY-25OCT01-T72,greater,72,,nws_climatological_report_daily,38a1f0e370d048e5,no,69.00,0.0000,69,2025-10-02T06:16:00+00:00,CDUS41 KOKX 020616,first final report with data,no,no,True,True,False,
2025-10-02,KXHIGHNY-25OCT02,KXHIGHNY-25OCT02-B62.5,between,62,63,nws_climatological_report_daily,1bfb2f1faaeedcd2,no,66.00,0.0000,66,2025-10-03T06:18:00+00:00,CDUS41 KOKX 030618,first final report with data,no,no,True,True,False,
2025-10-02,KXHIGHNY-25OCT02,KXHIGHNY-25OCT02-B64.5,between,64,65,nws_climatological_report_daily,cc55f28ec397924f,no,66.00,0.0000,66,2025-10-03T06:18:00+00:00,CDUS41 KOKX 030618,first final report with data,no,no,True,True,False,
2025-10-02,KXHIGHNY-25OCT02,KXHIGHNY-25OCT02-B66.5,between,66,67,nws_climatological_report_daily,31731df6744bac7f,yes,66.00,1.0000,66,2025-10-03T06:18:00+00:00,CDUS41 KOKX 030618,first final report with data,yes,yes,True,True,False,
2025-10-02,KXHIGHNY-25OCT02,KXHIGHNY-25OCT02-B68.5,between,68,69,nws_climatological_report_daily,3446c866163cf228,no,66.00,0.0000,66,2025-10-03T06:18:00+00:00,CDUS41 KOKX 030618,first final report with data,no,no,True,True,False,
2025-10-02,KXHIGHNY-25OCT02,KXHIGHNY-25OCT02-T62,less,,62,nws_climatological_report_daily,11d298081ece2239,no,66.00,0.0000,66,2025-10-03T06:18:00+00:00,CDUS41 KOKX 030618,first final report with data,no,no,True,True,False,
2025-10-02,KXHIGHNY-25OCT02,KXHIGHNY-25OCT02-T69,greater,69,,nws_climatological_report_daily,639499ddd80542d7,no,66.00,0.0000,66,2025-10-03T06:18:00+00:00,CDUS41 KOKX 030618,first final report with data,no,no,True,True,False,
2025-10-03,KXHIGHNY-25OCT03,KXHIGHNY-25OCT03-B70.5,between,70,71,nws_climatological_report_daily,a3c51f73e472b2c8,yes,71.00,1.0000,71,2025-10-04T06:27:00+00:00,CDUS41 KOKX 040627,first final report with data,yes,yes,True,True,False,
2025-10-03,KXHIGHNY-25OCT03,KXHIGHNY-25OCT03-B72.5,between,72,73,nws_climatological_report_daily,14dd312f990accfe,no,71.00,0.0000,71,2025-10-04T06:27:00+00:00,CDUS41 KOKX 040627,first final report with data,no,no,True,True,False,
2025-10-03,KXHIGHNY-25OCT03,KXHIGHNY-25OCT03-B74.5,between,74,75,nws_climatological_report_daily,493730f64947dd7a,no,71.00,0.0000,71,2025-10-04T06:27:00+00:00,CDUS41 KOKX 040627,first final report with data,no,no,True,True,False,
2025-10-03,KXHIGHNY-25OCT03,KXHIGHNY-25OCT03-B76.5,between,76,77,nws_climatological_report_daily,a5dc5febdef7c155,no,71.00,0.0000,71,2025-10-04T06:27:00+00:00,CDUS41 KOKX 040627,first final report with data,no,no,True,True,False,
2025-10-03,KXHIGHNY-25OCT03,KXHIGHNY-25OCT03-T70,less,,70,nws_climatological_report_daily,a62eb6b224e0d8d0,no,71.00,0.0000,71,2025-10-04T06:27:00+00:00,CDUS41 KOKX 040627,first final report with data,no,no,True,True,False,
2025-10-03,KXHIGHNY-25OCT03,KXHIGHNY-25OCT03-T77,greater,77,,nws_climatological_report_daily,70ee1577d65cba95,no,71.00,0.0000,71,2025-10-04T06:27:00+00:00,CDUS41 KOKX 040627,first final report with data,no,no,True,True,False,
2025-10-04,KXHIGHNY-25OCT04,KXHIGHNY-25OCT04-B79.5,between,79,80,nws_climatological_report_daily,2eb51fd2d8d405d5,no,82.00,0.0000,82,2025-10-05T06:16:00+00:00,CDUS41 KOKX 050616,first final report with data,no,no,True,True,False,
2025-10-04,KXHIGHNY-25OCT04,KXHIGHNY-25OCT04-B81.5,between,81,82,nws_climatological_report_daily,4ead57eb36921c86,yes,82.00,1.0000,82,2025-10-05T06:16:00+00:00,CDUS41 KOKX 050616,first final report with data,yes,yes,True,True,False,
2025-10-04,KXHIGHNY-25OCT04,KXHIGHNY-25OCT04-B83.5,between,83,84,nws_climatological_report_daily,949660bd6c8b4018,no,82.00,0.0000,82,2025-10-05T06:16:00+00:00,CDUS41 KOKX 050616,first final report with data,no,no,True,True,False,
2025-10-04,KXHIGHNY-25OCT04,KXHIGHNY-25OCT04-B85.5,between,85,86,nws_climatological_report_daily,c8459519c22698b1,no,82.00,0.0000,82,2025-10-05T06:16:00+00:00,CDUS41 KOKX 050616,first final report with data,no,no,True,True,False,
2025-10-04,KXHIGHNY-25OCT04,KXHIGHNY-25OCT04-T79,less,,79,nws_climatological_report_daily,3d631589ee97c351,no,82.00,0.0000,82,2025-10-05T06:16:00+00:00,CDUS41 KOKX 050616,first final report with data,no,no,True,True,False,
2025-10-04,KXHIGHNY-25OCT04,KXHIGHNY-25OCT04-T86,greater,86,,nws_climatological_report_daily,07afae17c8e07e48,no,82.00,0.0000,82,2025-10-05T06:16:00+00:00,CDUS41 KOKX 050616,first final report with data,no,no,True,True,False,
2025-10-05,KXHIGHNY-25OCT05,KXHIGHNY-25OCT05-B80.5,between,80,81,nws_climatological_report_daily,b18eff5fa3e7edc0,no,84.00,0.0000,84,2025-10-06T06:25:00+00:00,CDUS41 KOKX 060625,first final report with data,no,no,True,True,False,
2025-10-05,KXHIGHNY-25OCT05,KXHIGHNY-25OCT05-B82.5,between,82,83,nws_climatological_report_daily,ca2c1bc08c121cd3,no,84.00,0.0000,84,2025-10-06T06:25:00+00:00,CDUS41 KOKX 060625,first final report with data,no,no,True,True,False,
2025-10-05,KXHIGHNY-25OCT05,KXHIGHNY-25OCT05-B84.5,between,84,85,nws_climatological_report_daily,f10cd8eb667f931e,yes,84.00,1.0000,84,2025-10-06T06:25:00+00:00,CDUS41 KOKX 060625,first final report with data,yes,yes,True,True,False,
2025-10-05,KXHIGHNY-25OCT05,KXHIGHNY-25OCT05-B86.5,between,86,87,nws_climatological_report_daily,2272257aa243e4f1,no,84.00,0.0000,84,2025-10-06T06:25:00+00:00,CDUS41 KOKX 060625,first final report with data,no,no,True,True,False,
2025-10-05,KXHIGHNY-25OCT05,KXHIGHNY-25OCT05-T80,less,,80,nws_climatological_report_daily,f997d17611731a6f,no,84.00,0.0000,84,2025-10-06T06:25:00+00:00,CDUS41 KOKX 060625,first final report with data,no,no,True,True,False,
2025-10-05,KXHIGHNY-25OCT05,KXHIGHNY-25OCT05-T87,greater,87,,nws_climatological_report_daily,28d2dbfc0aedde4b,no,84.00,0.0000,84,2025-10-06T06:25:00+00:00,CDUS41 KOKX 060625,first final report with data,no,no,True,True,False,
2025-10-06,KXHIGHNY-25OCT06,KXHIGHNY-25OCT06-B77.5,between,77,78,nws_climatological_report_daily,abae59faaa95c664,no,80.00,0.0000,80,2025-10-07T06:32:00+00:00,CDUS41 KOKX 070632,first final report with data,no,no,True,True,False,
2025-10-06,KXHIGHNY-25OCT06,KXHIGHNY-25OCT06-B79.5,between,79,80,nws_climatological_report_daily,ce24bb7df564ecaa,yes,80.00,1.0000,80,2025-10-07T06:32:00+00:00,CDUS41 KOKX 070632,first final report with data,yes,yes,True,True,False,
2025-10-06,KXHIGHNY-25OCT06,KXHIGHNY-25OCT06-B81.5,between,81,82,nws_climatological_report_daily,c642e3b162109b35,no,80.00,0.0000,80,2025-10-07T06:32:00+00:00,CDUS41 KOKX 070632,first final report with data,no,no,True,True,False,
2025-10-06,KXHIGHNY-25OCT06,KXHIGHNY-25OCT06-B83.5,between,83,84,nws_climatological_report_daily,8355ae4d4b184863,no,80.00,0.0000,80,2025-10-07T06:32:00+00:00,CDUS41 KOKX 070632,first final report with data,no,no,True,True,False,
2025-10-06,KXHIGHNY-25OCT06,KXHIGHNY-25OCT06-T77,less,,77,nws_climatological_report_daily,bef1a7aec2245822,no,80.00,0.0000,80,2025-10-07T06:32:00+00:00,CDUS41 KOKX 070632,first final report with data,no,no,True,True,False,
2025-10-06,KXHIGHNY-25OCT06,KXHIGHNY-25OCT06-T84,greater,84,,nws_climatological_report_daily,96e4166334d05e53,no,80.00,0.0000,80,2025-10-07T06:32:00+00:00,CDUS41 KOKX 070632,first final report with data,no,no,True,True,False,
2025-10-07,KXHIGHNY-25OCT07,KXHIGHNY-25OCT07-B79.5,between,79,80,nws_climatological_report_daily,0beba907d15ea565,yes,80.00,1.0000,80,2025-10-08T06:57:00+00:00,CDUS41 KOKX 080657,first final report with data,yes,yes,True,True,False,
2025-10-07,KXHIGHNY-25OCT07,KXHIGHNY-25OCT07-B81.5,between,81,82,nws_climatological_report_daily,42c1f2cee658bfc6,no,80.00,0.0000,80,2025-10-08T06:57:00+00:00,CDUS41 KOKX 080657,first final report with data,no,no,True,True,False,
2025-10-07,KXHIGHNY-25OCT07,KXHIGHNY-25OCT07-B83.5,between,83,84,nws_climatological_report_daily,5252e4c419010796,no,80.00,0.0000,80,2025-10-08T06:57:00+00:00,CDUS41 KOKX 080657,first final report with data,no,no,True,True,False,
2025-10-07,KXHIGHNY-25OCT07,KXHIGHNY-25OCT07-B85.5,between,85,86,nws_climatological_report_daily,003820cce423b2c1,no,80.00,0.0000,80,2025-10-08T06:57:00+00:00,CDUS41 KOKX 080657,first final report with data,no,no,True,True,False,
2025-10-07,KXHIGHNY-25OCT07,KXHIGHNY-25OCT07-T79,less,,79,nws_climatological_report_daily,3f1365c6413f5e96,no,80.00,0.0000,80,2025-10-08T06:57:00+00:00,CDUS41 KOKX 080657,first final report with data,no,no,True,True,False,
2025-10-07,KXHIGHNY-25OCT07,KXHIGHNY-25OCT07-T86,greater,86,,nws_climatological_report_daily,8c5200a714039a5c,no,80.00,0.0000,80,2025-10-08T06:57:00+00:00,CDUS41 KOKX 080657,first final report with data,no,no,True,True,False,
2025-10-08,KXHIGHNY-25OCT08,KXHIGHNY-25OCT08-B69.5,between,69,70,nws_climatological_report_daily,43276ebbdcff1f0c,no,72.00,0.0000,72,2025-10-09T06:31:00+00:00,CDUS41 KOKX 090631,first final report with data,no,no,True,True,False,
2025-10-08,KXHIGHNY-25OCT08,KXHIGHNY-25OCT08-B71.5,between,71,72,nws_climatological_report_daily,3b0460f317554112,yes,72.00,1.0000,72,2025-10-09T06:31:00+00:00,CDUS41 KOKX 090631,first final report with data,yes,yes,True,True,False,
2025-10-08,KXHIGHNY-25OCT08,KXHIGHNY-25OCT08-B73.5,between,73,74,nws_climatological_report_daily,45d281e6ef73c8de,no,72.00,0.0000,72,2025-10-09T06:31:00+00:00,CDUS41 KOKX 090631,first final report with data,no,no,True,True,False,
2025-10-08,KXHIGHNY-25OCT08,KXHIGHNY-25OCT08-B75.5,between,75,76,nws_climatological_report_daily,46216d8bd5533d24,no,72.00,0.0000,72,2025-10-09T06:31:00+00:00,CDUS41 KOKX 090631,first final report with data,no,no,True,True,False,
2025-10-08,KXHIGHNY-25OCT08,KXHIGHNY-25OCT08-T69,less,,69,nws_climatological_report_daily,bcf187f166767dfc,no,72.00,0.0000,72,2025-10-09T06:31:00+00:00,CDUS41 KOKX 090631,first final report with data,no,no,True,True,False,
2025-10-08,KXHIGHNY-25OCT08,KXHIGHNY-25OCT08-T76,greater,76,,nws_climatological_report_daily,4784d5468bfb67af,no,72.00,0.0000,72,2025-10-09T06:31:00+00:00,CDUS41 KOKX 090631,first final report with data,no,no,True,True,False,
2025-10-09,KXHIGHNY-25OCT09,KXHIGHNY-25OCT09-B58.5,between,58,59,nws_climatological_report_daily,47ca90b04df64cb9,yes,59.00,1.0000,59,2025-10-10T06:23:00+00:00,CDUS41 KOKX 100623,first final report with data,yes,yes,True,True,False,
2025-10-09,KXHIGHNY-25OCT09,KXHIGHNY-25OCT09-B60.5,between,60,61,nws_climatological_report_daily,7d625cfb83054e62,no,59.00,0.0000,59,2025-10-10T06:23:00+00:00,CDUS41 KOKX 100623,first final report with data,no,no,True,True,False,
2025-10-09,KXHIGHNY-25OCT09,KXHIGHNY-25OCT09-B62.5,between,62,63,nws_climatological_report_daily,b3121593c7a1630c,no,59.00,0.0000,59,2025-10-10T06:23:00+00:00,CDUS41 KOKX 100623,first final report with data,no,no,True,True,False,
2025-10-09,KXHIGHNY-25OCT09,KXHIGHNY-25OCT09-B64.5,between,64,65,nws_climatological_report_daily,cef94bec96ff144e,no,59.00,0.0000,59,2025-10-10T06:23:00+00:00,CDUS41 KOKX 100623,first final report with data,no,no,True,True,False,
2025-10-09,KXHIGHNY-25OCT09,KXHIGHNY-25OCT09-T58,less,,58,nws_climatological_report_daily,6e98fa4a4b302ec9,no,59.00,0.0000,59,2025-10-10T06:23:00+00:00,CDUS41 KOKX 100623,first final report with data,no,no,True,True,False,
2025-10-09,KXHIGHNY-25OCT09,KXHIGHNY-25OCT09-T65,greater,65,,nws_climatological_report_daily,fe4c35f597e4d6dc,no,59.00,0.0000,59,2025-10-10T06:23:00+00:00,CDUS41 KOKX 100623,first final report with data,no,no,True,True,False,
2025-10-10,KXHIGHNY-25OCT10,KXHIGHNY-25OCT10-B60.5,between,60,61,nws_climatological_report_daily,a159738b8ba14b60,no,62.00,0.0000,62,2025-10-11T06:16:00+00:00,CDUS41 KOKX 110616,first final report with data,no,no,True,True,False,
2025-10-10,KXHIGHNY-25OCT10,KXHIGHNY-25OCT10-B62.5,between,62,63,nws_climatological_report_daily,2704bcf59e4fab44,yes,62.00,1.0000,62,2025-10-11T06:16:00+00:00,CDUS41 KOKX 110616,first final report with data,yes,yes,True,True,False,
2025-10-10,KXHIGHNY-25OCT10,KXHIGHNY-25OCT10-B64.5,between,64,65,nws_climatological_report_daily,759eee7a150cd67a,no,62.00,0.0000,62,2025-10-11T06:16:00+00:00,CDUS41 KOKX 110616,first final report with data,no,no,True,True,False,
2025-10-10,KXHIGHNY-25OCT10,KXHIGHNY-25OCT10-B66.5,between,66,67,nws_climatological_report_daily,800108bfedac0133,no,62.00,0.0000,62,2025-10-11T06:16:00+00:00,CDUS41 KOKX 110616,first final report with data,no,no,True,True,False,
2025-10-10,KXHIGHNY-25OCT10,KXHIGHNY-25OCT10-T60,less,,60,nws_climatological_report_daily,0339c9607041dc22,no,62.00,0.0000,62,2025-10-11T06:16:00+00:00,CDUS41 KOKX 110616,first final report with data,no,no,True,True,False,
2025-10-10,KXHIGHNY-25OCT10,KXHIGHNY-25OCT10-T67,greater,67,,nws_climatological_report_daily,36f0c7b98e7aa66a,no,62.00,0.0000,62,2025-10-11T06:16:00+00:00,CDUS41 KOKX 110616,first final report with data,no,no,True,True,False,
2025-10-11,KXHIGHNY-25OCT11,KXHIGHNY-25OCT11-B64.5,between,64,65,nws_climatological_report_daily,abcf37426cd00258,yes,64.00,1.0000,64,2025-10-12T06:18:00+00:00,CDUS41 KOKX 120618,first final report with data,yes,yes,True,True,False,
2025-10-11,KXHIGHNY-25OCT11,KXHIGHNY-25OCT11-B66.5,between,66,67,nws_climatological_report_daily,80042097bcd72b52,no,64.00,0.0000,64,2025-10-12T06:18:00+00:00,CDUS41 KOKX 120618,first final report with data,no,no,True,True,False,
2025-10-11,KXHIGHNY-25OCT11,KXHIGHNY-25OCT11-B68.5,between,68,69,nws_climatological_report_daily,19a20815ad1cd118,no,64.00,0.0000,64,2025-10-12T06:18:00+00:00,CDUS41 KOKX 120618,first final report with data,no,no,True,True,False,
2025-10-11,KXHIGHNY-25OCT11,KXHIGHNY-25OCT11-B70.5,between,70,71,nws_climatological_report_daily,624f469194ec9a8c,no,64.00,0.0000,64,2025-10-12T06:18:00+00:00,CDUS41 KOKX 120618,first final report with data,no,no,True,True,False,
2025-10-11,KXHIGHNY-25OCT11,KXHIGHNY-25OCT11-T64,less,,64,nws_climatological_report_daily,6a8c694505489f85,no,64.00,0.0000,64,2025-10-12T06:18:00+00:00,CDUS41 KOKX 120618,first final report with data,no,no,True,True,False,
2025-10-11,KXHIGHNY-25OCT11,KXHIGHNY-25OCT11-T71,greater,71,,nws_climatological_report_daily,7da8c5f87fcd87d1,no,64.00,0.0000,64,2025-10-12T06:18:00+00:00,CDUS41 KOKX 120618,first final report with data,no,no,True,True,False,
2025-10-12,KXHIGHNY-25OCT12,KXHIGHNY-25OCT12-B61.5,between,61,62,nws_climatological_report_daily,36e0cca5cc9bbed0,no,63.00,0.0000,63,2025-10-13T06:20:00+00:00,CDUS41 KOKX 130620,first final report with data,no,no,True,True,False,
2025-10-12,KXHIGHNY-25OCT12,KXHIGHNY-25OCT12-B63.5,between,63,64,nws_climatological_report_daily,e645c46b60fdd059,yes,63.00,1.0000,63,2025-10-13T06:20:00+00:00,CDUS41 KOKX 130620,first final report with data,yes,yes,True,True,False,
2025-10-12,KXHIGHNY-25OCT12,KXHIGHNY-25OCT12-B65.5,between,65,66,nws_climatological_report_daily,a73ace805bd7acee,no,63.00,0.0000,63,2025-10-13T06:20:00+00:00,CDUS41 KOKX 130620,first final report with data,no,no,True,True,False,
2025-10-12,KXHIGHNY-25OCT12,KXHIGHNY-25OCT12-B67.5,between,67,68,nws_climatological_report_daily,70de827d4d54c5a8,no,63.00,0.0000,63,2025-10-13T06:20:00+00:00,CDUS41 KOKX 130620,first final report with data,no,no,True,True,False,
2025-10-12,KXHIGHNY-25OCT12,KXHIGHNY-25OCT12-T61,less,,61,nws_climatological_report_daily,635febc58ade29b6,no,63.00,0.0000,63,2025-10-13T06:20:00+00:00,CDUS41 KOKX 130620,first final report with data,no,no,True,True,False,
2025-10-12,KXHIGHNY-25OCT12,KXHIGHNY-25OCT12-T68,greater,68,,nws_climatological_report_daily,f7a08d5e46383b85,no,63.00,0.0000,63,2025-10-13T06:20:00+00:00,CDUS41 KOKX 130620,first final report with data,no,no,True,True,False,
2025-10-13,KXHIGHNY-25OCT13,KXHIGHNY-25OCT13-B58.5,between,58,59,nws_climatological_report_daily,bf8c14cf01c1c6f6,yes,58.00,1.0000,58,2025-10-14T06:22:00+00:00,CDUS41 KOKX 140622,first final report with data,yes,yes,True,True,False,
2025-10-13,KXHIGHNY-25OCT13,KXHIGHNY-25OCT13-B60.5,between,60,61,nws_climatological_report_daily,677650d847a0c99f,no,58.00,0.0000,58,2025-10-14T06:22:00+00:00,CDUS41 KOKX 140622,first final report with data,no,no,True,True,False,
2025-10-13,KXHIGHNY-25OCT13,KXHIGHNY-25OCT13-B62.5,between,62,63,nws_climatological_report_daily,58fce540cca6de5a,no,58.00,0.0000,58,2025-10-14T06:22:00+00:00,CDUS41 KOKX 140622,first final report with data,no,no,True,True,False,
2025-10-13,KXHIGHNY-25OCT13,KXHIGHNY-25OCT13-B64.5,between,64,65,nws_climatological_report_daily,a2f4301929292096,no,58.00,0.0000,58,2025-10-14T06:22:00+00:00,CDUS41 KOKX 140622,first final report with data,no,no,True,True,False,
2025-10-13,KXHIGHNY-25OCT13,KXHIGHNY-25OCT13-T58,less,,58,nws_climatological_report_daily,fdfb5c2be679d6d1,no,58.00,0.0000,58,2025-10-14T06:22:00+00:00,CDUS41 KOKX 140622,first final report with data,no,no,True,True,False,
2025-10-13,KXHIGHNY-25OCT13,KXHIGHNY-25OCT13-T65,greater,65,,nws_climatological_report_daily,64f3c491a6853e4f,no,58.00,0.0000,58,2025-10-14T06:22:00+00:00,CDUS41 KOKX 140622,first final report with data,no,no,True,True,False,
2025-10-14,KXHIGHNY-25OCT14,KXHIGHNY-25OCT14-B60.5,between,60,61,nws_climatological_report_daily,f2fd19b0eb6ec6db,yes,61.00,1.0000,61,2025-10-15T06:18:00+00:00,CDUS41 KOKX 150618,first final report with data,yes,yes,True,True,False,
2025-10-14,KXHIGHNY-25OCT14,KXHIGHNY-25OCT14-B62.5,between,62,63,nws_climatological_report_daily,0917694ca77c02df,no,61.00,0.0000,61,2025-10-15T06:18:00+00:00,CDUS41 KOKX 150618,first final report with data,no,no,True,True,False,
2025-10-14,KXHIGHNY-25OCT14,KXHIGHNY-25OCT14-B64.5,between,64,65,nws_climatological_report_daily,9955ba1823263f0e,no,61.00,0.0000,61,2025-10-15T06:18:00+00:00,CDUS41 KOKX 150618,first final report with data,no,no,True,True,False,
2025-10-14,KXHIGHNY-25OCT14,KXHIGHNY-25OCT14-B66.5,between,66,67,nws_climatological_report_daily,2c2c0cb9bcaaa20e,no,61.00,0.0000,61,2025-10-15T06:18:00+00:00,CDUS41 KOKX 150618,first final report with data,no,no,True,True,False,
2025-10-14,KXHIGHNY-25OCT14,KXHIGHNY-25OCT14-T60,less,,60,nws_climatological_report_daily,a7d4aa292daecd0d,no,61.00,0.0000,61,2025-10-15T06:18:00+00:00,CDUS41 KOKX 150618,first final report with data,no,no,True,True,False,
2025-10-14,KXHIGHNY-25OCT14,KXHIGHNY-25OCT14-T67,greater,67,,nws_climatological_report_daily,f3ddccfcad8b3237,no,61.00,0.0000,61,2025-10-15T06:18:00+00:00,CDUS41 KOKX 150618,first final report with data,no,no,True,True,False,
2025-10-15,KXHIGHNY-25OCT15,KXHIGHNY-25OCT15-B63.5,between,63,64,nws_climatological_report_daily,18ad59bb55337d32,no,68.00,0.0000,68,2025-10-16T06:16:00+00:00,CDUS41 KOKX 160616,first final report with data,no,no,True,True,False,
2025-10-15,KXHIGHNY-25OCT15,KXHIGHNY-25OCT15-B65.5,between,65,66,nws_climatological_report_daily,04afc4f81c2233e0,no,68.00,0.0000,68,2025-10-16T06:16:00+00:00,CDUS41 KOKX 160616,first final report with data,no,no,True,True,False,
2025-10-15,KXHIGHNY-25OCT15,KXHIGHNY-25OCT15-B67.5,between,67,68,nws_climatological_report_daily,bf01ce32bb703197,yes,68.00,1.0000,68,2025-10-16T06:16:00+00:00,CDUS41 KOKX 160616,first final report with data,yes,yes,True,True,False,
2025-10-15,KXHIGHNY-25OCT15,KXHIGHNY-25OCT15-B69.5,between,69,70,nws_climatological_report_daily,a2450cbacd54fa3c,no,68.00,0.0000,68,2025-10-16T06:16:00+00:00,CDUS41 KOKX 160616,first final report with data,no,no,True,True,False,
2025-10-15,KXHIGHNY-25OCT15,KXHIGHNY-25OCT15-T63,less,,63,nws_climatological_report_daily,9be5fe715551590c,no,68.00,0.0000,68,2025-10-16T06:16:00+00:00,CDUS41 KOKX 160616,first final report with data,no,no,True,True,False,
2025-10-15,KXHIGHNY-25OCT15,KXHIGHNY-25OCT15-T70,greater,70,,nws_climatological_report_daily,c425e69617c1b618,no,68.00,0.0000,68,2025-10-16T06:16:00+00:00,CDUS41 KOKX 160616,first final report with data,no,no,True,True,False,
2025-10-16,KXHIGHNY-25OCT16,KXHIGHNY-25OCT16-B56.5,between,56,57,nws_climatological_report_daily,075f40a7bac41688,no,61.00,0.0000,61,2025-10-17T06:16:00+00:00,CDUS41 KOKX 170616,first final report with data,no,no,True,True,False,
2025-10-16,KXHIGHNY-25OCT16,KXHIGHNY-25OCT16-B58.5,between,58,59,nws_climatological_report_daily,ff4f05039421ae75,no,61.00,0.0000,61,2025-10-17T06:16:00+00:00,CDUS41 KOKX 170616,first final report with data,no,no,True,True,False,
2025-10-16,KXHIGHNY-25OCT16,KXHIGHNY-25OCT16-B60.5,between,60,61,nws_climatological_report_daily,105a6d3680518461,yes,61.00,1.0000,61,2025-10-17T06:16:00+00:00,CDUS41 KOKX 170616,first final report with data,yes,yes,True,True,False,
2025-10-16,KXHIGHNY-25OCT16,KXHIGHNY-25OCT16-B62.5,between,62,63,nws_climatological_report_daily,5599e5f573130d55,no,61.00,0.0000,61,2025-10-17T06:16:00+00:00,CDUS41 KOKX 170616,first final report with data,no,no,True,True,False,
2025-10-16,KXHIGHNY-25OCT16,KXHIGHNY-25OCT16-T56,less,,56,nws_climatological_report_daily,c082f2546c534369,no,61.00,0.0000,61,2025-10-17T06:16:00+00:00,CDUS41 KOKX 170616,first final report with data,no,no,True,True,False,
2025-10-16,KXHIGHNY-25OCT16,KXHIGHNY-25OCT16-T63,greater,63,,nws_climatological_report_daily,bddbd94800ca430d,no,61.00,0.0000,61,2025-10-17T06:16:00+00:00,CDUS41 KOKX 170616,first final report with data,no,no,True,True,False,
2025-10-17,KXHIGHNY-25OCT17,KXHIGHNY-25OCT17-B59.5,between,59,60,nws_climatological_report_daily,20c27df99d4f0b48,no,63.00,0.0000,63,2025-10-18T06:19:00+00:00,CDUS41 KOKX 180619,first final report with data,no,no,True,True,False,
2025-10-17,KXHIGHNY-25OCT17,KXHIGHNY-25OCT17-B61.5,between,61,62,nws_climatological_report_daily,316739fa5b516605,no,63.00,0.0000,63,2025-10-18T06:19:00+00:00,CDUS41 KOKX 180619,first final report with data,no,no,True,True,False,
2025-10-17,KXHIGHNY-25OCT17,KXHIGHNY-25OCT17-B63.5,between,63,64,nws_climatological_report_daily,27b9e2e89cb848ce,yes,63.00,1.0000,63,2025-10-18T06:19:00+00:00,CDUS41 KOKX 180619,first final report with data,yes,yes,True,True,False,
2025-10-17,KXHIGHNY-25OCT17,KXHIGHNY-25OCT17-B65.5,between,65,66,nws_climatological_report_daily,ad932038f7b36731,no,63.00,0.0000,63,2025-10-18T06:19:00+00:00,CDUS41 KOKX 180619,first final report with data,no,no,True,True,False,
2025-10-17,KXHIGHNY-25OCT17,KXHIGHNY-25OCT17-T59,less,,59,nws_climatological_report_daily,7ca03931396235db,no,63.00,0.0000,63,2025-10-18T06:19:00+00:00,CDUS41 KOKX 180619,first final report with data,no,no,True,True,False,
2025-10-17,KXHIGHNY-25OCT17,KXHIGHNY-25OCT17-T66,greater,66,,nws_climatological_report_daily,046ba2aa4d4b701f,no,63.00,0.0000,63,2025-10-18T06:19:00+00:00,CDUS41 KOKX 180619,first final report with data,no,no,True,True,False,
2025-10-18,KXHIGHNY-25OCT18,KXHIGHNY-25OCT18-B62.5,between,62,63,nws_climatological_report_daily,9e8577fda6e4b078,no,65.00,0.0000,65,2025-10-19T06:22:00+00:00,CDUS41 KOKX 190622,first final report with data,no,no,True,True,False,
2025-10-18,KXHIGHNY-25OCT18,KXHIGHNY-25OCT18-B64.5,between,64,65,nws_climatological_report_daily,39364fcf6d1db0f8,yes,65.00,1.0000,65,2025-10-19T06:22:00+00:00,CDUS41 KOKX 190622,first final report with data,yes,yes,True,True,False,
2025-10-18,KXHIGHNY-25OCT18,KXHIGHNY-25OCT18-B66.5,between,66,67,nws_climatological_report_daily,299271740f2752a7,no,65.00,0.0000,65,2025-10-19T06:22:00+00:00,CDUS41 KOKX 190622,first final report with data,no,no,True,True,False,
2025-10-18,KXHIGHNY-25OCT18,KXHIGHNY-25OCT18-B68.5,between,68,69,nws_climatological_report_daily,f00683c19995311f,no,65.00,0.0000,65,2025-10-19T06:22:00+00:00,CDUS41 KOKX 190622,first final report with data,no,no,True,True,False,
2025-10-18,KXHIGHNY-25OCT18,KXHIGHNY-25OCT18-T62,less,,62,nws_climatological_report_daily,d207451f9b6e4a0c,no,65.00,0.0000,65,2025-10-19T06:22:00+00:00,CDUS41 KOKX 190622,first final report with data,no,no,True,True,False,
2025-10-18,KXHIGHNY-25OCT18,KXHIGHNY-25OCT18-T69,greater,69,,nws_climatological_report_daily,3f2c6b24a06a8070,no,65.00,0.0000,65,2025-10-19T06:22:00+00:00,CDUS41 KOKX 190622,first final report with data,no,no,True,True,False,
2025-10-19,KXHIGHNY-25OCT19,KXHIGHNY-25OCT19-B68.5,between,68,69,nws_climatological_report_daily,1d016ca2dd603be5,no,70.00,0.0000,70,2025-10-20T06:18:00+00:00,CDUS41 KOKX 200618,first final report with data,no,no,True,True,False,
2025-10-19,KXHIGHNY-25OCT19,KXHIGHNY-25OCT19-B70.5,between,70,71,nws_climatological_report_daily,02edbfdcc2ff3e1d,yes,70.00,1.0000,70,2025-10-20T06:18:00+00:00,CDUS41 KOKX 200618,first final report with data,yes,yes,True,True,False,
2025-10-19,KXHIGHNY-25OCT19,KXHIGHNY-25OCT19-B72.5,between,72,73,nws_climatological_report_daily,2b17a88b531463e9,no,70.00,0.0000,70,2025-10-20T06:18:00+00:00,CDUS41 KOKX 200618,first final report with data,no,no,True,True,False,
2025-10-19,KXHIGHNY-25OCT19,KXHIGHNY-25OCT19-B74.5,between,74,75,nws_climatological_report_daily,2e961f4cac79a7c1,no,70.00,0.0000,70,2025-10-20T06:18:00+00:00,CDUS41 KOKX 200618,first final report with data,no,no,True,True,False,
2025-10-19,KXHIGHNY-25OCT19,KXHIGHNY-25OCT19-T68,less,,68,nws_climatological_report_daily,a146a6614432aee3,no,70.00,0.0000,70,2025-10-20T06:18:00+00:00,CDUS41 KOKX 200618,first final report with data,no,no,True,True,False,
2025-10-19,KXHIGHNY-25OCT19,KXHIGHNY-25OCT19-T75,greater,75,,nws_climatological_report_daily,9263ec65d927ac36,no,70.00,0.0000,70,2025-10-20T06:18:00+00:00,CDUS41 KOKX 200618,first final report with data,no,no,True,True,False,
2025-10-20,KXHIGHNY-25OCT20,KXHIGHNY-25OCT20-B64.5,between,64,65,nws_climatological_report_daily,f3a2238226e03c8b,no,68.00,0.0000,68,2025-10-21T06:17:00+00:00,CDUS41 KOKX 210617,first final report with data,no,no,True,True,False,
2025-10-20,KXHIGHNY-25OCT20,KXHIGHNY-25OCT20-B66.5,between,66,67,nws_climatological_report_daily,479b2b30d3604cd0,no,68.00,0.0000,68,2025-10-21T06:17:00+00:00,CDUS41 KOKX 210617,first final report with data,no,no,True,True,False,
2025-10-20,KXHIGHNY-25OCT20,KXHIGHNY-25OCT20-B68.5,between,68,69,nws_climatological_report_daily,c1e6023f04c5df3f,yes,68.00,1.0000,68,2025-10-21T06:17:00+00:00,CDUS41 KOKX 210617,first final report with data,yes,yes,True,True,False,
2025-10-20,KXHIGHNY-25OCT20,KXHIGHNY-25OCT20-B70.5,between,70,71,nws_climatological_report_daily,b399fc600bd522ea,no,68.00,0.0000,68,2025-10-21T06:17:00+00:00,CDUS41 KOKX 210617,first final report with data,no,no,True,True,False,
2025-10-20,KXHIGHNY-25OCT20,KXHIGHNY-25OCT20-T64,less,,64,nws_climatological_report_daily,832e1d015fb7c9c2,no,68.00,0.0000,68,2025-10-21T06:17:00+00:00,CDUS41 KOKX 210617,first final report with data,no,no,True,True,False,
2025-10-20,KXHIGHNY-25OCT20,KXHIGHNY-25OCT20-T71,greater,71,,nws_climatological_report_daily,7f9f16f15967f7d4,no,68.00,0.0000,68,2025-10-21T06:17:00+00:00,CDUS41 KOKX 210617,first final report with data,no,no,True,True,False,
2025-10-21,KXHIGHNY-25OCT21,KXHIGHNY-25OCT21-B63.5,between,63,64,nws_climatological_report_daily,8df2c0963ea0fdd0,no,66.00,0.0000,66,2025-10-22T06:18:00+00:00,CDUS41 KOKX 220618,first final report with data,no,no,True,True,False,
2025-10-21,KXHIGHNY-25OCT21,KXHIGHNY-25OCT21-B65.5,between,65,66,nws_climatological_report_daily,1e9514dc5bd9c6cc,yes,66.00,1.0000,66,2025-10-22T06:18:00+00:00,CDUS41 KOKX 220618,first final report with data,yes,yes,True,True,False,
2025-10-21,KXHIGHNY-25OCT21,KXHIGHNY-25OCT21-B67.5,between,67,68,nws_climatological_report_daily,ab02a8e17fb75725,no,66.00,0.0000,66,2025-10-22T06:18:00+00:00,CDUS41 KOKX 220618,first final report with data,no,no,True,True,False,
2025-10-21,KXHIGHNY-25OCT21,KXHIGHNY-25OCT21-B69.5,between,69,70,nws_climatological_report_daily,3848ba9693b9a0f9,no,66.00,0.0000,66,2025-10-22T06:18:00+00:00,CDUS41 KOKX 220618,first final report with data,no,no,True,True,False,
2025-10-21,KXHIGHNY-25OCT21,KXHIGHNY-25OCT21-T63,less,,63,nws_climatological_report_daily,6d10461e45ce7f88,no,66.00,0.0000,66,2025-10-22T06:18:00+00:00,CDUS41 KOKX 220618,first final report with data,no,no,True,True,False,
2025-10-21,KXHIGHNY-25OCT21,KXHIGHNY-25OCT21-T70,greater,70,,nws_climatological_report_daily,cf9b8a030e05228e,no,66.00,0.0000,66,2025-10-22T06:18:00+00:00,CDUS41 KOKX 220618,first final report with data,no,no,True,True,False,
2025-10-22,KXHIGHNY-25OCT22,KXHIGHNY-25OCT22-B61.5,between,61,62,nws_climatological_report_daily,47c286a5d8981c83,yes,62.00,1.0000,62,2025-10-23T06:17:00+00:00,CDUS41 KOKX 230617,first final report with data,yes,yes,True,True,False,
2025-10-22,KXHIGHNY-25OCT22,KXHIGHNY-25OCT22-B63.5,between,63,64,nws_climatological_report_daily,4db1e22563e35580,no,62.00,0.0000,62,2025-10-23T06:17:00+00:00,CDUS41 KOKX 230617,first final report with data,no,no,True,True,False,
2025-10-22,KXHIGHNY-25OCT22,KXHIGHNY-25OCT22-B65.5,between,65,66,nws_climatological_report_daily,cb00ebccb769bc33,no,62.00,0.0000,62,2025-10-23T06:17:00+00:00,CDUS41 KOKX 230617,first final report with data,no,no,True,True,False,
2025-10-22,KXHIGHNY-25OCT22,KXHIGHNY-25OCT22-B67.5,between,67,68,nws_climatological_report_daily,9160c8cff79e0d04,no,62.00,0.0000,62,2025-10-23T06:17:00+00:00,CDUS41 KOKX 230617,first final report with data,no,no,True,True,False,
2025-10-22,KXHIGHNY-25OCT22,KXHIGHNY-25OCT22-T61,less,,61,nws_climatological_report_daily,e4f3a7bd8e371c1d,no,62.00,0.0000,62,2025-10-23T06:17:00+00:00,CDUS41 KOKX 230617,first final report with data,no,no,True,True,False,
2025-10-22,KXHIGHNY-25OCT22,KXHIGHNY-25OCT22-T68,greater,68,,nws_climatological_report_daily,f03abbf0f5b4da0c,no,62.00,0.0000,62,2025-10-23T06:17:00+00:00,CDUS41 KOKX 230617,first final report with data,no,no,True,True,False,
2025-10-23,KXHIGHNY-25OCT23,KXHIGHNY-25OCT23-B58.5,between,58,59,nws_climatological_report_daily,96870e1d77da9ee6,no,60.00,0.0000,60,2025-10-24T06:28:00+00:00,CDUS41 KOKX 240628,first final report with data,no,no,True,True,False,
2025-10-23,KXHIGHNY-25OCT23,KXHIGHNY-25OCT23-B60.5,between,60,61,nws_climatological_report_daily,3acac523a8c26fb5,yes,60.00,1.0000,60,2025-10-24T06:28:00+00:00,CDUS41 KOKX 240628,first final report with data,yes,yes,True,True,False,
2025-10-23,KXHIGHNY-25OCT23,KXHIGHNY-25OCT23-B62.5,between,62,63,nws_climatological_report_daily,25e7fce408a4c7c9,no,60.00,0.0000,60,2025-10-24T06:28:00+00:00,CDUS41 KOKX 240628,first final report with data,no,no,True,True,False,
2025-10-23,KXHIGHNY-25OCT23,KXHIGHNY-25OCT23-B64.5,between,64,65,nws_climatological_report_daily,e39e1a65169097d7,no,60.00,0.0000,60,2025-10-24T06:28:00+00:00,CDUS41 KOKX 240628,first final report with data,no,no,True,True,False,
2025-10-23,KXHIGHNY-25OCT23,KXHIGHNY-25OCT23-T58,less,,58,nws_climatological_report_daily,17bd75e5e10b2c5a,no,60.00,0.0000,60,2025-10-24T06:28:00+00:00,CDUS41 KOKX 240628,first final report with data,no,no,True,True,False,
2025-10-23,KXHIGHNY-25OCT23,KXHIGHNY-25OCT23-T65,greater,65,,nws_climatological_report_daily,f626a7045101e838,no,60.00,0.0000,60,2025-10-24T06:28:00+00:00,CDUS41 KOKX 240628,first final report with data,no,no,True,True,False,
2025-10-24,KXHIGHNY-25OCT24,KXHIGHNY-25OCT24-B57.5,between,57,58,nws_climatological_report_daily,16dea882d7dd5e90,no,59.00,0.0000,59,2025-10-25T06:28:00+00:00,CDUS41 KOKX 250628,first final report with data,no,no,True,True,False,
2025-10-24,KXHIGHNY-25OCT24,KXHIGHNY-25OCT24-B59.5,between,59,60,nws_climatological_report_daily,8ede187b026cd829,yes,59.00,1.0000,59,2025-10-25T06:28:00+00:00,CDUS41 KOKX 250628,first final report with data,yes,yes,True,True,False,
2025-10-24,KXHIGHNY-25OCT24,KXHIGHNY-25OCT24-B61.5,between,61,62,nws_climatological_report_daily,487be40ee84d154d,no,59.00,0.0000,59,2025-10-25T06:28:00+00:00,CDUS41 KOKX 250628,first final report with data,no,no,True,True,False,
2025-10-24,KXHIGHNY-25OCT24,KXHIGHNY-25OCT24-B63.5,between,63,64,nws_climatological_report_daily,cd8e733d9b319e6f,no,59.00,0.0000,59,2025-10-25T06:28:00+00:00,CDUS41 KOKX 250628,first final report with data,no,no,True,True,False,
2025-10-24,KXHIGHNY-25OCT24,KXHIGHNY-25OCT24-T57,less,,57,nws_climatological_report_daily,96c9c0df2bf15c4f,no,59.00,0.0000,59,2025-10-25T06:28:00+00:00,CDUS41 KOKX 250628,first final report with data,no,no,True,True,False,
2025-10-24,KXHIGHNY-25OCT24,KXHIGHNY-25OCT24-T64,greater,64,,nws_climatological_report_daily,f1fcd6832b2e03a4,no,59.00,0.0000,59,2025-10-25T06:28:00+00:00,CDUS41 KOKX 250628,first final report with data,no,no,True,True,False,
2025-10-25,KXHIGHNY-25OCT25,KXHIGHNY-25OCT25-B55.5,between,55,56,nws_climatological_report_daily,804f1c76341d075b,no,58.00,0.0000,58,2025-10-26T06:39:00+00:00,CDUS41 KOKX 260639,first final report with data,no,no,True,True,False,
2025-10-25,KXHIGHNY-25OCT25,KXHIGHNY-25OCT25-B57.5,between,57,58,nws_climatological_report_daily,3a7ccad4969201d6,yes,58.00,1.0000,58,2025-10-26T06:39:00+00:00,CDUS41 KOKX 260639,first final report with data,yes,yes,True,True,False,
2025-10-25,KXHIGHNY-25OCT25,KXHIGHNY-25OCT25-B59.5,between,59,60,nws_climatological_report_daily,d9503f7d086528ae,no,58.00,0.0000,58,2025-10-26T06:39:00+00:00,CDUS41 KOKX 260639,first final report with data,no,no,True,True,False,
2025-10-25,KXHIGHNY-25OCT25,KXHIGHNY-25OCT25-B61.5,between,61,62,nws_climatological_report_daily,3aed5a07818ef749,no,58.00,0.0000,58,2025-10-26T06:39:00+00:00,CDUS41 KOKX 260639,first final report with data,no,no,True,True,False,
2025-10-25,KXHIGHNY-25OCT25,KXHIGHNY-25OCT25-T55,less,,55,nws_climatological_report_daily,99951ffa47061b52,no,58.00,0.0000,58,2025-10-26T06:39:00+00:00,CDUS41 KOKX 260639,first final report with data,no,no,True,True,False,
2025-10-25,KXHIGHNY-25OCT25,KXHIGHNY-25OCT25-T62,greater,62,,nws_climatological_report_daily,339645a5209706d4,no,58.00,0.0000,58,2025-10-26T06:39:00+00:00,CDUS41 KOKX 260639,first final report with data,no,no,True,True,False,
2025-10-26,KXHIGHNY-25OCT26,KXHIGHNY-25OCT26-B54.5,between,54,55,nws_climatological_report_daily,b4c1c2271a612bc8,no,59.00,0.0000,59,2025-10-27T06:46:00+00:00,CDUS41 KOKX 270646,first final report with data,no,no,True,True,False,
2025-10-26,KXHIGHNY-25OCT26,KXHIGHNY-25OCT26-B56.5,between,56,57,nws_climatological_report_daily,e13c48a6537c4a6a,no,59.00,0.0000,59,2025-10-27T06:46:00+00:00,CDUS41 KOKX 270646,first final report with data,no,no,True,True,False,
2025-10-26,KXHIGHNY-25OCT26,KXHIGHNY-25OCT26-B58.5,between,58,59,nws_climatological_report_daily,a187749f8757880a,yes,59.00,1.0000,59,2025-10-27T06:46:00+00:00,CDUS41 KOKX 270646,first final report with data,yes,yes,True,True,False,
2025-10-26,KXHIGHNY-25OCT26,KXHIGHNY-25OCT26-B60.5,between,60,61,nws_climatological_report_daily,92276c17ac2676bb,no,59.00,0.0000,59,2025-10-27T06:46:00+00:00,CDUS41 KOKX 270646,first final report with data,no,no,True,True,False,
2025-10-26,KXHIGHNY-25OCT26,KXHIGHNY-25OCT26-T54,less,,54,nws_climatological_report_daily,c75228be6b057487,no,59.00,0.0000,59,2025-10-27T06:46:00+00:00,CDUS41 KOKX 270646,first final report with data,no,no,True,True,False,
2025-10-26,KXHIGHNY-25OCT26,KXHIGHNY-25OCT26-T61,greater,61,,nws_climatological_report_daily,0b70d8105d96b7f5,no,59.00,0.0000,59,2025-10-27T06:46:00+00:00,CDUS41 KOKX 270646,first final report with data,no,no,True,True,False,
2025-10-27,KXHIGHNY-25OCT27,KXHIGHNY-25OCT27-B52.5,between,52,53,nws_climatological_report_daily,d834ccb65adb740f,no,55.00,0.0000,55,2025-10-28T06:17:00+00:00,CDUS41 KOKX 280617,first final report with data,no,no,True,True,False,
2025-10-27,KXHIGHNY-25OCT27,KXHIGHNY-25OCT27-B54.5,between,54,55,nws_climatological_report_daily,3a75704106976c9d,yes,55.00,1.0000,55,2025-10-28T06:17:00+00:00,CDUS41 KOKX 280617,first final report with data,yes,yes,True,True,False,
2025-10-27,KXHIGHNY-25OCT27,KXHIGHNY-25OCT27-B56.5,between,56,57,nws_climatological_report_daily,5a2c42d39d5e711a,no,55.00,0.0000,55,2025-10-28T06:17:00+00:00,CDUS41 KOKX 280617,first final report with data,no,no,True,True,False,
2025-10-27,KXHIGHNY-25OCT27,KXHIGHNY-25OCT27-B58.5,between,58,59,nws_climatological_report_daily,fa4c5c7b1087a1f9,no,55.00,0.0000,55,2025-10-28T06:17:00+00:00,CDUS41 KOKX 280617,first final report with data,no,no,True,True,False,
2025-10-27,KXHIGHNY-25OCT27,KXHIGHNY-25OCT27-T52,less,,52,nws_climatological_report_daily,f2e3d9bd4917f78e,no,55.00,0.0000,55,2025-10-28T06:17:00+00:00,CDUS41 KOKX 280617,first final report with data,no,no,True,True,False,
2025-10-27,KXHIGHNY-25OCT27,KXHIGHNY-25OCT27-T59,greater,59,,nws_climatological_report_daily,c7eb312e54dc1183,no,55.00,0.0000,55,2025-10-28T06:17:00+00:00,CDUS41 KOKX 280617,first final report with data,no,no,True,True,False,
2025-10-28,KXHIGHNY-25OCT28,KXHIGHNY-25OCT28-B54.5,between,54,55,nws_climatological_report_daily,baffa4ee68a96754,yes,54.00,1.0000,54,2025-10-29T06:18:00+00:00,CDUS41 KOKX 290618,first final report with data,yes,yes,True,True,False,
2025-10-28,KXHIGHNY-25OCT28,KXHIGHNY-25OCT28-B56.5,between,56,57,nws_climatological_report_daily,7e4f5479030ed549,no,54.00,0.0000,54,2025-10-29T06:18:00+00:00,CDUS41 KOKX 290618,first final report with data,no,no,True,True,False,
2025-10-28,KXHIGHNY-25OCT28,KXHIGHNY-25OCT28-B58.5,between,58,59,nws_climatological_report_daily,62d224d24247ff49,no,54.00,0.0000,54,2025-10-29T06:18:00+00:00,CDUS41 KOKX 290618,first final report with data,no,no,True,True,False,
2025-10-28,KXHIGHNY-25OCT28,KXHIGHNY-25OCT28-B60.5,between,60,61,nws_climatological_report_daily,b12ac32c49f070d4,no,54.00,0.0000,54,2025-10-29T06:18:00+00:00,CDUS41 KOKX 290618,first final report with data,no,no,True,True,False,
2025-10-28,KXHIGHNY-25OCT28,KXHIGHNY-25OCT28-T54,less,,54,nws_climatological_report_daily,6f97eb747a6697d9,no,54.00,0.0000,54,2025-10-29T06:18:00+00:00,CDUS41 KOKX 290618,first final report with data,no,no,True,True,False,
2025-10-28,KXHIGHNY-25OCT28,KXHIGHNY-25OCT28-T61,greater,61,,nws_climatological_report_daily,3c87460b1685e02a,no,54.00,0.0000,54,2025-10-29T06:18:00+00:00,CDUS41 KOKX 290618,first final report with data,no,no,True,True,False,
2025-10-29,KXHIGHNY-25OCT29,KXHIGHNY-25OCT29-B52.5,between,52,53,nws_climatological_report_daily,22b0b861a9cf0afb,no,56.00,0.0000,56,2025-10-30T06:20:00+00:00,CDUS41 KOKX 300620,first final report with data,no,no,True,True,False,
2025-10-29,KXHIGHNY-25OCT29,KXHIGHNY-25OCT29-B54.5,between,54,55,nws_climatological_report_daily,11888f249bc71d08,no,56.00,0.0000,56,2025-10-30T06:20:00+00:00,CDUS41 KOKX 300620,first final report with data,no,no,True,True,False,
2025-10-29,KXHIGHNY-25OCT29,KXHIGHNY-25OCT29-B56.5,between,56,57,nws_climatological_report_daily,6b1d89ad438ba142,yes,56.00,1.0000,56,2025-10-30T06:20:00+00:00,CDUS41 KOKX 300620,first final report with data,yes,yes,True,True,False,
2025-10-29,KXHIGHNY-25OCT29,KXHIGHNY-25OCT29-B58.5,between,58,59,nws_climatological_report_daily,ae2c8a83ee34d9a6,no,56.00,0.0000,56,2025-10-30T06:20:00+00:00,CDUS41 KOKX 300620,first final report with data,no,no,True,True,False,
2025-10-29,KXHIGHNY-25OCT29,KXHIGHNY-25OCT29-T52,less,,52,nws_climatological_report_daily,f939d700c45ec440,no,56.00,0.0000,56,2025-10-30T06:20:00+00:00,CDUS41 KOKX 300620,first final report with data,no,no,True,True,False,
2025-10-29,KXHIGHNY-25OCT29,KXHIGHNY-25OCT29-T59,greater,59,,nws_climatological_report_daily,d445a51af0e2ad9a,no,56.00,0.0000,56,2025-10-30T06:20:00+00:00,CDUS41 KOKX 300620,first final report with data,no,no,True,True,False,
2025-10-30,KXHIGHNY-25OCT30,KXHIGHNY-25OCT30-B58.5,between,58,59,nws_climatological_report_daily,ab9440135181c5dc,no,63.00,0.0000,63,2025-10-31T06:20:00+00:00,CDUS41 KOKX 310620,first final report with data,no,no,True,True,False,
2025-10-30,KXHIGHNY-25OCT30,KXHIGHNY-25OCT30-B60.5,between,60,61,nws_climatological_report_daily,64bd0489bd0d49c8,no,63.00,0.0000,63,2025-10-31T06:20:00+00:00,CDUS41 KOKX 310620,first final report with data,no,no,True,True,False,
2025-10-30,KXHIGHNY-25OCT30,KXHIGHNY-25OCT30-B62.5,between,62,63,nws_climatological_report_daily,59e86918e4b36ef5,yes,63.00,1.0000,63,2025-10-31T06:20:00+00:00,CDUS41 KOKX 310620,first final report with data,yes,yes,True,True,False,
2025-10-30,KXHIGHNY-25OCT30,KXHIGHNY-25OCT30-B64.5,between,64,65,nws_climatological_report_daily,eec1f00096872390,no,63.00,0.0000,63,2025-10-31T06:20:00+00:00,CDUS41 KOKX 310620,first final report with data,no,no,True,True,False,
2025-10-30,KXHIGHNY-25OCT30,KXHIGHNY-25OCT30-T58,less,,58,nws_climatological_report_daily,c644b5c33c5a8a78,no,63.00,0.0000,63,2025-10-31T06:20:00+00:00,CDUS41 KOKX 310620,first final report with data,no,no,True,True,False,
2025-10-30,KXHIGHNY-25OCT30,KXHIGHNY-25OCT30-T65,greater,65,,nws_climatological_report_daily,25d438effe52df69,no,63.00,0.0000,63,2025-10-31T06:20:00+00:00,CDUS41 KOKX 310620,first final report with data,no,no,True,True,False,
2025-10-31,KXHIGHNY-25OCT31,KXHIGHNY-25OCT31-B58.5,between,58,59,nws_climatological_report_daily,2bdecf653ca19315,yes,,1.0000,58,2025-11-01T06:24:00+00:00,CDUS41 KOKX 010624,first final report with data,unknown,yes,False,True,False,
2025-10-31,KXHIGHNY-25OCT31,KXHIGHNY-25OCT31-B60.5,between,60,61,nws_climatological_report_daily,7806716498574e29,no,,0.0000,58,2025-11-01T06:24:00+00:00,CDUS41 KOKX 010624,first final report with data,unknown,no,False,True,False,
2025-10-31,KXHIGHNY-25OCT31,KXHIGHNY-25OCT31-B62.5,between,62,63,nws_climatological_report_daily,9afbadf1ad6a61d4,no,,0.0000,58,2025-11-01T06:24:00+00:00,CDUS41 KOKX 010624,first final report with data,unknown,no,False,True,False,
2025-10-31,KXHIGHNY-25OCT31,KXHIGHNY-25OCT31-B64.5,between,64,65,nws_climatological_report_daily,11241e5ef6294a49,no,,0.0000,58,2025-11-01T06:24:00+00:00,CDUS41 KOKX 010624,first final report with data,unknown,no,False,True,False,
2025-10-31,KXHIGHNY-25OCT31,KXHIGHNY-25OCT31-T58,less,,58,nws_climatological_report_daily,61a3ba005f268ef0,no,,0.0000,58,2025-11-01T06:24:00+00:00,CDUS41 KOKX 010624,first final report with data,unknown,no,False,True,False,
2025-10-31,KXHIGHNY-25OCT31,KXHIGHNY-25OCT31-T65,greater,65,,nws_climatological_report_daily,37aa33ecaec59ea5,no,,0.0000,58,2025-11-01T06:24:00+00:00,CDUS41 KOKX 010624,first final report with data,unknown,no,False,True,False,
2025-11-01,KXHIGHNY-25NOV01,KXHIGHNY-25NOV01-B53.5,between,53,54,nws_climatological_report_daily,386a7dd067922cea,no,,0.0000,58,2025-11-02T06:25:00+00:00,CDUS41 KOKX 020625,first final report with data,unknown,no,False,True,False,
2025-11-01,KXHIGHNY-25NOV01,KXHIGHNY-25NOV01-B55.5,between,55,56,nws_climatological_report_daily,d7b56fba604abe26,no,,0.0000,58,2025-11-02T06:25:00+00:00,CDUS41 KOKX 020625,first final report with data,unknown,no,False,True,False,
2025-11-01,KXHIGHNY-25NOV01,KXHIGHNY-25NOV01-B57.5,between,57,58,nws_climatological_report_daily,c1c87e6dad99de61,yes,,1.0000,58,2025-11-02T06:25:00+00:00,CDUS41 KOKX 020625,first final report with data,unknown,yes,False,True,False,
2025-11-01,KXHIGHNY-25NOV01,KXHIGHNY-25NOV01-B59.5,between,59,60,nws_climatological_report_daily,b2a63d3ba46ed0aa,no,,0.0000,58,2025-11-02T06:25:00+00:00,CDUS41 KOKX 020625,first final report with data,unknown,no,False,True,False,
2025-11-01,KXHIGHNY-25NOV01,KXHIGHNY-25NOV01-T53,less,,53,nws_climatological_report_daily,16a19a8727c120c0,no,,0.0000,58,2025-11-02T06:25:00+00:00,CDUS41 KOKX 020625,first final report with data,unknown,no,False,True,False,
2025-11-01,KXHIGHNY-25NOV01,KXHIGHNY-25NOV01-T60,greater,60,,nws_climatological_report_daily,3cdc14e4903b0ae0,no,,0.0000,58,2025-11-02T06:25:00+00:00,CDUS41 KOKX 020625,first final report with data,unknown,no,False,True,False,
2025-11-02,KXHIGHNY-25NOV02,KXHIGHNY-25NOV02-B55.5,between,55,56,nws_climatological_report_daily,16037ac65138dac0,no,,0.0000,59,2025-11-03T06:30:00+00:00,CDUS41 KOKX 030630,first final report with data,unknown,no,False,True,False,
2025-11-02,KXHIGHNY-25NOV02,KXHIGHNY-25NOV02-B57.5,between,57,58,nws_climatological_report_daily,50786340419182a9,no,,0.0000,59,2025-11-03T06:30:00+00:00,CDUS41 KOKX 030630,first final report with data,unknown,no,False,True,False,
2025-11-02,KXHIGHNY-25NOV02,KXHIGHNY-25NOV02-B59.5,between,59,60,nws_climatological_report_daily,bee750c7424ce998,yes,,1.0000,59,2025-11-03T06:30:00+00:00,CDUS41 KOKX 030630,first final report with data,unknown,yes,False,True,False,
2025-11-02,KXHIGHNY-25NOV02,KXHIGHNY-25NOV02-B61.5,between,61,62,nws_climatological_report_daily,e27dcee14ff8ade7,no,,0.0000,59,2025-11-03T06:30:00+00:00,CDUS41 KOKX 030630,first final report with data,unknown,no,False,True,False,
2025-11-02,KXHIGHNY-25NOV02,KXHIGHNY-25NOV02-T55,less,,55,nws_climatological_report_daily,89676a3dc02bcfac,no,,0.0000,59,2025-11-03T06:30:00+00:00,CDUS41 KOKX 030630,first final report with data,unknown,no,False,True,False,
2025-11-02,KXHIGHNY-25NOV02,KXHIGHNY-25NOV02-T62,greater,62,,nws_climatological_report_daily,d081627abf0aa76d,no,,0.0000,59,2025-11-03T06:30:00+00:00,CDUS41 KOKX 030630,first final report with data,unknown,no,False,True,False,
2025-11-03,KXHIGHNY-25NOV03,KXHIGHNY-25NOV03-B57.5,between,57,58,nws_climatological_report_daily,27d026862e06cc33,no,,0.0000,59,2025-11-04T06:18:00+00:00,CDUS41 KOKX 040618,first final report with data,unknown,no,False,True,False,
2025-11-03,KXHIGHNY-25NOV03,KXHIGHNY-25NOV03-B59.5,between,59,60,nws_climatological_report_daily,cc83f4e2d965239b,yes,,1.0000,59,2025-11-04T06:18:00+00:00,CDUS41 KOKX 040618,first final report with data,unknown,yes,False,True,False,
2025-11-03,KXHIGHNY-25NOV03,KXHIGHNY-25NOV03-B61.5,between,61,62,nws_climatological_report_daily,10e122c01771e49a,no,,0.0000,59,2025-11-04T06:18:00+00:00,CDUS41 KOKX 040618,first final report with data,unknown,no,False,True,False,
2025-11-03,KXHIGHNY-25NOV03,KXHIGHNY-25NOV03-B63.5,between,63,64,nws_climatological_report_daily,c799e45373f01ab4,no,,0.0000,59,2025-11-04T06:18:00+00:00,CDUS41 KOKX 040618,first final report with data,unknown,no,False,True,False,
2025-11-03,KXHIGHNY-25NOV03,KXHIGHNY-25NOV03-T57,less,,57,nws_climatological_report_daily,e4befa859fc1966f,no,,0.0000,59,2025-11-04T06:18:00+00:00,CDUS41 KOKX 040618,first final report with data,unknown,no,False,True,False,
2025-11-03,KXHIGHNY-25NOV03,KXHIGHNY-25NOV03-T64,greater,64,,nws_climatological_report_daily,e5f922e617a3efe7,no,,0.0000,59,2025-11-04T06:18:00+00:00,CDUS41 KOKX 040618,first final report with data,unknown,no,False,True,False,
2025-11-04,KXHIGHNY-25NOV04,KXHIGHNY-25NOV04-B58.5,between,58,59,nws_climatological_report_daily,b38269d8fd895074,yes,,1.0000,59,2025-11-05T06:16:00+00:00,CDUS41 KOKX 050616,first final report with data,unknown,yes,False,True,False,
2025-11-04,KXHIGHNY-25NOV04,KXHIGHNY-25NOV04-B60.5,between,60,61,nws_climatological_report_daily,83249b9aa1608df0,no,,0.0000,59,2025-11-05T06:16:00+00:00,CDUS41 KOKX 050616,first final report with data,unknown,no,False,True,False,
2025-11-04,KXHIGHNY-25NOV04,KXHIGHNY-25NOV04-B62.5,between,62,63,nws_climatological_report_daily,88b12f7d5b2a2ff3,no,,0.0000,59,2025-11-05T06:16:00+00:00,CDUS41 KOKX 050616,first final report with data,unknown,no,False,True,False,
2025-11-04,KXHIGHNY-25NOV04,KXHIGHNY-25NOV04-B64.5,between,64,65,nws_climatological_report_daily,b34215a35ec02f75,no,,0.0000,59,2025-11-05T06:16:00+00:00,CDUS41 KOKX 050616,first final report with data,unknown,no,False,True,False,
2025-11-04,KXHIGHNY-25NOV04,KXHIGHNY-25NOV04-T58,less,,58,nws_climatological_report_daily,81de90c58ba146b5,no,,0.0000,59,2025-11-05T06:16:00+00:00,CDUS41 KOKX 050616,first final report with data,unknown,no,False,True,False,
2025-11-04,KXHIGHNY-25NOV04,KXHIGHNY-25NOV04-T65,greater,65,,nws_climatological_report_daily,55b05cb158c3d26a,no,,0.0000,59,2025-11-05T06:16:00+00:00,CDUS41 KOKX 050616,first final report with data,unknown,no,False,True,False,
2025-11-05,KXHIGHNY-25NOV05,KXHIGHNY-25NOV05-B60.5,between,60,61,nws_climatological_report_daily,67149944e3770e36,no,,0.0000,66,2025-11-06T07:17:00+00:00,CDUS41 KOKX 060717,first final report with data,unknown,no,False,True,False,
2025-11-05,KXHIGHNY-25NOV05,KXHIGHNY-25NOV05-B62.5,between,62,63,nws_climatological_report_daily,241dce714cdc4ba4,no,,0.0000,66,2025-11-06T07:17:00+00:00,CDUS41 KOKX 060717,first final report with data,unknown,no,False,True,False,
2025-11-05,KXHIGHNY-25NOV05,KXHIGHNY-25NOV05-B64.5,between,64,65,nws_climatological_report_daily,de5d784a314b420f,no,,0.0000,66,2025-11-06T07:17:00+00:00,CDUS41 KOKX 060717,first final report with data,unknown,no,False,True,False,
2025-11-05,KXHIGHNY-25NOV05,KXHIGHNY-25NOV05-B66.5,between,66,67,nws_climatological_report_daily,268cd3393d758312,yes,,1.0000,66,2025-11-06T07:17:00+00:00,CDUS41 KOKX 060717,first final report with data,unknown,yes,False,True,False,
2025-11-05,KXHIGHNY-25NOV05,KXHIGHNY-25NOV05-T60,less,,60,nws_climatological_report_daily,834ece3bd273a85e,no,,0.0000,66,2025-11-06T07:17:00+00:00,CDUS41 KOKX 060717,first final report with data,unknown,no,False,True,False,
2025-11-05,KXHIGHNY-25NOV05,KXHIGHNY-25NOV05-T67,greater,67,,nws_climatological_report_daily,4aace82d3b80d3aa,no,,0.0000,66,2025-11-06T07:17:00+00:00,CDUS41 KOKX 060717,first final report with data,unknown,no,False,True,False,
2025-11-06,KXHIGHNY-25NOV06,KXHIGHNY-25NOV06-B53.5,between,53,54,nws_climatological_report_daily,cce906421a510666,no,57.00,0.0000,57,2025-11-07T06:28:00+00:00,CDUS41 KOKX 070628,first final report with data,no,no,True,True,False,
2025-11-06,KXHIGHNY-25NOV06,KXHIGHNY-25NOV06-B55.5,between,55,56,nws_climatological_report_daily,25ddbc80127bdc6f,no,57.00,0.0000,57,2025-11-07T06:28:00+00:00,CDUS41 KOKX 070628,first final report with data,no,no,True,True,False,
2025-11-06,KXHIGHNY-25NOV06,KXHIGHNY-25NOV06-B57.5,between,57,58,nws_climatological_report_daily,85f45e87476909b4,yes,57.00,1.0000,57,2025-11-07T06:28:00+00:00,CDUS41 KOKX 070628,first final report with data,yes,yes,True,True,False,
2025-11-06,KXHIGHNY-25NOV06,KXHIGHNY-25NOV06-B59.5,between,59,60,nws_climatological_report_daily,26073a99875597f5,no,57.00,0.0000,57,2025-11-07T06:28:00+00:00,CDUS41 KOKX 070628,first final report with data,no,no,True,True,False,
2025-11-06,KXHIGHNY-25NOV06,KXHIGHNY-25NOV06-T53,less,,53,nws_climatological_report_daily,3ed9010b6a9561ef,no,57.00,0.0000,57,2025-11-07T06:28:00+00:00,CDUS41 KOKX 070628,first final report with data,no,no,True,True,False,
2025-11-06,KXHIGHNY-25NOV06,KXHIGHNY-25NOV06-T60,greater,60,,nws_climatological_report_daily,c8e443be10394d8d,no,57.00,0.0000,57,2025-11-07T06:28:00+00:00,CDUS41 KOKX 070628,first final report with data,no,no,True,True,False,
2025-11-07,KXHIGHNY-25NOV07,KXHIGHNY-25NOV07-B55.5,between,55,56,nws_climatological_report_daily,abfd1712d486b3c9,no,,0.0000,61,2025-11-08T06:24:00+00:00,CDUS41 KOKX 080624,first final report with data,unknown,no,False,True,False,
2025-11-07,KXHIGHNY-25NOV07,KXHIGHNY-25NOV07-B57.5,between,57,58,nws_climatological_report_daily,301accfa8ac69234,no,,0.0000,61,2025-11-08T06:24:00+00:00,CDUS41 KOKX 080624,first final report with data,unknown,no,False,True,False,
2025-11-07,KXHIGHNY-25NOV07,KXHIGHNY-25NOV07-B59.5,between,59,60,nws_climatological_report_daily,8f1175dec43005d5,no,,0.0000,61,2025-11-08T06:24:00+00:00,CDUS41 KOKX 080624,first final report with data,unknown,no,False,True,False,
2025-11-07,KXHIGHNY-25NOV07,KXHIGHNY-25NOV07-B61.5,between,61,62,nws_climatological_report_daily,5618a3949d4c14ed,yes,,1.0000,61,2025-11-08T06:24:00+00:00,CDUS41 KOKX 080624,first final report with data,unknown,yes,False,True,False,
2025-11-07,KXHIGHNY-25NOV07,KXHIGHNY-25NOV07-T55,less,,55,nws_climatological_report_daily,f5e1b3c08479af2f,no,,0.0000,61,2025-11-08T06:24:00+00:00,CDUS41 KOKX 080624,first final report with data,unknown,no,False,True,False,
2025-11-07,KXHIGHNY-25NOV07,KXHIGHNY-25NOV07-T62,greater,62,,nws_climatological_report_daily,502813701c20d96f,no,,0.0000,61,2025-11-08T06:24:00+00:00,CDUS41 KOKX 080624,first final report with data,unknown,no,False,True,False,
2025-11-08,KXHIGHNY-25NOV08,KXHIGHNY-25NOV08-B62.5,between,62,63,nws_climatological_report_daily,8a40dc34e48832cf,no,,0.0000,65,2025-11-09T06:27:00+00:00,CDUS41 KOKX 090627,first final report with data,unknown,no,False,True,False,
2025-11-08,KXHIGHNY-25NOV08,KXHIGHNY-25NOV08-B64.5,between,64,65,nws_climatological_report_daily,2bbebb6c6d02c3a1,yes,,1.0000,65,2025-11-09T06:27:00+00:00,CDUS41 KOKX 090627,first final report with data,unknown,yes,False,True,False,
2025-11-08,KXHIGHNY-25NOV08,KXHIGHNY-25NOV08-B66.5,between,66,67,nws_climatological_report_daily,ccecbae04dc64b81,no,,0.0000,65,2025-11-09T06:27:00+00:00,CDUS41 KOKX 090627,first final report with data,unknown,no,False,True,False,
2025-11-08,KXHIGHNY-25NOV08,KXHIGHNY-25NOV08-B68.5,between,68,69,nws_climatological_report_daily,c75a5420bd1d1cf0,no,,0.0000,65,2025-11-09T06:27:00+00:00,CDUS41 KOKX 090627,first final report with data,unknown,no,False,True,False,
2025-11-08,KXHIGHNY-25NOV08,KXHIGHNY-25NOV08-T62,less,,62,nws_climatological_report_daily,1234d4d3a814715f,no,,0.0000,65,2025-11-09T06:27:00+00:00,CDUS41 KOKX 090627,first final report with data,unknown,no,False,True,False,
2025-11-08,KXHIGHNY-25NOV08,KXHIGHNY-25NOV08-T69,greater,69,,nws_climatological_report_daily,dff2f82620098fae,no,,0.0000,65,2025-11-09T06:27:00+00:00,CDUS41 KOKX 090627,first final report with data,unknown,no,False,True,False,
2025-11-09,KXHIGHNY-25NOV09,KXHIGHNY-25NOV09-B59.5,between,59,60,nws_climatological_report_daily,9cbd3db0c685e5f0,no,,0.0000,63,2025-11-10T06:16:00+00:00,CDUS41 KOKX 100616,first final report with data,unknown,no,False,True,False,
2025-11-09,KXHIGHNY-25NOV09,KXHIGHNY-25NOV09-B61.5,between,61,62,nws_climatological_report_daily,dd277935caedd413,no,,0.0000,63,2025-11-10T06:16:00+00:00,CDUS41 KOKX 100616,first final report with data,unknown,no,False,True,False,
2025-11-09,KXHIGHNY-25NOV09,KXHIGHNY-25NOV09-B63.5,between,63,64,nws_climatological_report_daily,653749a15f8b5d25,yes,,1.0000,63,2025-11-10T06:16:00+00:00,CDUS41 KOKX 100616,first final report with data,unknown,yes,False,True,False,
2025-11-09,KXHIGHNY-25NOV09,KXHIGHNY-25NOV09-B65.5,between,65,66,nws_climatological_report_daily,562c255fb99cbb07,no,,0.0000,63,2025-11-10T06:16:00+00:00,CDUS41 KOKX 100616,first final report with data,unknown,no,False,True,False,
2025-11-09,KXHIGHNY-25NOV09,KXHIGHNY-25NOV09-T59,less,,59,nws_climatological_report_daily,ca7737c5c93e885d,no,,0.0000,63,2025-11-10T06:16:00+00:00,CDUS41 KOKX 100616,first final report with data,unknown,no,False,True,False,
2025-11-09,KXHIGHNY-25NOV09,KXHIGHNY-25NOV09-T66,greater,66,,nws_climatological_report_daily,27bbd9251823fd77,no,,0.0000,63,2025-11-10T06:16:00+00:00,CDUS41 KOKX 100616,first final report with data,unknown,no,False,True,False,
2025-11-10,KXHIGHNY-25NOV10,KXHIGHNY-25NOV10-B55.5,between,55,56,nws_climatological_report_daily,06b19319c826d653,no,,0.0000,59,2025-11-11T06:22:00+00:00,CDUS41 KOKX 110622,first final report with data,unknown,no,False,True,False,
2025-11-10,KXHIGHNY-25NOV10,KXHIGHNY-25NOV10-B57.5,between,57,58,nws_climatological_report_daily,375d13dec287e2d8,no,,0.0000,59,2025-11-11T06:22:00+00:00,CDUS41 KOKX 110622,first final report with data,unknown,no,False,True,False,
2025-11-10,KXHIGHNY-25NOV10,KXHIGHNY-25NOV10-B59.5,between,59,60,nws_climatological_report_daily,c7879a4684bd93cd,yes,,1.0000,59,2025-11-11T06:22:00+00:00,CDUS41 KOKX 110622,first final report with data,unknown,yes,False,True,False,
2025-11-10,KXHIGHNY-25NOV10,KXHIGHNY-25NOV10-B61.5,between,61,62,nws_climatological_report_daily,38a9f2f4011a169c,no,,0.0000,59,2025-11-11T06:22:00+00:00,CDUS41 KOKX 110622,first final report with data,unknown,no,False,True,False,
2025-11-10,KXHIGHNY-25NOV10,KXHIGHNY-25NOV10-T55,less,,55,nws_climatological_report_daily,442bc49c4dd16390,no,,0.0000,59,2025-11-11T06:22:00+00:00,CDUS41 KOKX 110622,first final report with data,unknown,no,False,True,False,
2025-11-10,KXHIGHNY-25NOV10,KXHIGHNY-25NOV10-T62,greater,62,,nws_climatological_report_daily,d3f3829cbe95af9a,no,,0.0000,59,2025-11-11T06:22:00+00:00,CDUS41 KOKX 110622,first final report with data,unknown,no,False,True,False,
2025-11-11,KXHIGHNY-25NOV11,KXHIGHNY-25NOV11-B41.5,between,41,42,nws_climatological_report_daily,c3db746baa31907c,yes,,1.0000,41,2025-11-12T06:21:00+00:00,CDUS41 KOKX 120621,first final report with data,unknown,yes,False,True,False,
2025-11-11,KXHIGHNY-25NOV11,KXHIGHNY-25NOV11-B43.5,between,43,44,nws_climatological_report_daily,5947ed07db999dd7,no,,0.0000,41,2025-11-12T06:21:00+00:00,CDUS41 KOKX 120621,first final report with data,unknown,no,False,True,False,
2025-11-11,KXHIGHNY-25NOV11,KXHIGHNY-25NOV11-B45.5,between,45,46,nws_climatological_report_daily,f3ca2786a9846752,no,,0.0000,41,2025-11-12T06:21:00+00:00,CDUS41 KOKX 120621,first final report with data,unknown,no,False,True,False,
2025-11-11,KXHIGHNY-25NOV11,KXHIGHNY-25NOV11-B47.5,between,47,48,nws_climatological_report_daily,77aaa22d64ba10f9,no,,0.0000,41,2025-11-12T06:21:00+00:00,CDUS41 KOKX 120621,first final report with data,unknown,no,False,True,False,
2025-11-11,KXHIGHNY-25NOV11,KXHIGHNY-25NOV11-T41,less,,41,nws_climatological_report_daily,b5a1002580c90a76,no,,0.0000,41,2025-11-12T06:21:00+00:00,CDUS41 KOKX 120621,first final report with data,unknown,no,False,True,False,
2025-11-11,KXHIGHNY-25NOV11,KXHIGHNY-25NOV11-T48,greater,48,,nws_climatological_report_daily,972239a6dba10d5f,no,,0.0000,41,2025-11-12T06:21:00+00:00,CDUS41 KOKX 120621,first final report with data,unknown,no,False,True,False,
2025-11-12,KXHIGHNY-25NOV12,KXHIGHNY-25NOV12-B47.5,between,47,48,nws_climatological_report_daily,362f56996fa0ac84,no,,0.0000,50,2025-11-13T06:22:00+00:00,CDUS41 KOKX 130622,first final report with data,unknown,no,False,True,False,
2025-11-12,KXHIGHNY-25NOV12,KXHIGHNY-25NOV12-B49.5,between,49,50,nws_climatological_report_daily,3a73112a03287ea5,yes,,1.0000,50,2025-11-13T06:22:00+00:00,CDUS41 KOKX 130622,first final report with data,unknown,yes,False,True,False,
2025-11-12,KXHIGHNY-25NOV12,KXHIGHNY-25NOV12-B51.5,between,51,52,nws_climatological_report_daily,d447cc7a2c9a332a,no,,0.0000,50,2025-11-13T06:22:00+00:00,CDUS41 KOKX 130622,first final report with data,unknown,no,False,True,False,
2025-11-12,KXHIGHNY-25NOV12,KXHIGHNY-25NOV12-B53.5,between,53,54,nws_climatological_report_daily,43b30dfc1b1447af,no,,0.0000,50,2025-11-13T06:22:00+00:00,CDUS41 KOKX 130622,first final report with data,unknown,no,False,True,False,
2025-11-12,KXHIGHNY-25NOV12,KXHIGHNY-25NOV12-T47,less,,47,nws_climatological_report_daily,f6c99b844953b242,no,,0.0000,50,2025-11-13T06:22:00+00:00,CDUS41 KOKX 130622,first final report with data,unknown,no,False,True,False,
2025-11-12,KXHIGHNY-25NOV12,KXHIGHNY-25NOV12-T54,greater,54,,nws_climatological_report_daily,1ddb814ac4b4c73d,no,,0.0000,50,2025-11-13T06:22:00+00:00,CDUS41 KOKX 130622,first final report with data,unknown,no,False,True,False,
2025-11-13,KXHIGHNY-25NOV13,KXHIGHNY-25NOV13-B48.5,between,48,49,nws_climatological_report_daily,ce6238f815d099fe,no,51.00,0.0000,,,,no final CLI report with a maximum for this date,no,unknown,True,False,False,
2025-11-13,KXHIGHNY-25NOV13,KXHIGHNY-25NOV13-B50.5,between,50,51,nws_climatological_report_daily,274dc3b5af7fa706,yes,51.00,1.0000,,,,no final CLI report with a maximum for this date,yes,unknown,True,False,False,
2025-11-13,KXHIGHNY-25NOV13,KXHIGHNY-25NOV13-B52.5,between,52,53,nws_climatological_report_daily,a75c1f3f5e8ee411,no,51.00,0.0000,,,,no final CLI report with a maximum for this date,no,unknown,True,False,False,
2025-11-13,KXHIGHNY-25NOV13,KXHIGHNY-25NOV13-B54.5,between,54,55,nws_climatological_report_daily,a5f14c34bc7ebb2a,no,51.00,0.0000,,,,no final CLI report with a maximum for this date,no,unknown,True,False,False,
2025-11-13,KXHIGHNY-25NOV13,KXHIGHNY-25NOV13-T48,less,,48,nws_climatological_report_daily,9dd39eec766636d3,no,51.00,0.0000,,,,no final CLI report with a maximum for this date,no,unknown,True,False,False,
2025-11-13,KXHIGHNY-25NOV13,KXHIGHNY-25NOV13-T55,greater,55,,nws_climatological_report_daily,89661052e07e3029,no,51.00,0.0000,,,,no final CLI report with a maximum for this date,no,unknown,True,False,False,
2025-11-14,KXHIGHNY-25NOV14,KXHIGHNY-25NOV14-B45.5,between,45,46,nws_climatological_report_daily,634789f2589822f9,no,,0.0000,51,2025-11-15T07:29:00+00:00,CDUS41 KOKX 150729,first final report with data,unknown,no,False,True,False,
2025-11-14,KXHIGHNY-25NOV14,KXHIGHNY-25NOV14-B47.5,between,47,48,nws_climatological_report_daily,97d0487923cc7f16,no,,0.0000,51,2025-11-15T07:29:00+00:00,CDUS41 KOKX 150729,first final report with data,unknown,no,False,True,False,
2025-11-14,KXHIGHNY-25NOV14,KXHIGHNY-25NOV14-B49.5,between,49,50,nws_climatological_report_daily,7d9b9debdd2ad6c3,no,,0.0000,51,2025-11-15T07:29:00+00:00,CDUS41 KOKX 150729,first final report with data,unknown,no,False,True,False,
2025-11-14,KXHIGHNY-25NOV14,KXHIGHNY-25NOV14-B51.5,between,51,52,nws_climatological_report_daily,a2399d0135d675d0,yes,,1.0000,51,2025-11-15T07:29:00+00:00,CDUS41 KOKX 150729,first final report with data,unknown,yes,False,True,False,
2025-11-14,KXHIGHNY-25NOV14,KXHIGHNY-25NOV14-T45,less,,45,nws_climatological_report_daily,b8c3116e0c4497de,no,,0.0000,51,2025-11-15T07:29:00+00:00,CDUS41 KOKX 150729,first final report with data,unknown,no,False,True,False,
2025-11-14,KXHIGHNY-25NOV14,KXHIGHNY-25NOV14-T52,greater,52,,nws_climatological_report_daily,065f7464498ba160,no,,0.0000,51,2025-11-15T07:29:00+00:00,CDUS41 KOKX 150729,first final report with data,unknown,no,False,True,False,
2025-11-15,KXHIGHNY-25NOV15,KXHIGHNY-25NOV15-B49.5,between,49,50,nws_climatological_report_daily,48d81fb1064323c6,yes,,1.0000,50,2025-11-16T06:34:00+00:00,CDUS41 KOKX 160634,first final report with data,unknown,yes,False,True,False,
2025-11-15,KXHIGHNY-25NOV15,KXHIGHNY-25NOV15-B51.5,between,51,52,nws_climatological_report_daily,45da8e068a30e5c3,no,,0.0000,50,2025-11-16T06:34:00+00:00,CDUS41 KOKX 160634,first final report with data,unknown,no,False,True,False,
2025-11-15,KXHIGHNY-25NOV15,KXHIGHNY-25NOV15-B53.5,between,53,54,nws_climatological_report_daily,f6b25a79ad1f1aeb,no,,0.0000,50,2025-11-16T06:34:00+00:00,CDUS41 KOKX 160634,first final report with data,unknown,no,False,True,False,
2025-11-15,KXHIGHNY-25NOV15,KXHIGHNY-25NOV15-B55.5,between,55,56,nws_climatological_report_daily,c72d8d6c97ffe0c8,no,,0.0000,50,2025-11-16T06:34:00+00:00,CDUS41 KOKX 160634,first final report with data,unknown,no,False,True,False,
2025-11-15,KXHIGHNY-25NOV15,KXHIGHNY-25NOV15-T49,less,,49,nws_climatological_report_daily,e07e14adaa64cddb,no,,0.0000,50,2025-11-16T06:34:00+00:00,CDUS41 KOKX 160634,first final report with data,unknown,no,False,True,False,
2025-11-15,KXHIGHNY-25NOV15,KXHIGHNY-25NOV15-T56,greater,56,,nws_climatological_report_daily,bcdd6db8b5107918,no,,0.0000,50,2025-11-16T06:34:00+00:00,CDUS41 KOKX 160634,first final report with data,unknown,no,False,True,False,
2025-11-16,KXHIGHNY-25NOV16,KXHIGHNY-25NOV16-B52.5,between,52,53,nws_climatological_report_daily,7f610f47fafc4d36,no,,0.0000,56,2025-11-17T06:23:00+00:00,CDUS41 KOKX 170623,first final report with data,unknown,no,False,True,False,
2025-11-16,KXHIGHNY-25NOV16,KXHIGHNY-25NOV16-B54.5,between,54,55,nws_climatological_report_daily,b075bd5811bda2f4,no,,0.0000,56,2025-11-17T06:23:00+00:00,CDUS41 KOKX 170623,first final report with data,unknown,no,False,True,False,
2025-11-16,KXHIGHNY-25NOV16,KXHIGHNY-25NOV16-B56.5,between,56,57,nws_climatological_report_daily,086fb52089f68ecc,yes,,1.0000,56,2025-11-17T06:23:00+00:00,CDUS41 KOKX 170623,first final report with data,unknown,yes,False,True,False,
2025-11-16,KXHIGHNY-25NOV16,KXHIGHNY-25NOV16-B58.5,between,58,59,nws_climatological_report_daily,0836131a602d5216,no,,0.0000,56,2025-11-17T06:23:00+00:00,CDUS41 KOKX 170623,first final report with data,unknown,no,False,True,False,
2025-11-16,KXHIGHNY-25NOV16,KXHIGHNY-25NOV16-T52,less,,52,nws_climatological_report_daily,52fb86398cfaf004,no,,0.0000,56,2025-11-17T06:23:00+00:00,CDUS41 KOKX 170623,first final report with data,unknown,no,False,True,False,
2025-11-16,KXHIGHNY-25NOV16,KXHIGHNY-25NOV16-T59,greater,59,,nws_climatological_report_daily,d142d844a92113ce,no,,0.0000,56,2025-11-17T06:23:00+00:00,CDUS41 KOKX 170623,first final report with data,unknown,no,False,True,False,
2025-11-17,KXHIGHNY-25NOV17,KXHIGHNY-25NOV17-B41.5,between,41,42,nws_climatological_report_daily,7d1a275f3aaeb8b1,no,,0.0000,44,2025-11-18T06:18:00+00:00,CDUS41 KOKX 180618,first final report with data,unknown,no,False,True,False,
2025-11-17,KXHIGHNY-25NOV17,KXHIGHNY-25NOV17-B43.5,between,43,44,nws_climatological_report_daily,84960df924609e2c,yes,,1.0000,44,2025-11-18T06:18:00+00:00,CDUS41 KOKX 180618,first final report with data,unknown,yes,False,True,False,
2025-11-17,KXHIGHNY-25NOV17,KXHIGHNY-25NOV17-B45.5,between,45,46,nws_climatological_report_daily,bef3e100d1b8cf36,no,,0.0000,44,2025-11-18T06:18:00+00:00,CDUS41 KOKX 180618,first final report with data,unknown,no,False,True,False,
2025-11-17,KXHIGHNY-25NOV17,KXHIGHNY-25NOV17-B47.5,between,47,48,nws_climatological_report_daily,c17b117002d7455e,no,,0.0000,44,2025-11-18T06:18:00+00:00,CDUS41 KOKX 180618,first final report with data,unknown,no,False,True,False,
2025-11-17,KXHIGHNY-25NOV17,KXHIGHNY-25NOV17-T41,less,,41,nws_climatological_report_daily,e477fb2e51593e95,no,,0.0000,44,2025-11-18T06:18:00+00:00,CDUS41 KOKX 180618,first final report with data,unknown,no,False,True,False,
2025-11-17,KXHIGHNY-25NOV17,KXHIGHNY-25NOV17-T48,greater,48,,nws_climatological_report_daily,4291db8581c4e92a,no,,0.0000,44,2025-11-18T06:18:00+00:00,CDUS41 KOKX 180618,first final report with data,unknown,no,False,True,False,
2025-11-18,KXHIGHNY-25NOV18,KXHIGHNY-25NOV18-B43.5,between,43,44,nws_climatological_report_daily,9dd1788e987f2959,no,,0.0000,45,2025-11-19T06:16:00+00:00,CDUS41 KOKX 190616,first final report with data,unknown,no,False,True,False,
2025-11-18,KXHIGHNY-25NOV18,KXHIGHNY-25NOV18-B45.5,between,45,46,nws_climatological_report_daily,4597e98417fc471b,yes,,1.0000,45,2025-11-19T06:16:00+00:00,CDUS41 KOKX 190616,first final report with data,unknown,yes,False,True,False,
2025-11-18,KXHIGHNY-25NOV18,KXHIGHNY-25NOV18-B47.5,between,47,48,nws_climatological_report_daily,a4cbf560e696a974,no,,0.0000,45,2025-11-19T06:16:00+00:00,CDUS41 KOKX 190616,first final report with data,unknown,no,False,True,False,
2025-11-18,KXHIGHNY-25NOV18,KXHIGHNY-25NOV18-B49.5,between,49,50,nws_climatological_report_daily,c7fc49a0f26ad852,no,,0.0000,45,2025-11-19T06:16:00+00:00,CDUS41 KOKX 190616,first final report with data,unknown,no,False,True,False,
2025-11-18,KXHIGHNY-25NOV18,KXHIGHNY-25NOV18-T43,less,,43,nws_climatological_report_daily,e669d4bc661c4c29,no,,0.0000,45,2025-11-19T06:16:00+00:00,CDUS41 KOKX 190616,first final report with data,unknown,no,False,True,False,
2025-11-18,KXHIGHNY-25NOV18,KXHIGHNY-25NOV18-T50,greater,50,,nws_climatological_report_daily,df070667caefc3cd,no,,0.0000,45,2025-11-19T06:16:00+00:00,CDUS41 KOKX 190616,first final report with data,unknown,no,False,True,False,
2025-11-19,KXHIGHNY-25NOV19,KXHIGHNY-25NOV19-B45.5,between,45,46,nws_climatological_report_daily,507f8de7d955754c,no,,0.0000,47,2025-11-20T06:17:00+00:00,CDUS41 KOKX 200617,first final report with data,unknown,no,False,True,False,
2025-11-19,KXHIGHNY-25NOV19,KXHIGHNY-25NOV19-B47.5,between,47,48,nws_climatological_report_daily,02a9981a1b4e68dd,yes,,1.0000,47,2025-11-20T06:17:00+00:00,CDUS41 KOKX 200617,first final report with data,unknown,yes,False,True,False,
2025-11-19,KXHIGHNY-25NOV19,KXHIGHNY-25NOV19-B49.5,between,49,50,nws_climatological_report_daily,d6c894b957e881fd,no,,0.0000,47,2025-11-20T06:17:00+00:00,CDUS41 KOKX 200617,first final report with data,unknown,no,False,True,False,
2025-11-19,KXHIGHNY-25NOV19,KXHIGHNY-25NOV19-B51.5,between,51,52,nws_climatological_report_daily,2240c82f6ce13b19,no,,0.0000,47,2025-11-20T06:17:00+00:00,CDUS41 KOKX 200617,first final report with data,unknown,no,False,True,False,
2025-11-19,KXHIGHNY-25NOV19,KXHIGHNY-25NOV19-T45,less,,45,nws_climatological_report_daily,9c28ea95ce0d88e9,no,,0.0000,47,2025-11-20T06:17:00+00:00,CDUS41 KOKX 200617,first final report with data,unknown,no,False,True,False,
2025-11-19,KXHIGHNY-25NOV19,KXHIGHNY-25NOV19-T52,greater,52,,nws_climatological_report_daily,6e9c12ba94e41e2a,no,,0.0000,47,2025-11-20T06:17:00+00:00,CDUS41 KOKX 200617,first final report with data,unknown,no,False,True,False,
2025-11-20,KXHIGHNY-25NOV20,KXHIGHNY-25NOV20-B45.5,between,45,46,nws_climatological_report_daily,10ac23689795f037,no,,0.0000,47,2025-11-21T06:17:00+00:00,CDUS41 KOKX 210617,first final report with data,unknown,no,False,True,False,
2025-11-20,KXHIGHNY-25NOV20,KXHIGHNY-25NOV20-B47.5,between,47,48,nws_climatological_report_daily,ef57fd7397f52850,yes,,1.0000,47,2025-11-21T06:17:00+00:00,CDUS41 KOKX 210617,first final report with data,unknown,yes,False,True,False,
2025-11-20,KXHIGHNY-25NOV20,KXHIGHNY-25NOV20-B49.5,between,49,50,nws_climatological_report_daily,0c97a903b65ebe49,no,,0.0000,47,2025-11-21T06:17:00+00:00,CDUS41 KOKX 210617,first final report with data,unknown,no,False,True,False,
2025-11-20,KXHIGHNY-25NOV20,KXHIGHNY-25NOV20-B51.5,between,51,52,nws_climatological_report_daily,d72404e842977cfc,no,,0.0000,47,2025-11-21T06:17:00+00:00,CDUS41 KOKX 210617,first final report with data,unknown,no,False,True,False,
2025-11-20,KXHIGHNY-25NOV20,KXHIGHNY-25NOV20-T45,less,,45,nws_climatological_report_daily,ec94c74a2d1bbeb8,no,,0.0000,47,2025-11-21T06:17:00+00:00,CDUS41 KOKX 210617,first final report with data,unknown,no,False,True,False,
2025-11-20,KXHIGHNY-25NOV20,KXHIGHNY-25NOV20-T52,greater,52,,nws_climatological_report_daily,4ec241f0d5ab8bdb,no,,0.0000,47,2025-11-21T06:17:00+00:00,CDUS41 KOKX 210617,first final report with data,unknown,no,False,True,False,
2025-11-21,KXHIGHNY-25NOV21,KXHIGHNY-25NOV21-B50.5,between,50,51,nws_climatological_report_daily,54d3d69dd22f8e51,no,,0.0000,52,2025-11-22T06:17:00+00:00,CDUS41 KOKX 220617,first final report with data,unknown,no,False,True,False,
2025-11-21,KXHIGHNY-25NOV21,KXHIGHNY-25NOV21-B52.5,between,52,53,nws_climatological_report_daily,d5a0481c49276237,yes,,1.0000,52,2025-11-22T06:17:00+00:00,CDUS41 KOKX 220617,first final report with data,unknown,yes,False,True,False,
2025-11-21,KXHIGHNY-25NOV21,KXHIGHNY-25NOV21-B54.5,between,54,55,nws_climatological_report_daily,ffb476c4e264375e,no,,0.0000,52,2025-11-22T06:17:00+00:00,CDUS41 KOKX 220617,first final report with data,unknown,no,False,True,False,
2025-11-21,KXHIGHNY-25NOV21,KXHIGHNY-25NOV21-B56.5,between,56,57,nws_climatological_report_daily,dcfb12aa56e0cacd,no,,0.0000,52,2025-11-22T06:17:00+00:00,CDUS41 KOKX 220617,first final report with data,unknown,no,False,True,False,
2025-11-21,KXHIGHNY-25NOV21,KXHIGHNY-25NOV21-T50,less,,50,nws_climatological_report_daily,2e0a96f0fdda1eba,no,,0.0000,52,2025-11-22T06:17:00+00:00,CDUS41 KOKX 220617,first final report with data,unknown,no,False,True,False,
2025-11-21,KXHIGHNY-25NOV21,KXHIGHNY-25NOV21-T57,greater,57,,nws_climatological_report_daily,838079705e030798,no,,0.0000,52,2025-11-22T06:17:00+00:00,CDUS41 KOKX 220617,first final report with data,unknown,no,False,True,False,
2025-11-22,KXHIGHNY-25NOV22,KXHIGHNY-25NOV22-B49.5,between,49,50,nws_climatological_report_daily,7b68329cb74d2add,no,,0.0000,52,2025-11-23T06:20:00+00:00,CDUS41 KOKX 230620,first final report with data,unknown,no,False,True,False,
2025-11-22,KXHIGHNY-25NOV22,KXHIGHNY-25NOV22-B51.5,between,51,52,nws_climatological_report_daily,584d49ec3967e3ca,yes,,1.0000,52,2025-11-23T06:20:00+00:00,CDUS41 KOKX 230620,first final report with data,unknown,yes,False,True,False,
2025-11-22,KXHIGHNY-25NOV22,KXHIGHNY-25NOV22-B53.5,between,53,54,nws_climatological_report_daily,2d911bf23101a3f8,no,,0.0000,52,2025-11-23T06:20:00+00:00,CDUS41 KOKX 230620,first final report with data,unknown,no,False,True,False,
2025-11-22,KXHIGHNY-25NOV22,KXHIGHNY-25NOV22-B55.5,between,55,56,nws_climatological_report_daily,89b0673f69d7c249,no,,0.0000,52,2025-11-23T06:20:00+00:00,CDUS41 KOKX 230620,first final report with data,unknown,no,False,True,False,
2025-11-22,KXHIGHNY-25NOV22,KXHIGHNY-25NOV22-T49,less,,49,nws_climatological_report_daily,95cc8aca731519d3,no,,0.0000,52,2025-11-23T06:20:00+00:00,CDUS41 KOKX 230620,first final report with data,unknown,no,False,True,False,
2025-11-22,KXHIGHNY-25NOV22,KXHIGHNY-25NOV22-T56,greater,56,,nws_climatological_report_daily,b97ebd8c6d4346fd,no,,0.0000,52,2025-11-23T06:20:00+00:00,CDUS41 KOKX 230620,first final report with data,unknown,no,False,True,False,
2025-11-23,KXHIGHNY-25NOV23,KXHIGHNY-25NOV23-B47.5,between,47,48,nws_climatological_report_daily,e974942e9be1a609,no,,0.0000,49,2025-11-24T06:27:00+00:00,CDUS41 KOKX 240627,first final report with data,unknown,no,False,True,False,
2025-11-23,KXHIGHNY-25NOV23,KXHIGHNY-25NOV23-B49.5,between,49,50,nws_climatological_report_daily,e640f9bf7f714b18,yes,,1.0000,49,2025-11-24T06:27:00+00:00,CDUS41 KOKX 240627,first final report with data,unknown,yes,False,True,False,
2025-11-23,KXHIGHNY-25NOV23,KXHIGHNY-25NOV23-B51.5,between,51,52,nws_climatological_report_daily,0b5b868f6a47eeff,no,,0.0000,49,2025-11-24T06:27:00+00:00,CDUS41 KOKX 240627,first final report with data,unknown,no,False,True,False,
2025-11-23,KXHIGHNY-25NOV23,KXHIGHNY-25NOV23-B53.5,between,53,54,nws_climatological_report_daily,e2c7e787a25b6918,no,,0.0000,49,2025-11-24T06:27:00+00:00,CDUS41 KOKX 240627,first final report with data,unknown,no,False,True,False,
2025-11-23,KXHIGHNY-25NOV23,KXHIGHNY-25NOV23-T47,less,,47,nws_climatological_report_daily,bb6de823ee04e394,no,,0.0000,49,2025-11-24T06:27:00+00:00,CDUS41 KOKX 240627,first final report with data,unknown,no,False,True,False,
2025-11-23,KXHIGHNY-25NOV23,KXHIGHNY-25NOV23-T54,greater,54,,nws_climatological_report_daily,df97c155a7977a55,no,,0.0000,49,2025-11-24T06:27:00+00:00,CDUS41 KOKX 240627,first final report with data,unknown,no,False,True,False,
2025-11-24,KXHIGHNY-25NOV24,KXHIGHNY-25NOV24-B49.5,between,49,50,nws_climatological_report_daily,1a4c87587e6abeb6,no,,0.0000,52,2025-11-25T06:30:00+00:00,CDUS41 KOKX 250630,first final report with data,unknown,no,False,True,False,
2025-11-24,KXHIGHNY-25NOV24,KXHIGHNY-25NOV24-B51.5,between,51,52,nws_climatological_report_daily,51ff517f26829654,yes,,1.0000,52,2025-11-25T06:30:00+00:00,CDUS41 KOKX 250630,first final report with data,unknown,yes,False,True,False,
2025-11-24,KXHIGHNY-25NOV24,KXHIGHNY-25NOV24-B53.5,between,53,54,nws_climatological_report_daily,0f06f7d8a06c5614,no,,0.0000,52,2025-11-25T06:30:00+00:00,CDUS41 KOKX 250630,first final report with data,unknown,no,False,True,False,
2025-11-24,KXHIGHNY-25NOV24,KXHIGHNY-25NOV24-B55.5,between,55,56,nws_climatological_report_daily,b11c59dbe63728f6,no,,0.0000,52,2025-11-25T06:30:00+00:00,CDUS41 KOKX 250630,first final report with data,unknown,no,False,True,False,
2025-11-24,KXHIGHNY-25NOV24,KXHIGHNY-25NOV24-T49,less,,49,nws_climatological_report_daily,6420c69b78b2fbcd,no,,0.0000,52,2025-11-25T06:30:00+00:00,CDUS41 KOKX 250630,first final report with data,unknown,no,False,True,False,
2025-11-24,KXHIGHNY-25NOV24,KXHIGHNY-25NOV24-T56,greater,56,,nws_climatological_report_daily,7152ffc45804800d,no,,0.0000,52,2025-11-25T06:30:00+00:00,CDUS41 KOKX 250630,first final report with data,unknown,no,False,True,False,
2025-11-25,KXHIGHNY-25NOV25,KXHIGHNY-25NOV25-B52.5,between,52,53,nws_climatological_report_daily,4dde06c61f86d81a,no,58.00,0.0000,58,2025-11-26T06:23:00+00:00,CDUS41 KOKX 260623,first final report with data,no,no,True,True,False,
2025-11-25,KXHIGHNY-25NOV25,KXHIGHNY-25NOV25-B54.5,between,54,55,nws_climatological_report_daily,6240fc92dcda9298,no,58.00,0.0000,58,2025-11-26T06:23:00+00:00,CDUS41 KOKX 260623,first final report with data,no,no,True,True,False,
2025-11-25,KXHIGHNY-25NOV25,KXHIGHNY-25NOV25-B56.5,between,56,57,nws_climatological_report_daily,f0a17a845fecdaec,no,58.00,0.0000,58,2025-11-26T06:23:00+00:00,CDUS41 KOKX 260623,first final report with data,no,no,True,True,False,
2025-11-25,KXHIGHNY-25NOV25,KXHIGHNY-25NOV25-B58.5,between,58,59,nws_climatological_report_daily,f3778f9ebd3c82b2,yes,58.00,1.0000,58,2025-11-26T06:23:00+00:00,CDUS41 KOKX 260623,first final report with data,yes,yes,True,True,False,
2025-11-25,KXHIGHNY-25NOV25,KXHIGHNY-25NOV25-T52,less,,52,nws_climatological_report_daily,358f9542d879cb67,no,58.00,0.0000,58,2025-11-26T06:23:00+00:00,CDUS41 KOKX 260623,first final report with data,no,no,True,True,False,
2025-11-25,KXHIGHNY-25NOV25,KXHIGHNY-25NOV25-T59,greater,59,,nws_climatological_report_daily,4a33f1224b3defca,no,58.00,0.0000,58,2025-11-26T06:23:00+00:00,CDUS41 KOKX 260623,first final report with data,no,no,True,True,False,
2025-11-26,KXHIGHNY-25NOV26,KXHIGHNY-25NOV26-B58.5,between,58,59,nws_climatological_report_daily,919e8ad160962bf2,yes,,1.0000,59,2025-11-27T06:18:00+00:00,CDUS41 KOKX 270618,first final report with data,unknown,yes,False,True,False,
2025-11-26,KXHIGHNY-25NOV26,KXHIGHNY-25NOV26-B60.5,between,60,61,nws_climatological_report_daily,088a95894ab27097,no,,0.0000,59,2025-11-27T06:18:00+00:00,CDUS41 KOKX 270618,first final report with data,unknown,no,False,True,False,
2025-11-26,KXHIGHNY-25NOV26,KXHIGHNY-25NOV26-B62.5,between,62,63,nws_climatological_report_daily,363c28b79d86a86c,no,,0.0000,59,2025-11-27T06:18:00+00:00,CDUS41 KOKX 270618,first final report with data,unknown,no,False,True,False,
2025-11-26,KXHIGHNY-25NOV26,KXHIGHNY-25NOV26-B64.5,between,64,65,nws_climatological_report_daily,385da9cb51ae0a22,no,,0.0000,59,2025-11-27T06:18:00+00:00,CDUS41 KOKX 270618,first final report with data,unknown,no,False,True,False,
2025-11-26,KXHIGHNY-25NOV26,KXHIGHNY-25NOV26-T58,less,,58,nws_climatological_report_daily,fcc05bf8b881bb0a,no,,0.0000,59,2025-11-27T06:18:00+00:00,CDUS41 KOKX 270618,first final report with data,unknown,no,False,True,False,
2025-11-26,KXHIGHNY-25NOV26,KXHIGHNY-25NOV26-T65,greater,65,,nws_climatological_report_daily,3ee1d9609df6a300,no,,0.0000,59,2025-11-27T06:18:00+00:00,CDUS41 KOKX 270618,first final report with data,unknown,no,False,True,False,
2025-11-27,KXHIGHNY-25NOV27,KXHIGHNY-25NOV27-B47.5,between,47,48,nws_climatological_report_daily,ef5cf5078627064f,no,49.00,0.0000,49,2025-11-28T06:18:00+00:00,CDUS41 KOKX 280618,first final report with data,no,no,True,True,False,
2025-11-27,KXHIGHNY-25NOV27,KXHIGHNY-25NOV27-B49.5,between,49,50,nws_climatological_report_daily,7d035da9e6af47f5,yes,49.00,1.0000,49,2025-11-28T06:18:00+00:00,CDUS41 KOKX 280618,first final report with data,yes,yes,True,True,False,
2025-11-27,KXHIGHNY-25NOV27,KXHIGHNY-25NOV27-B51.5,between,51,52,nws_climatological_report_daily,2dda62ce381e52d7,no,49.00,0.0000,49,2025-11-28T06:18:00+00:00,CDUS41 KOKX 280618,first final report with data,no,no,True,True,False,
2025-11-27,KXHIGHNY-25NOV27,KXHIGHNY-25NOV27-B53.5,between,53,54,nws_climatological_report_daily,655bad5936f81a1c,no,49.00,0.0000,49,2025-11-28T06:18:00+00:00,CDUS41 KOKX 280618,first final report with data,no,no,True,True,False,
2025-11-27,KXHIGHNY-25NOV27,KXHIGHNY-25NOV27-T47,less,,47,nws_climatological_report_daily,b7acbb5ed606f69f,no,49.00,0.0000,49,2025-11-28T06:18:00+00:00,CDUS41 KOKX 280618,first final report with data,no,no,True,True,False,
2025-11-27,KXHIGHNY-25NOV27,KXHIGHNY-25NOV27-T54,greater,54,,nws_climatological_report_daily,ec097a5f193d3f3e,no,49.00,0.0000,49,2025-11-28T06:18:00+00:00,CDUS41 KOKX 280618,first final report with data,no,no,True,True,False,
2025-11-28,KXHIGHNY-25NOV28,KXHIGHNY-25NOV28-B39.5,between,39,40,nws_climatological_report_daily,f96db2042157caf6,no,,0.0000,43,2025-11-29T06:26:00+00:00,CDUS41 KOKX 290626,first final report with data,unknown,no,False,True,False,
2025-11-28,KXHIGHNY-25NOV28,KXHIGHNY-25NOV28-B41.5,between,41,42,nws_climatological_report_daily,f50618361c330abe,no,,0.0000,43,2025-11-29T06:26:00+00:00,CDUS41 KOKX 290626,first final report with data,unknown,no,False,True,False,
2025-11-28,KXHIGHNY-25NOV28,KXHIGHNY-25NOV28-B43.5,between,43,44,nws_climatological_report_daily,1065d9aa4982813f,yes,,1.0000,43,2025-11-29T06:26:00+00:00,CDUS41 KOKX 290626,first final report with data,unknown,yes,False,True,False,
2025-11-28,KXHIGHNY-25NOV28,KXHIGHNY-25NOV28-B45.5,between,45,46,nws_climatological_report_daily,67981440ca249de3,no,,0.0000,43,2025-11-29T06:26:00+00:00,CDUS41 KOKX 290626,first final report with data,unknown,no,False,True,False,
2025-11-28,KXHIGHNY-25NOV28,KXHIGHNY-25NOV28-T39,less,,39,nws_climatological_report_daily,c374d643317e4256,no,,0.0000,43,2025-11-29T06:26:00+00:00,CDUS41 KOKX 290626,first final report with data,unknown,no,False,True,False,
2025-11-28,KXHIGHNY-25NOV28,KXHIGHNY-25NOV28-T46,greater,46,,nws_climatological_report_daily,ef36a95fa5e93c2d,no,,0.0000,43,2025-11-29T06:26:00+00:00,CDUS41 KOKX 290626,first final report with data,unknown,no,False,True,False,
2025-11-29,KXHIGHNY-25NOV29,KXHIGHNY-25NOV29-B39.5,between,39,40,nws_climatological_report_daily,a10ad5f975cdb329,no,,0.0000,42,2025-11-30T06:19:00+00:00,CDUS41 KOKX 300619,first final report with data,unknown,no,False,True,False,
2025-11-29,KXHIGHNY-25NOV29,KXHIGHNY-25NOV29-B41.5,between,41,42,nws_climatological_report_daily,efb16598e5d688eb,yes,,1.0000,42,2025-11-30T06:19:00+00:00,CDUS41 KOKX 300619,first final report with data,unknown,yes,False,True,False,
2025-11-29,KXHIGHNY-25NOV29,KXHIGHNY-25NOV29-B43.5,between,43,44,nws_climatological_report_daily,4188a67f18ac2220,no,,0.0000,42,2025-11-30T06:19:00+00:00,CDUS41 KOKX 300619,first final report with data,unknown,no,False,True,False,
2025-11-29,KXHIGHNY-25NOV29,KXHIGHNY-25NOV29-B45.5,between,45,46,nws_climatological_report_daily,78e51e575cc0a61f,no,,0.0000,42,2025-11-30T06:19:00+00:00,CDUS41 KOKX 300619,first final report with data,unknown,no,False,True,False,
2025-11-29,KXHIGHNY-25NOV29,KXHIGHNY-25NOV29-T39,less,,39,nws_climatological_report_daily,3c58734d384d3804,no,,0.0000,42,2025-11-30T06:19:00+00:00,CDUS41 KOKX 300619,first final report with data,unknown,no,False,True,False,
2025-11-29,KXHIGHNY-25NOV29,KXHIGHNY-25NOV29-T46,greater,46,,nws_climatological_report_daily,f1bebd3a01f81573,no,,0.0000,42,2025-11-30T06:19:00+00:00,CDUS41 KOKX 300619,first final report with data,unknown,no,False,True,False,
2025-11-30,KXHIGHNY-25NOV30,KXHIGHNY-25NOV30-B46.5,between,46,47,nws_climatological_report_daily,a35a5ab5ca50c4da,yes,,1.0000,47,2025-12-01T06:20:00+00:00,CDUS41 KOKX 010620,first final report with data,unknown,yes,False,True,False,
2025-11-30,KXHIGHNY-25NOV30,KXHIGHNY-25NOV30-B48.5,between,48,49,nws_climatological_report_daily,09a5ed93f6626b22,no,,0.0000,47,2025-12-01T06:20:00+00:00,CDUS41 KOKX 010620,first final report with data,unknown,no,False,True,False,
2025-11-30,KXHIGHNY-25NOV30,KXHIGHNY-25NOV30-B50.5,between,50,51,nws_climatological_report_daily,e21bbe95337e5258,no,,0.0000,47,2025-12-01T06:20:00+00:00,CDUS41 KOKX 010620,first final report with data,unknown,no,False,True,False,
2025-11-30,KXHIGHNY-25NOV30,KXHIGHNY-25NOV30-B52.5,between,52,53,nws_climatological_report_daily,ec5a797c4fb5bf1d,no,,0.0000,47,2025-12-01T06:20:00+00:00,CDUS41 KOKX 010620,first final report with data,unknown,no,False,True,False,
2025-11-30,KXHIGHNY-25NOV30,KXHIGHNY-25NOV30-T46,less,,46,nws_climatological_report_daily,e5faf520059070b9,no,,0.0000,47,2025-12-01T06:20:00+00:00,CDUS41 KOKX 010620,first final report with data,unknown,no,False,True,False,
2025-11-30,KXHIGHNY-25NOV30,KXHIGHNY-25NOV30-T53,greater,53,,nws_climatological_report_daily,3935bc1a2ae5eec3,no,,0.0000,47,2025-12-01T06:20:00+00:00,CDUS41 KOKX 010620,first final report with data,unknown,no,False,True,False,
2025-12-01,KXHIGHNY-25DEC01,KXHIGHNY-25DEC01-B40.5,between,40,41,nws_climatological_report_daily,ca8f4ef1db067585,no,,0.0000,43,2025-12-02T06:25:00+00:00,CDUS41 KOKX 020625,first final report with data,unknown,no,False,True,False,
2025-12-01,KXHIGHNY-25DEC01,KXHIGHNY-25DEC01-B42.5,between,42,43,nws_climatological_report_daily,a9609da2bb6d5f97,yes,,1.0000,43,2025-12-02T06:25:00+00:00,CDUS41 KOKX 020625,first final report with data,unknown,yes,False,True,False,
2025-12-01,KXHIGHNY-25DEC01,KXHIGHNY-25DEC01-B44.5,between,44,45,nws_climatological_report_daily,0309ed8481a470fe,no,,0.0000,43,2025-12-02T06:25:00+00:00,CDUS41 KOKX 020625,first final report with data,unknown,no,False,True,False,
2025-12-01,KXHIGHNY-25DEC01,KXHIGHNY-25DEC01-B46.5,between,46,47,nws_climatological_report_daily,ec53e71404f2df09,no,,0.0000,43,2025-12-02T06:25:00+00:00,CDUS41 KOKX 020625,first final report with data,unknown,no,False,True,False,
2025-12-01,KXHIGHNY-25DEC01,KXHIGHNY-25DEC01-T40,less,,40,nws_climatological_report_daily,f71c8a8d5e396af0,no,,0.0000,43,2025-12-02T06:25:00+00:00,CDUS41 KOKX 020625,first final report with data,unknown,no,False,True,False,
2025-12-01,KXHIGHNY-25DEC01,KXHIGHNY-25DEC01-T47,greater,47,,nws_climatological_report_daily,fbb9c27d4c7d394d,no,,0.0000,43,2025-12-02T06:25:00+00:00,CDUS41 KOKX 020625,first final report with data,unknown,no,False,True,False,
2025-12-02,KXHIGHNY-25DEC02,KXHIGHNY-25DEC02-B39.5,between,39,40,nws_climatological_report_daily,515784a4c9ca285c,yes,,1.0000,40,2025-12-03T06:27:00+00:00,CDUS41 KOKX 030627,first final report with data,unknown,yes,False,True,False,
2025-12-02,KXHIGHNY-25DEC02,KXHIGHNY-25DEC02-B41.5,between,41,42,nws_climatological_report_daily,10fb982a81e6acc6,no,,0.0000,40,2025-12-03T06:27:00+00:00,CDUS41 KOKX 030627,first final report with data,unknown,no,False,True,False,
2025-12-02,KXHIGHNY-25DEC02,KXHIGHNY-25DEC02-B43.5,between,43,44,nws_climatological_report_daily,238b5f179cfd72e2,no,,0.0000,40,2025-12-03T06:27:00+00:00,CDUS41 KOKX 030627,first final report with data,unknown,no,False,True,False,
2025-12-02,KXHIGHNY-25DEC02,KXHIGHNY-25DEC02-B45.5,between,45,46,nws_climatological_report_daily,bae7b078ca955c8b,no,,0.0000,40,2025-12-03T06:27:00+00:00,CDUS41 KOKX 030627,first final report with data,unknown,no,False,True,False,
2025-12-02,KXHIGHNY-25DEC02,KXHIGHNY-25DEC02-T39,less,,39,nws_climatological_report_daily,34f51d3648bd0584,no,,0.0000,40,2025-12-03T06:27:00+00:00,CDUS41 KOKX 030627,first final report with data,unknown,no,False,True,False,
2025-12-02,KXHIGHNY-25DEC02,KXHIGHNY-25DEC02-T46,greater,46,,nws_climatological_report_daily,aaec6b449f298abb,no,,0.0000,40,2025-12-03T06:27:00+00:00,CDUS41 KOKX 030627,first final report with data,unknown,no,False,True,False,
2025-12-03,KXHIGHNY-25DEC03,KXHIGHNY-25DEC03-B37.5,between,37,38,nws_climatological_report_daily,1893eaf99c5e7dc9,no,41.00,0.0000,41,2025-12-04T14:21:00+00:00,CDUS41 KOKX 041421,delayed determination: first final (40) lower than an earlier report; latest final by 2025-12-04T16:00:00+00:00 used,no,no,True,True,False,
2025-12-03,KXHIGHNY-25DEC03,KXHIGHNY-25DEC03-B39.5,between,39,40,nws_climatological_report_daily,e064568ecf1af507,no,41.00,0.0000,41,2025-12-04T14:21:00+00:00,CDUS41 KOKX 041421,delayed determination: first final (40) lower than an earlier report; latest final by 2025-12-04T16:00:00+00:00 used,no,no,True,True,False,
2025-12-03,KXHIGHNY-25DEC03,KXHIGHNY-25DEC03-B41.5,between,41,42,nws_climatological_report_daily,76ddbb8b15a41e8e,yes,41.00,1.0000,41,2025-12-04T14:21:00+00:00,CDUS41 KOKX 041421,delayed determination: first final (40) lower than an earlier report; latest final by 2025-12-04T16:00:00+00:00 used,yes,yes,True,True,False,
2025-12-03,KXHIGHNY-25DEC03,KXHIGHNY-25DEC03-B43.5,between,43,44,nws_climatological_report_daily,2e026c522d434f73,no,41.00,0.0000,41,2025-12-04T14:21:00+00:00,CDUS41 KOKX 041421,delayed determination: first final (40) lower than an earlier report; latest final by 2025-12-04T16:00:00+00:00 used,no,no,True,True,False,
2025-12-03,KXHIGHNY-25DEC03,KXHIGHNY-25DEC03-T37,less,,37,nws_climatological_report_daily,d01f0a0dde6325ed,no,41.00,0.0000,41,2025-12-04T14:21:00+00:00,CDUS41 KOKX 041421,delayed determination: first final (40) lower than an earlier report; latest final by 2025-12-04T16:00:00+00:00 used,no,no,True,True,False,
2025-12-03,KXHIGHNY-25DEC03,KXHIGHNY-25DEC03-T44,greater,44,,nws_climatological_report_daily,7867e9263c79dcf1,no,41.00,0.0000,41,2025-12-04T14:21:00+00:00,CDUS41 KOKX 041421,delayed determination: first final (40) lower than an earlier report; latest final by 2025-12-04T16:00:00+00:00 used,no,no,True,True,False,
2025-12-04,KXHIGHNY-25DEC04,KXHIGHNY-25DEC04-B37.5,between,37,38,nws_climatological_report_daily,05261216502394f5,no,,0.0000,41,2025-12-05T06:33:00+00:00,CDUS41 KOKX 050633,first final report with data,unknown,no,False,True,False,
2025-12-04,KXHIGHNY-25DEC04,KXHIGHNY-25DEC04-B39.5,between,39,40,nws_climatological_report_daily,5d5fd16473ee0876,no,,0.0000,41,2025-12-05T06:33:00+00:00,CDUS41 KOKX 050633,first final report with data,unknown,no,False,True,False,
2025-12-04,KXHIGHNY-25DEC04,KXHIGHNY-25DEC04-B41.5,between,41,42,nws_climatological_report_daily,16b9199e73bf4da5,yes,,1.0000,41,2025-12-05T06:33:00+00:00,CDUS41 KOKX 050633,first final report with data,unknown,yes,False,True,False,
2025-12-04,KXHIGHNY-25DEC04,KXHIGHNY-25DEC04-B43.5,between,43,44,nws_climatological_report_daily,bde3d16123e01816,no,,0.0000,41,2025-12-05T06:33:00+00:00,CDUS41 KOKX 050633,first final report with data,unknown,no,False,True,False,
2025-12-04,KXHIGHNY-25DEC04,KXHIGHNY-25DEC04-T37,less,,37,nws_climatological_report_daily,c32e009a13efd9b3,no,,0.0000,41,2025-12-05T06:33:00+00:00,CDUS41 KOKX 050633,first final report with data,unknown,no,False,True,False,
2025-12-04,KXHIGHNY-25DEC04,KXHIGHNY-25DEC04-T44,greater,44,,nws_climatological_report_daily,b23d96f877209694,no,,0.0000,41,2025-12-05T06:33:00+00:00,CDUS41 KOKX 050633,first final report with data,unknown,no,False,True,False,
2025-12-05,KXHIGHNY-25DEC05,KXHIGHNY-25DEC05-B30.5,between,30,31,nws_climatological_report_daily,f41bffeddc8985fc,no,,0.0000,32,2025-12-06T07:16:00+00:00,CDUS41 KOKX 060716,first final report with data,unknown,no,False,True,False,
2025-12-05,KXHIGHNY-25DEC05,KXHIGHNY-25DEC05-B32.5,between,32,33,nws_climatological_report_daily,5264b6c361419878,yes,,1.0000,32,2025-12-06T07:16:00+00:00,CDUS41 KOKX 060716,first final report with data,unknown,yes,False,True,False,
2025-12-05,KXHIGHNY-25DEC05,KXHIGHNY-25DEC05-B34.5,between,34,35,nws_climatological_report_daily,f230fd03c551ba4a,no,,0.0000,32,2025-12-06T07:16:00+00:00,CDUS41 KOKX 060716,first final report with data,unknown,no,False,True,False,
2025-12-05,KXHIGHNY-25DEC05,KXHIGHNY-25DEC05-B36.5,between,36,37,nws_climatological_report_daily,102281357ba809ac,no,,0.0000,32,2025-12-06T07:16:00+00:00,CDUS41 KOKX 060716,first final report with data,unknown,no,False,True,False,
2025-12-05,KXHIGHNY-25DEC05,KXHIGHNY-25DEC05-T30,less,,30,nws_climatological_report_daily,ac9127b9ec64a41d,no,,0.0000,32,2025-12-06T07:16:00+00:00,CDUS41 KOKX 060716,first final report with data,unknown,no,False,True,False,
2025-12-05,KXHIGHNY-25DEC05,KXHIGHNY-25DEC05-T37,greater,37,,nws_climatological_report_daily,bfbd152809eb1b02,no,,0.0000,32,2025-12-06T07:16:00+00:00,CDUS41 KOKX 060716,first final report with data,unknown,no,False,True,False,
2025-12-06,KXHIGHNY-25DEC06,KXHIGHNY-25DEC06-B39.5,between,39,40,nws_climatological_report_daily,4e2c1990fabdd314,no,,0.0000,42,2025-12-07T06:45:00+00:00,CDUS41 KOKX 070645,first final report with data,unknown,no,False,True,False,
2025-12-06,KXHIGHNY-25DEC06,KXHIGHNY-25DEC06-B41.5,between,41,42,nws_climatological_report_daily,2418baa3701b8db3,yes,,1.0000,42,2025-12-07T06:45:00+00:00,CDUS41 KOKX 070645,first final report with data,unknown,yes,False,True,False,
2025-12-06,KXHIGHNY-25DEC06,KXHIGHNY-25DEC06-B43.5,between,43,44,nws_climatological_report_daily,f73486d0d6a8485c,no,,0.0000,42,2025-12-07T06:45:00+00:00,CDUS41 KOKX 070645,first final report with data,unknown,no,False,True,False,
2025-12-06,KXHIGHNY-25DEC06,KXHIGHNY-25DEC06-B45.5,between,45,46,nws_climatological_report_daily,cc611acbf671a924,no,,0.0000,42,2025-12-07T06:45:00+00:00,CDUS41 KOKX 070645,first final report with data,unknown,no,False,True,False,
2025-12-06,KXHIGHNY-25DEC06,KXHIGHNY-25DEC06-T39,less,,39,nws_climatological_report_daily,b5c218e090be5aee,no,,0.0000,42,2025-12-07T06:45:00+00:00,CDUS41 KOKX 070645,first final report with data,unknown,no,False,True,False,
2025-12-06,KXHIGHNY-25DEC06,KXHIGHNY-25DEC06-T46,greater,46,,nws_climatological_report_daily,d05d59d142e836bd,no,,0.0000,42,2025-12-07T06:45:00+00:00,CDUS41 KOKX 070645,first final report with data,unknown,no,False,True,False,
2025-12-07,KXHIGHNY-25DEC07,KXHIGHNY-25DEC07-B37.5,between,37,38,nws_climatological_report_daily,67b8b6358aa5d641,no,43.00,0.0000,43,2025-12-08T06:28:00+00:00,CDUS41 KOKX 080628,first final report with data,no,no,True,True,False,
2025-12-07,KXHIGHNY-25DEC07,KXHIGHNY-25DEC07-B39.5,between,39,40,nws_climatological_report_daily,269ed07b8b21580e,no,43.00,0.0000,43,2025-12-08T06:28:00+00:00,CDUS41 KOKX 080628,first final report with data,no,no,True,True,False,
2025-12-07,KXHIGHNY-25DEC07,KXHIGHNY-25DEC07-B41.5,between,41,42,nws_climatological_report_daily,ff286ec891bf69e5,no,43.00,0.0000,43,2025-12-08T06:28:00+00:00,CDUS41 KOKX 080628,first final report with data,no,no,True,True,False,
2025-12-07,KXHIGHNY-25DEC07,KXHIGHNY-25DEC07-B43.5,between,43,44,nws_climatological_report_daily,b3b55852edaffe07,yes,43.00,1.0000,43,2025-12-08T06:28:00+00:00,CDUS41 KOKX 080628,first final report with data,yes,yes,True,True,False,
2025-12-07,KXHIGHNY-25DEC07,KXHIGHNY-25DEC07-T37,less,,37,nws_climatological_report_daily,db0c9f9e7b5a0507,no,43.00,0.0000,43,2025-12-08T06:28:00+00:00,CDUS41 KOKX 080628,first final report with data,no,no,True,True,False,
2025-12-07,KXHIGHNY-25DEC07,KXHIGHNY-25DEC07-T44,greater,44,,nws_climatological_report_daily,c38e3b58fbd351c2,no,43.00,0.0000,43,2025-12-08T06:28:00+00:00,CDUS41 KOKX 080628,first final report with data,no,no,True,True,False,
2025-12-08,KXHIGHNY-25DEC08,KXHIGHNY-25DEC08-B33.5,between,33,34,nws_climatological_report_daily,a438df4ead32be1e,no,,0.0000,38,2025-12-09T06:21:00+00:00,CDUS41 KOKX 090621,first final report with data,unknown,no,False,True,False,
2025-12-08,KXHIGHNY-25DEC08,KXHIGHNY-25DEC08-B35.5,between,35,36,nws_climatological_report_daily,0a0a478d6aa847ef,no,,0.0000,38,2025-12-09T06:21:00+00:00,CDUS41 KOKX 090621,first final report with data,unknown,no,False,True,False,
2025-12-08,KXHIGHNY-25DEC08,KXHIGHNY-25DEC08-B37.5,between,37,38,nws_climatological_report_daily,697ab93f41414023,yes,,1.0000,38,2025-12-09T06:21:00+00:00,CDUS41 KOKX 090621,first final report with data,unknown,yes,False,True,False,
2025-12-08,KXHIGHNY-25DEC08,KXHIGHNY-25DEC08-B39.5,between,39,40,nws_climatological_report_daily,6d7fe2e56a98d295,no,,0.0000,38,2025-12-09T06:21:00+00:00,CDUS41 KOKX 090621,first final report with data,unknown,no,False,True,False,
2025-12-08,KXHIGHNY-25DEC08,KXHIGHNY-25DEC08-T33,less,,33,nws_climatological_report_daily,a97b8a75c9926d36,no,,0.0000,38,2025-12-09T06:21:00+00:00,CDUS41 KOKX 090621,first final report with data,unknown,no,False,True,False,
2025-12-08,KXHIGHNY-25DEC08,KXHIGHNY-25DEC08-T40,greater,40,,nws_climatological_report_daily,408255f03e71a5ab,no,,0.0000,38,2025-12-09T06:21:00+00:00,CDUS41 KOKX 090621,first final report with data,unknown,no,False,True,False,
2025-12-09,KXHIGHNY-25DEC09,KXHIGHNY-25DEC09-B32.5,between,32,33,nws_climatological_report_daily,0e3cace07611233e,no,,0.0000,35,2025-12-10T06:21:00+00:00,CDUS41 KOKX 100621,first final report with data,unknown,no,False,True,False,
2025-12-09,KXHIGHNY-25DEC09,KXHIGHNY-25DEC09-B34.5,between,34,35,nws_climatological_report_daily,b2baf37a0fd68050,yes,,1.0000,35,2025-12-10T06:21:00+00:00,CDUS41 KOKX 100621,first final report with data,unknown,yes,False,True,False,
2025-12-09,KXHIGHNY-25DEC09,KXHIGHNY-25DEC09-B36.5,between,36,37,nws_climatological_report_daily,c209444350c6ff69,no,,0.0000,35,2025-12-10T06:21:00+00:00,CDUS41 KOKX 100621,first final report with data,unknown,no,False,True,False,
2025-12-09,KXHIGHNY-25DEC09,KXHIGHNY-25DEC09-B38.5,between,38,39,nws_climatological_report_daily,9fadd96d62468c11,no,,0.0000,35,2025-12-10T06:21:00+00:00,CDUS41 KOKX 100621,first final report with data,unknown,no,False,True,False,
2025-12-09,KXHIGHNY-25DEC09,KXHIGHNY-25DEC09-T32,less,,32,nws_climatological_report_daily,d812a41e1c2a076c,no,,0.0000,35,2025-12-10T06:21:00+00:00,CDUS41 KOKX 100621,first final report with data,unknown,no,False,True,False,
2025-12-09,KXHIGHNY-25DEC09,KXHIGHNY-25DEC09-T39,greater,39,,nws_climatological_report_daily,d906da19d4f9bc12,no,,0.0000,35,2025-12-10T06:21:00+00:00,CDUS41 KOKX 100621,first final report with data,unknown,no,False,True,False,
2025-12-10,KXHIGHNY-25DEC10,KXHIGHNY-25DEC10-B40.5,between,40,41,nws_climatological_report_daily,9fc8bed93e4dc04a,no,,0.0000,47,2025-12-11T06:18:00+00:00,CDUS41 KOKX 110618,first final report with data,unknown,no,False,True,False,
2025-12-10,KXHIGHNY-25DEC10,KXHIGHNY-25DEC10-B42.5,between,42,43,nws_climatological_report_daily,2ac9726b1cce52ce,no,,0.0000,47,2025-12-11T06:18:00+00:00,CDUS41 KOKX 110618,first final report with data,unknown,no,False,True,False,
2025-12-10,KXHIGHNY-25DEC10,KXHIGHNY-25DEC10-B44.5,between,44,45,nws_climatological_report_daily,c950d2266b483bc1,no,,0.0000,47,2025-12-11T06:18:00+00:00,CDUS41 KOKX 110618,first final report with data,unknown,no,False,True,False,
2025-12-10,KXHIGHNY-25DEC10,KXHIGHNY-25DEC10-B46.5,between,46,47,nws_climatological_report_daily,875443b285fced99,yes,,1.0000,47,2025-12-11T06:18:00+00:00,CDUS41 KOKX 110618,first final report with data,unknown,yes,False,True,False,
2025-12-10,KXHIGHNY-25DEC10,KXHIGHNY-25DEC10-T40,less,,40,nws_climatological_report_daily,043880dd05ba871b,no,,0.0000,47,2025-12-11T06:18:00+00:00,CDUS41 KOKX 110618,first final report with data,unknown,no,False,True,False,
2025-12-10,KXHIGHNY-25DEC10,KXHIGHNY-25DEC10-T47,greater,47,,nws_climatological_report_daily,4888117a966e4e6a,no,,0.0000,47,2025-12-11T06:18:00+00:00,CDUS41 KOKX 110618,first final report with data,unknown,no,False,True,False,
2025-12-11,KXHIGHNY-25DEC11,KXHIGHNY-25DEC11-B38.5,between,38,39,nws_climatological_report_daily,cec85ac6c6a29892,no,,0.0000,41,2025-12-12T06:24:00+00:00,CDUS41 KOKX 120624,first final report with data,unknown,no,False,True,False,
2025-12-11,KXHIGHNY-25DEC11,KXHIGHNY-25DEC11-B40.5,between,40,41,nws_climatological_report_daily,517d9253c8a7c47e,yes,,1.0000,41,2025-12-12T06:24:00+00:00,CDUS41 KOKX 120624,first final report with data,unknown,yes,False,True,False,
2025-12-11,KXHIGHNY-25DEC11,KXHIGHNY-25DEC11-B42.5,between,42,43,nws_climatological_report_daily,810b94661e79dc0e,no,,0.0000,41,2025-12-12T06:24:00+00:00,CDUS41 KOKX 120624,first final report with data,unknown,no,False,True,False,
2025-12-11,KXHIGHNY-25DEC11,KXHIGHNY-25DEC11-B44.5,between,44,45,nws_climatological_report_daily,1da44bb542e701e0,no,,0.0000,41,2025-12-12T06:24:00+00:00,CDUS41 KOKX 120624,first final report with data,unknown,no,False,True,False,
2025-12-11,KXHIGHNY-25DEC11,KXHIGHNY-25DEC11-T38,less,,38,nws_climatological_report_daily,f79271f4f7bb0b96,no,,0.0000,41,2025-12-12T06:24:00+00:00,CDUS41 KOKX 120624,first final report with data,unknown,no,False,True,False,
2025-12-11,KXHIGHNY-25DEC11,KXHIGHNY-25DEC11-T45,greater,45,,nws_climatological_report_daily,b793ab3ffa3ad98f,no,,0.0000,41,2025-12-12T06:24:00+00:00,CDUS41 KOKX 120624,first final report with data,unknown,no,False,True,False,
2025-12-12,KXHIGHNY-25DEC12,KXHIGHNY-25DEC12-B32.5,between,32,33,nws_climatological_report_daily,fa5878f2dad60985,no,,0.0000,35,2025-12-13T06:45:00+00:00,CDUS41 KOKX 130645,first final report with data,unknown,no,False,True,False,
2025-12-12,KXHIGHNY-25DEC12,KXHIGHNY-25DEC12-B34.5,between,34,35,nws_climatological_report_daily,01be0eb2ab2371f7,yes,,1.0000,35,2025-12-13T06:45:00+00:00,CDUS41 KOKX 130645,first final report with data,unknown,yes,False,True,False,
2025-12-12,KXHIGHNY-25DEC12,KXHIGHNY-25DEC12-B36.5,between,36,37,nws_climatological_report_daily,4705ca1df2eef15b,no,,0.0000,35,2025-12-13T06:45:00+00:00,CDUS41 KOKX 130645,first final report with data,unknown,no,False,True,False,
2025-12-12,KXHIGHNY-25DEC12,KXHIGHNY-25DEC12-B38.5,between,38,39,nws_climatological_report_daily,9667079fec0043b0,no,,0.0000,35,2025-12-13T06:45:00+00:00,CDUS41 KOKX 130645,first final report with data,unknown,no,False,True,False,
2025-12-12,KXHIGHNY-25DEC12,KXHIGHNY-25DEC12-T32,less,,32,nws_climatological_report_daily,5650a231995396a9,no,,0.0000,35,2025-12-13T06:45:00+00:00,CDUS41 KOKX 130645,first final report with data,unknown,no,False,True,False,
2025-12-12,KXHIGHNY-25DEC12,KXHIGHNY-25DEC12-T39,greater,39,,nws_climatological_report_daily,a4fe1dadd964476a,no,,0.0000,35,2025-12-13T06:45:00+00:00,CDUS41 KOKX 130645,first final report with data,unknown,no,False,True,False,
2025-12-13,KXHIGHNY-25DEC13,KXHIGHNY-25DEC13-B36.5,between,36,37,nws_climatological_report_daily,3fac8d6c12e15472,no,,0.0000,41,2025-12-14T06:26:00+00:00,CDUS41 KOKX 140626,first final report with data,unknown,no,False,True,False,
2025-12-13,KXHIGHNY-25DEC13,KXHIGHNY-25DEC13-B38.5,between,38,39,nws_climatological_report_daily,cb2e4fa7a151d6b6,no,,0.0000,41,2025-12-14T06:26:00+00:00,CDUS41 KOKX 140626,first final report with data,unknown,no,False,True,False,
2025-12-13,KXHIGHNY-25DEC13,KXHIGHNY-25DEC13-B40.5,between,40,41,nws_climatological_report_daily,e4fc32abdb7e75db,yes,,1.0000,41,2025-12-14T06:26:00+00:00,CDUS41 KOKX 140626,first final report with data,unknown,yes,False,True,False,
2025-12-13,KXHIGHNY-25DEC13,KXHIGHNY-25DEC13-B42.5,between,42,43,nws_climatological_report_daily,75f8b7ab73c12971,no,,0.0000,41,2025-12-14T06:26:00+00:00,CDUS41 KOKX 140626,first final report with data,unknown,no,False,True,False,
2025-12-13,KXHIGHNY-25DEC13,KXHIGHNY-25DEC13-T36,less,,36,nws_climatological_report_daily,546c3f5cce3c94e7,no,,0.0000,41,2025-12-14T06:26:00+00:00,CDUS41 KOKX 140626,first final report with data,unknown,no,False,True,False,
2025-12-13,KXHIGHNY-25DEC13,KXHIGHNY-25DEC13-T43,greater,43,,nws_climatological_report_daily,fdbcb103037b458d,no,,0.0000,41,2025-12-14T06:26:00+00:00,CDUS41 KOKX 140626,first final report with data,unknown,no,False,True,False,
2025-12-14,KXHIGHNY-25DEC14,KXHIGHNY-25DEC14-B34.5,between,34,35,nws_climatological_report_daily,c385e2dfc0b59a6a,no,,0.0000,33,2025-12-15T06:59:00+00:00,CDUS41 KOKX 150659,first final report with data,unknown,no,False,True,False,
2025-12-14,KXHIGHNY-25DEC14,KXHIGHNY-25DEC14-B36.5,between,36,37,nws_climatological_report_daily,aa07f8bd7a8b45d8,no,,0.0000,33,2025-12-15T06:59:00+00:00,CDUS41 KOKX 150659,first final report with data,unknown,no,False,True,False,
2025-12-14,KXHIGHNY-25DEC14,KXHIGHNY-25DEC14-B38.5,between,38,39,nws_climatological_report_daily,552decd77fc3c6ba,no,,0.0000,33,2025-12-15T06:59:00+00:00,CDUS41 KOKX 150659,first final report with data,unknown,no,False,True,False,
2025-12-14,KXHIGHNY-25DEC14,KXHIGHNY-25DEC14-B40.5,between,40,41,nws_climatological_report_daily,7ed0c74ec2d0de7a,no,,0.0000,33,2025-12-15T06:59:00+00:00,CDUS41 KOKX 150659,first final report with data,unknown,no,False,True,False,
2025-12-14,KXHIGHNY-25DEC14,KXHIGHNY-25DEC14-T34,less,,34,nws_climatological_report_daily,36a3bcf525a1808d,yes,,1.0000,33,2025-12-15T06:59:00+00:00,CDUS41 KOKX 150659,first final report with data,unknown,yes,False,True,False,
2025-12-14,KXHIGHNY-25DEC14,KXHIGHNY-25DEC14-T41,greater,41,,nws_climatological_report_daily,4bfe5c3f9bef494c,no,,0.0000,33,2025-12-15T06:59:00+00:00,CDUS41 KOKX 150659,first final report with data,unknown,no,False,True,False,
2025-12-15,KXHIGHNY-25DEC15,KXHIGHNY-25DEC15-B26.5,between,26,27,nws_climatological_report_daily,5fede9a016b4b229,no,,0.0000,29,2025-12-16T06:19:00+00:00,CDUS41 KOKX 160619,first final report with data,unknown,no,False,True,False,
2025-12-15,KXHIGHNY-25DEC15,KXHIGHNY-25DEC15-B28.5,between,28,29,nws_climatological_report_daily,2229921f7e43563f,yes,,1.0000,29,2025-12-16T06:19:00+00:00,CDUS41 KOKX 160619,first final report with data,unknown,yes,False,True,False,
2025-12-15,KXHIGHNY-25DEC15,KXHIGHNY-25DEC15-B30.5,between,30,31,nws_climatological_report_daily,768a7a80d84da7f7,no,,0.0000,29,2025-12-16T06:19:00+00:00,CDUS41 KOKX 160619,first final report with data,unknown,no,False,True,False,
2025-12-15,KXHIGHNY-25DEC15,KXHIGHNY-25DEC15-B32.5,between,32,33,nws_climatological_report_daily,df6f2a8b78fb090f,no,,0.0000,29,2025-12-16T06:19:00+00:00,CDUS41 KOKX 160619,first final report with data,unknown,no,False,True,False,
2025-12-15,KXHIGHNY-25DEC15,KXHIGHNY-25DEC15-T26,less,,26,nws_climatological_report_daily,e26a8f014608e6be,no,,0.0000,29,2025-12-16T06:19:00+00:00,CDUS41 KOKX 160619,first final report with data,unknown,no,False,True,False,
2025-12-15,KXHIGHNY-25DEC15,KXHIGHNY-25DEC15-T33,greater,33,,nws_climatological_report_daily,8a90a2a436152e23,no,,0.0000,29,2025-12-16T06:19:00+00:00,CDUS41 KOKX 160619,first final report with data,unknown,no,False,True,False,
2025-12-16,KXHIGHNY-25DEC16,KXHIGHNY-25DEC16-B28.5,between,28,29,nws_climatological_report_daily,ac0257cb516f1f35,no,,0.0000,32,2025-12-17T06:17:00+00:00,CDUS41 KOKX 170617,first final report with data,unknown,no,False,True,False,
2025-12-16,KXHIGHNY-25DEC16,KXHIGHNY-25DEC16-B30.5,between,30,31,nws_climatological_report_daily,e5fbd042dd62096b,no,,0.0000,32,2025-12-17T06:17:00+00:00,CDUS41 KOKX 170617,first final report with data,unknown,no,False,True,False,
2025-12-16,KXHIGHNY-25DEC16,KXHIGHNY-25DEC16-B32.5,between,32,33,nws_climatological_report_daily,ac848d6c5de610a0,yes,,1.0000,32,2025-12-17T06:17:00+00:00,CDUS41 KOKX 170617,first final report with data,unknown,yes,False,True,False,
2025-12-16,KXHIGHNY-25DEC16,KXHIGHNY-25DEC16-B34.5,between,34,35,nws_climatological_report_daily,1c5d12ea38903e2d,no,,0.0000,32,2025-12-17T06:17:00+00:00,CDUS41 KOKX 170617,first final report with data,unknown,no,False,True,False,
2025-12-16,KXHIGHNY-25DEC16,KXHIGHNY-25DEC16-T28,less,,28,nws_climatological_report_daily,31d2b7604399eb0b,no,,0.0000,32,2025-12-17T06:17:00+00:00,CDUS41 KOKX 170617,first final report with data,unknown,no,False,True,False,
2025-12-16,KXHIGHNY-25DEC16,KXHIGHNY-25DEC16-T35,greater,35,,nws_climatological_report_daily,4f0d772c9fdbd557,no,,0.0000,32,2025-12-17T06:17:00+00:00,CDUS41 KOKX 170617,first final report with data,unknown,no,False,True,False,
2025-12-17,KXHIGHNY-25DEC17,KXHIGHNY-25DEC17-B43.5,between,43,44,nws_climatological_report_daily,4095c14c4d6fec7e,no,,0.0000,47,2025-12-18T06:32:00+00:00,CDUS41 KOKX 180632,first final report with data,unknown,no,False,True,False,
2025-12-17,KXHIGHNY-25DEC17,KXHIGHNY-25DEC17-B45.5,between,45,46,nws_climatological_report_daily,bf5c99dffac457f3,no,,0.0000,47,2025-12-18T06:32:00+00:00,CDUS41 KOKX 180632,first final report with data,unknown,no,False,True,False,
2025-12-17,KXHIGHNY-25DEC17,KXHIGHNY-25DEC17-B47.5,between,47,48,nws_climatological_report_daily,33056c36a3186a15,yes,,1.0000,47,2025-12-18T06:32:00+00:00,CDUS41 KOKX 180632,first final report with data,unknown,yes,False,True,False,
2025-12-17,KXHIGHNY-25DEC17,KXHIGHNY-25DEC17-B49.5,between,49,50,nws_climatological_report_daily,09297a463ca30a2d,no,,0.0000,47,2025-12-18T06:32:00+00:00,CDUS41 KOKX 180632,first final report with data,unknown,no,False,True,False,
2025-12-17,KXHIGHNY-25DEC17,KXHIGHNY-25DEC17-T43,less,,43,nws_climatological_report_daily,05e09ee2a40c3087,no,,0.0000,47,2025-12-18T06:32:00+00:00,CDUS41 KOKX 180632,first final report with data,unknown,no,False,True,False,
2025-12-17,KXHIGHNY-25DEC17,KXHIGHNY-25DEC17-T50,greater,50,,nws_climatological_report_daily,d64540d4c085ecb6,no,,0.0000,47,2025-12-18T06:32:00+00:00,CDUS41 KOKX 180632,first final report with data,unknown,no,False,True,False,
2025-12-18,KXHIGHNY-25DEC18,KXHIGHNY-25DEC18-B50.5,between,50,51,nws_climatological_report_daily,67d65fe5aea89d62,yes,,1.0000,50,2025-12-19T06:16:00+00:00,CDUS41 KOKX 190616,first final report with data,unknown,yes,False,True,False,
2025-12-18,KXHIGHNY-25DEC18,KXHIGHNY-25DEC18-B52.5,between,52,53,nws_climatological_report_daily,57580cfed51f810f,no,,0.0000,50,2025-12-19T06:16:00+00:00,CDUS41 KOKX 190616,first final report with data,unknown,no,False,True,False,
2025-12-18,KXHIGHNY-25DEC18,KXHIGHNY-25DEC18-B54.5,between,54,55,nws_climatological_report_daily,57333743c6ae31f1,no,,0.0000,50,2025-12-19T06:16:00+00:00,CDUS41 KOKX 190616,first final report with data,unknown,no,False,True,False,
2025-12-18,KXHIGHNY-25DEC18,KXHIGHNY-25DEC18-B56.5,between,56,57,nws_climatological_report_daily,539610efdfedc8a9,no,,0.0000,50,2025-12-19T06:16:00+00:00,CDUS41 KOKX 190616,first final report with data,unknown,no,False,True,False,
2025-12-18,KXHIGHNY-25DEC18,KXHIGHNY-25DEC18-T50,less,,50,nws_climatological_report_daily,e8edb5fad0b8d78a,no,,0.0000,50,2025-12-19T06:16:00+00:00,CDUS41 KOKX 190616,first final report with data,unknown,no,False,True,False,
2025-12-18,KXHIGHNY-25DEC18,KXHIGHNY-25DEC18-T57,greater,57,,nws_climatological_report_daily,7c55bdad42b7c012,no,,0.0000,50,2025-12-19T06:16:00+00:00,CDUS41 KOKX 190616,first final report with data,unknown,no,False,True,False,
2025-12-19,KXHIGHNY-25DEC19,KXHIGHNY-25DEC19-B54.5,between,54,55,nws_climatological_report_daily,a4b8f62f86d2da1a,no,,0.0000,58,2025-12-20T06:19:00+00:00,CDUS41 KOKX 200619,first final report with data,unknown,no,False,True,False,
2025-12-19,KXHIGHNY-25DEC19,KXHIGHNY-25DEC19-B56.5,between,56,57,nws_climatological_report_daily,27f6c2b9677b6814,no,,0.0000,58,2025-12-20T06:19:00+00:00,CDUS41 KOKX 200619,first final report with data,unknown,no,False,True,False,
2025-12-19,KXHIGHNY-25DEC19,KXHIGHNY-25DEC19-B58.5,between,58,59,nws_climatological_report_daily,55fd143359a09d02,yes,,1.0000,58,2025-12-20T06:19:00+00:00,CDUS41 KOKX 200619,first final report with data,unknown,yes,False,True,False,
2025-12-19,KXHIGHNY-25DEC19,KXHIGHNY-25DEC19-B60.5,between,60,61,nws_climatological_report_daily,cd47bd35fa6ece85,no,,0.0000,58,2025-12-20T06:19:00+00:00,CDUS41 KOKX 200619,first final report with data,unknown,no,False,True,False,
2025-12-19,KXHIGHNY-25DEC19,KXHIGHNY-25DEC19-T54,less,,54,nws_climatological_report_daily,604a64997fa41cca,no,,0.0000,58,2025-12-20T06:19:00+00:00,CDUS41 KOKX 200619,first final report with data,unknown,no,False,True,False,
2025-12-19,KXHIGHNY-25DEC19,KXHIGHNY-25DEC19-T61,greater,61,,nws_climatological_report_daily,665d785c565ec43a,no,,0.0000,58,2025-12-20T06:19:00+00:00,CDUS41 KOKX 200619,first final report with data,unknown,no,False,True,False,
2025-12-20,KXHIGHNY-25DEC20,KXHIGHNY-25DEC20-B36.5,between,36,37,nws_climatological_report_daily,8330980409360f04,no,,0.0000,38,2025-12-21T06:16:00+00:00,CDUS41 KOKX 210616,first final report with data,unknown,no,False,True,False,
2025-12-20,KXHIGHNY-25DEC20,KXHIGHNY-25DEC20-B38.5,between,38,39,nws_climatological_report_daily,283e15ca789fc207,yes,,1.0000,38,2025-12-21T06:16:00+00:00,CDUS41 KOKX 210616,first final report with data,unknown,yes,False,True,False,
2025-12-20,KXHIGHNY-25DEC20,KXHIGHNY-25DEC20-B40.5,between,40,41,nws_climatological_report_daily,87b3265b45d48d00,no,,0.0000,38,2025-12-21T06:16:00+00:00,CDUS41 KOKX 210616,first final report with data,unknown,no,False,True,False,
2025-12-20,KXHIGHNY-25DEC20,KXHIGHNY-25DEC20-B42.5,between,42,43,nws_climatological_report_daily,95127cdda9515dcb,no,,0.0000,38,2025-12-21T06:16:00+00:00,CDUS41 KOKX 210616,first final report with data,unknown,no,False,True,False,
2025-12-20,KXHIGHNY-25DEC20,KXHIGHNY-25DEC20-T36,less,,36,nws_climatological_report_daily,6574ea10458c00d8,no,,0.0000,38,2025-12-21T06:16:00+00:00,CDUS41 KOKX 210616,first final report with data,unknown,no,False,True,False,
2025-12-20,KXHIGHNY-25DEC20,KXHIGHNY-25DEC20-T43,greater,43,,nws_climatological_report_daily,960e9376713f2f05,no,,0.0000,38,2025-12-21T06:16:00+00:00,CDUS41 KOKX 210616,first final report with data,unknown,no,False,True,False,
2025-12-21,KXHIGHNY-25DEC21,KXHIGHNY-25DEC21-B40.5,between,40,41,nws_climatological_report_daily,a038ffd549074310,no,,0.0000,46,2025-12-22T06:18:00+00:00,CDUS41 KOKX 220618,first final report with data,unknown,no,False,True,False,
2025-12-21,KXHIGHNY-25DEC21,KXHIGHNY-25DEC21-B42.5,between,42,43,nws_climatological_report_daily,74281ebbf1772cdb,no,,0.0000,46,2025-12-22T06:18:00+00:00,CDUS41 KOKX 220618,first final report with data,unknown,no,False,True,False,
2025-12-21,KXHIGHNY-25DEC21,KXHIGHNY-25DEC21-B44.5,between,44,45,nws_climatological_report_daily,3612ffd0ce288f06,no,,0.0000,46,2025-12-22T06:18:00+00:00,CDUS41 KOKX 220618,first final report with data,unknown,no,False,True,False,
2025-12-21,KXHIGHNY-25DEC21,KXHIGHNY-25DEC21-B46.5,between,46,47,nws_climatological_report_daily,f4c1337b776fb1cd,yes,,1.0000,46,2025-12-22T06:18:00+00:00,CDUS41 KOKX 220618,first final report with data,unknown,yes,False,True,False,
2025-12-21,KXHIGHNY-25DEC21,KXHIGHNY-25DEC21-T40,less,,40,nws_climatological_report_daily,b44256bac622b5cb,no,,0.0000,46,2025-12-22T06:18:00+00:00,CDUS41 KOKX 220618,first final report with data,unknown,no,False,True,False,
2025-12-21,KXHIGHNY-25DEC21,KXHIGHNY-25DEC21-T47,greater,47,,nws_climatological_report_daily,203b7b5dfec9bee6,no,,0.0000,46,2025-12-22T06:18:00+00:00,CDUS41 KOKX 220618,first final report with data,unknown,no,False,True,False,
2025-12-22,KXHIGHNY-25DEC22,KXHIGHNY-25DEC22-B36.5,between,36,37,nws_climatological_report_daily,63de54a46ee94ef8,no,,0.0000,39,2025-12-23T06:18:00+00:00,CDUS41 KOKX 230618,first final report with data,unknown,no,False,True,False,
2025-12-22,KXHIGHNY-25DEC22,KXHIGHNY-25DEC22-B38.5,between,38,39,nws_climatological_report_daily,341a354adcba5741,yes,,1.0000,39,2025-12-23T06:18:00+00:00,CDUS41 KOKX 230618,first final report with data,unknown,yes,False,True,False,
2025-12-22,KXHIGHNY-25DEC22,KXHIGHNY-25DEC22-B40.5,between,40,41,nws_climatological_report_daily,06de7602ef9b6305,no,,0.0000,39,2025-12-23T06:18:00+00:00,CDUS41 KOKX 230618,first final report with data,unknown,no,False,True,False,
2025-12-22,KXHIGHNY-25DEC22,KXHIGHNY-25DEC22-B42.5,between,42,43,nws_climatological_report_daily,8ae84d49c63cbc42,no,,0.0000,39,2025-12-23T06:18:00+00:00,CDUS41 KOKX 230618,first final report with data,unknown,no,False,True,False,
2025-12-22,KXHIGHNY-25DEC22,KXHIGHNY-25DEC22-T36,less,,36,nws_climatological_report_daily,c4bef705f6fd5bb0,no,,0.0000,39,2025-12-23T06:18:00+00:00,CDUS41 KOKX 230618,first final report with data,unknown,no,False,True,False,
2025-12-22,KXHIGHNY-25DEC22,KXHIGHNY-25DEC22-T43,greater,43,,nws_climatological_report_daily,a278931323bb2caa,no,,0.0000,39,2025-12-23T06:18:00+00:00,CDUS41 KOKX 230618,first final report with data,unknown,no,False,True,False,
2025-12-23,KXHIGHNY-25DEC23,KXHIGHNY-25DEC23-B38.5,between,38,39,nws_climatological_report_daily,b36e05fcc40fd5c7,no,,0.0000,40,2025-12-24T06:22:00+00:00,CDUS41 KOKX 240622,first final report with data,unknown,no,False,True,False,
2025-12-23,KXHIGHNY-25DEC23,KXHIGHNY-25DEC23-B40.5,between,40,41,nws_climatological_report_daily,f21863bc3b0469cc,yes,,1.0000,40,2025-12-24T06:22:00+00:00,CDUS41 KOKX 240622,first final report with data,unknown,yes,False,True,False,
2025-12-23,KXHIGHNY-25DEC23,KXHIGHNY-25DEC23-B42.5,between,42,43,nws_climatological_report_daily,3657c5275d75da31,no,,0.0000,40,2025-12-24T06:22:00+00:00,CDUS41 KOKX 240622,first final report with data,unknown,no,False,True,False,
2025-12-23,KXHIGHNY-25DEC23,KXHIGHNY-25DEC23-B44.5,between,44,45,nws_climatological_report_daily,8be0d1b26a25ed55,no,,0.0000,40,2025-12-24T06:22:00+00:00,CDUS41 KOKX 240622,first final report with data,unknown,no,False,True,False,
2025-12-23,KXHIGHNY-25DEC23,KXHIGHNY-25DEC23-T38,less,,38,nws_climatological_report_daily,7eea87c34b434960,no,,0.0000,40,2025-12-24T06:22:00+00:00,CDUS41 KOKX 240622,first final report with data,unknown,no,False,True,False,
2025-12-23,KXHIGHNY-25DEC23,KXHIGHNY-25DEC23-T45,greater,45,,nws_climatological_report_daily,a864d8aa1ccaa9c6,no,,0.0000,40,2025-12-24T06:22:00+00:00,CDUS41 KOKX 240622,first final report with data,unknown,no,False,True,False,
2025-12-24,KXHIGHNY-25DEC24,KXHIGHNY-25DEC24-B40.5,between,40,41,nws_climatological_report_daily,0b7b00a5acb40166,no,,0.0000,46,2025-12-25T06:26:00+00:00,CDUS41 KOKX 250626,first final report with data,unknown,no,False,True,False,
2025-12-24,KXHIGHNY-25DEC24,KXHIGHNY-25DEC24-B42.5,between,42,43,nws_climatological_report_daily,6b3a02eb6e8a2e53,no,,0.0000,46,2025-12-25T06:26:00+00:00,CDUS41 KOKX 250626,first final report with data,unknown,no,False,True,False,
2025-12-24,KXHIGHNY-25DEC24,KXHIGHNY-25DEC24-B44.5,between,44,45,nws_climatological_report_daily,17632733042de59a,no,,0.0000,46,2025-12-25T06:26:00+00:00,CDUS41 KOKX 250626,first final report with data,unknown,no,False,True,False,
2025-12-24,KXHIGHNY-25DEC24,KXHIGHNY-25DEC24-B46.5,between,46,47,nws_climatological_report_daily,494e17feb1a1874c,yes,,1.0000,46,2025-12-25T06:26:00+00:00,CDUS41 KOKX 250626,first final report with data,unknown,yes,False,True,False,
2025-12-24,KXHIGHNY-25DEC24,KXHIGHNY-25DEC24-T40,less,,40,nws_climatological_report_daily,186b86a944e6c5ac,no,,0.0000,46,2025-12-25T06:26:00+00:00,CDUS41 KOKX 250626,first final report with data,unknown,no,False,True,False,
2025-12-24,KXHIGHNY-25DEC24,KXHIGHNY-25DEC24-T47,greater,47,,nws_climatological_report_daily,c85e4ab1aea8bfce,no,,0.0000,46,2025-12-25T06:26:00+00:00,CDUS41 KOKX 250626,first final report with data,unknown,no,False,True,False,
2025-12-25,KXHIGHNY-25DEC25,KXHIGHNY-25DEC25-B41.5,between,41,42,nws_climatological_report_daily,7bf02ba24ef77646,no,,0.0000,49,2025-12-26T06:20:00+00:00,CDUS41 KOKX 260620,first final report with data,unknown,no,False,True,False,
2025-12-25,KXHIGHNY-25DEC25,KXHIGHNY-25DEC25-B43.5,between,43,44,nws_climatological_report_daily,e3f994a2728bb434,no,,0.0000,49,2025-12-26T06:20:00+00:00,CDUS41 KOKX 260620,first final report with data,unknown,no,False,True,False,
2025-12-25,KXHIGHNY-25DEC25,KXHIGHNY-25DEC25-B45.5,between,45,46,nws_climatological_report_daily,e4e67c0e86a35a5d,no,,0.0000,49,2025-12-26T06:20:00+00:00,CDUS41 KOKX 260620,first final report with data,unknown,no,False,True,False,
2025-12-25,KXHIGHNY-25DEC25,KXHIGHNY-25DEC25-B47.5,between,47,48,nws_climatological_report_daily,9c256f46717c785b,no,,0.0000,49,2025-12-26T06:20:00+00:00,CDUS41 KOKX 260620,first final report with data,unknown,no,False,True,False,
2025-12-25,KXHIGHNY-25DEC25,KXHIGHNY-25DEC25-T41,less,,41,nws_climatological_report_daily,da985a4a859c2097,no,,0.0000,49,2025-12-26T06:20:00+00:00,CDUS41 KOKX 260620,first final report with data,unknown,no,False,True,False,
2025-12-25,KXHIGHNY-25DEC25,KXHIGHNY-25DEC25-T48,greater,48,,nws_climatological_report_daily,a4217b75db74d3a7,yes,,1.0000,49,2025-12-26T06:20:00+00:00,CDUS41 KOKX 260620,first final report with data,unknown,yes,False,True,False,
2025-12-26,KXHIGHNY-25DEC26,KXHIGHNY-25DEC26-B27.5,between,27,28,nws_climatological_report_daily,c0c61a3db723f6e8,no,,0.0000,29,2025-12-27T06:24:00+00:00,CDUS41 KOKX 270624,first final report with data,unknown,no,False,True,False,
2025-12-26,KXHIGHNY-25DEC26,KXHIGHNY-25DEC26-B29.5,between,29,30,nws_climatological_report_daily,974b3caeaa0cbe0c,yes,,1.0000,29,2025-12-27T06:24:00+00:00,CDUS41 KOKX 270624,first final report with data,unknown,yes,False,True,False,
2025-12-26,KXHIGHNY-25DEC26,KXHIGHNY-25DEC26-B31.5,between,31,32,nws_climatological_report_daily,9d612cd4970edf34,no,,0.0000,29,2025-12-27T06:24:00+00:00,CDUS41 KOKX 270624,first final report with data,unknown,no,False,True,False,
2025-12-26,KXHIGHNY-25DEC26,KXHIGHNY-25DEC26-B33.5,between,33,34,nws_climatological_report_daily,9194929134bdf706,no,,0.0000,29,2025-12-27T06:24:00+00:00,CDUS41 KOKX 270624,first final report with data,unknown,no,False,True,False,
2025-12-26,KXHIGHNY-25DEC26,KXHIGHNY-25DEC26-T27,less,,27,nws_climatological_report_daily,7c0833f0d455e142,no,,0.0000,29,2025-12-27T06:24:00+00:00,CDUS41 KOKX 270624,first final report with data,unknown,no,False,True,False,
2025-12-26,KXHIGHNY-25DEC26,KXHIGHNY-25DEC26-T34,greater,34,,nws_climatological_report_daily,e0bd01e9df991dc2,no,,0.0000,29,2025-12-27T06:24:00+00:00,CDUS41 KOKX 270624,first final report with data,unknown,no,False,True,False,
2025-12-27,KXHIGHNY-25DEC27,KXHIGHNY-25DEC27-B29.5,between,29,30,nws_climatological_report_daily,a65af602bef6168e,no,,0.0000,31,2025-12-28T06:26:00+00:00,CDUS41 KOKX 280626,first final report with data,unknown,no,False,True,False,
2025-12-27,KXHIGHNY-25DEC27,KXHIGHNY-25DEC27-B31.5,between,31,32,nws_climatological_report_daily,40dbcbc7b8336b36,yes,,1.0000,31,2025-12-28T06:26:00+00:00,CDUS41 KOKX 280626,first final report with data,unknown,yes,False,True,False,
2025-12-27,KXHIGHNY-25DEC27,KXHIGHNY-25DEC27-B33.5,between,33,34,nws_climatological_report_daily,1d44e644afa63016,no,,0.0000,31,2025-12-28T06:26:00+00:00,CDUS41 KOKX 280626,first final report with data,unknown,no,False,True,False,
2025-12-27,KXHIGHNY-25DEC27,KXHIGHNY-25DEC27-B35.5,between,35,36,nws_climatological_report_daily,558c914e916c6258,no,,0.0000,31,2025-12-28T06:26:00+00:00,CDUS41 KOKX 280626,first final report with data,unknown,no,False,True,False,
2025-12-27,KXHIGHNY-25DEC27,KXHIGHNY-25DEC27-T29,less,,29,nws_climatological_report_daily,4789fff5dfb1a185,no,,0.0000,31,2025-12-28T06:26:00+00:00,CDUS41 KOKX 280626,first final report with data,unknown,no,False,True,False,
2025-12-27,KXHIGHNY-25DEC27,KXHIGHNY-25DEC27-T36,greater,36,,nws_climatological_report_daily,d827a7351a322bb4,no,,0.0000,31,2025-12-28T06:26:00+00:00,CDUS41 KOKX 280626,first final report with data,unknown,no,False,True,False,
2025-12-28,KXHIGHNY-25DEC28,KXHIGHNY-25DEC28-B37.5,between,37,38,nws_climatological_report_daily,401978e3f853f47b,no,,0.0000,39,2025-12-29T06:24:00+00:00,CDUS41 KOKX 290624,first final report with data,unknown,no,False,True,False,
2025-12-28,KXHIGHNY-25DEC28,KXHIGHNY-25DEC28-B39.5,between,39,40,nws_climatological_report_daily,aefc63959b0314aa,yes,,1.0000,39,2025-12-29T06:24:00+00:00,CDUS41 KOKX 290624,first final report with data,unknown,yes,False,True,False,
2025-12-28,KXHIGHNY-25DEC28,KXHIGHNY-25DEC28-B41.5,between,41,42,nws_climatological_report_daily,28ec16e1f60b09c7,no,,0.0000,39,2025-12-29T06:24:00+00:00,CDUS41 KOKX 290624,first final report with data,unknown,no,False,True,False,
2025-12-28,KXHIGHNY-25DEC28,KXHIGHNY-25DEC28-B43.5,between,43,44,nws_climatological_report_daily,acbb8ea5e7065f60,no,,0.0000,39,2025-12-29T06:24:00+00:00,CDUS41 KOKX 290624,first final report with data,unknown,no,False,True,False,
2025-12-28,KXHIGHNY-25DEC28,KXHIGHNY-25DEC28-T37,less,,37,nws_climatological_report_daily,a720713cdba62a37,no,,0.0000,39,2025-12-29T06:24:00+00:00,CDUS41 KOKX 290624,first final report with data,unknown,no,False,True,False,
2025-12-28,KXHIGHNY-25DEC28,KXHIGHNY-25DEC28-T44,greater,44,,nws_climatological_report_daily,01026834d73d98bd,no,,0.0000,39,2025-12-29T06:24:00+00:00,CDUS41 KOKX 290624,first final report with data,unknown,no,False,True,False,
2025-12-29,KXHIGHNY-25DEC29,KXHIGHNY-25DEC29-B46.5,between,46,47,nws_climatological_report_daily,2d0f4af680abb5ee,no,,0.0000,49,2025-12-30T06:34:00+00:00,CDUS41 KOKX 300634,first final report with data,unknown,no,False,True,False,
2025-12-29,KXHIGHNY-25DEC29,KXHIGHNY-25DEC29-B48.5,between,48,49,nws_climatological_report_daily,59fb549f05b52533,yes,,1.0000,49,2025-12-30T06:34:00+00:00,CDUS41 KOKX 300634,first final report with data,unknown,yes,False,True,False,
2025-12-29,KXHIGHNY-25DEC29,KXHIGHNY-25DEC29-B50.5,between,50,51,nws_climatological_report_daily,ee87b25ca737dc91,no,,0.0000,49,2025-12-30T06:34:00+00:00,CDUS41 KOKX 300634,first final report with data,unknown,no,False,True,False,
2025-12-29,KXHIGHNY-25DEC29,KXHIGHNY-25DEC29-B52.5,between,52,53,nws_climatological_report_daily,5cc8abe3e22707f0,no,,0.0000,49,2025-12-30T06:34:00+00:00,CDUS41 KOKX 300634,first final report with data,unknown,no,False,True,False,
2025-12-29,KXHIGHNY-25DEC29,KXHIGHNY-25DEC29-T46,less,,46,nws_climatological_report_daily,6f9ada1ebaecfaa5,no,,0.0000,49,2025-12-30T06:34:00+00:00,CDUS41 KOKX 300634,first final report with data,unknown,no,False,True,False,
2025-12-29,KXHIGHNY-25DEC29,KXHIGHNY-25DEC29-T53,greater,53,,nws_climatological_report_daily,d0211b8cdce1dbf9,no,,0.0000,49,2025-12-30T06:34:00+00:00,CDUS41 KOKX 300634,first final report with data,unknown,no,False,True,False,
2025-12-30,KXHIGHNY-25DEC30,KXHIGHNY-25DEC30-B30.5,between,30,31,nws_climatological_report_daily,6b92b652aede179b,no,,0.0000,33,2025-12-31T06:35:00+00:00,CDUS41 KOKX 310635,first final report with data,unknown,no,False,True,False,
2025-12-30,KXHIGHNY-25DEC30,KXHIGHNY-25DEC30-B32.5,between,32,33,nws_climatological_report_daily,05b50d56250ff5cb,yes,,1.0000,33,2025-12-31T06:35:00+00:00,CDUS41 KOKX 310635,first final report with data,unknown,yes,False,True,False,
2025-12-30,KXHIGHNY-25DEC30,KXHIGHNY-25DEC30-B34.5,between,34,35,nws_climatological_report_daily,2f8916a94324f356,no,,0.0000,33,2025-12-31T06:35:00+00:00,CDUS41 KOKX 310635,first final report with data,unknown,no,False,True,False,
2025-12-30,KXHIGHNY-25DEC30,KXHIGHNY-25DEC30-B36.5,between,36,37,nws_climatological_report_daily,48c595e548d386a6,no,,0.0000,33,2025-12-31T06:35:00+00:00,CDUS41 KOKX 310635,first final report with data,unknown,no,False,True,False,
2025-12-30,KXHIGHNY-25DEC30,KXHIGHNY-25DEC30-T30,less,,30,nws_climatological_report_daily,fc04e1363c2181bd,no,,0.0000,33,2025-12-31T06:35:00+00:00,CDUS41 KOKX 310635,first final report with data,unknown,no,False,True,False,
2025-12-30,KXHIGHNY-25DEC30,KXHIGHNY-25DEC30-T37,greater,37,,nws_climatological_report_daily,5ae567ebe96fe0a8,no,,0.0000,33,2025-12-31T06:35:00+00:00,CDUS41 KOKX 310635,first final report with data,unknown,no,False,True,False,
2025-12-31,KXHIGHNY-25DEC31,KXHIGHNY-25DEC31-B31.5,between,31,32,nws_climatological_report_daily,1f3d5b37bdfc0959,no,,0.0000,33,2026-01-01T06:25:00+00:00,CDUS41 KOKX 010625,first final report with data,unknown,no,False,True,False,
2025-12-31,KXHIGHNY-25DEC31,KXHIGHNY-25DEC31-B33.5,between,33,34,nws_climatological_report_daily,b53be18156498071,yes,,1.0000,33,2026-01-01T06:25:00+00:00,CDUS41 KOKX 010625,first final report with data,unknown,yes,False,True,False,
2025-12-31,KXHIGHNY-25DEC31,KXHIGHNY-25DEC31-B35.5,between,35,36,nws_climatological_report_daily,b2fe0f2ab25b869a,no,,0.0000,33,2026-01-01T06:25:00+00:00,CDUS41 KOKX 010625,first final report with data,unknown,no,False,True,False,
2025-12-31,KXHIGHNY-25DEC31,KXHIGHNY-25DEC31-B37.5,between,37,38,nws_climatological_report_daily,935c01a129a12b6d,no,,0.0000,33,2026-01-01T06:25:00+00:00,CDUS41 KOKX 010625,first final report with data,unknown,no,False,True,False,
2025-12-31,KXHIGHNY-25DEC31,KXHIGHNY-25DEC31-T31,less,,31,nws_climatological_report_daily,c298fd8fed24e51f,no,,0.0000,33,2026-01-01T06:25:00+00:00,CDUS41 KOKX 010625,first final report with data,unknown,no,False,True,False,
2025-12-31,KXHIGHNY-25DEC31,KXHIGHNY-25DEC31-T38,greater,38,,nws_climatological_report_daily,69f05c48274b1b7f,no,,0.0000,33,2026-01-01T06:25:00+00:00,CDUS41 KOKX 010625,first final report with data,unknown,no,False,True,False,
