target_date,event_ticker,market_ticker,strike_type,floor_strike,cap_strike,rules_source,rules_hash,kalshi_result,kalshi_expiration_value,settlement_value_dollars,nws_cli_max_f,nws_cli_issued_utc,nws_cli_wmo_header,nws_cli_basis,expected_from_kalshi_value,expected_from_nws_cli,match_kalshi_value,match_nws_cli,strikes_from_rules_text,explanation
2024-01-01,HIGHNY-24JAN01,HIGHNY-24JAN01-B42.5,between,42,43,nws_climatological_report_daily,1fd611f12a3bba48,no,,0.0000,47,2024-01-02T06:22:00+00:00,CDUS41 KOKX 020622,nhigh: first final report with data,no,no,True,True,False,
2024-01-01,HIGHNY-24JAN01,HIGHNY-24JAN01-B44.5,between,44,45,nws_climatological_report_daily,1fd611f12a3bba48,no,,0.0000,47,2024-01-02T06:22:00+00:00,CDUS41 KOKX 020622,nhigh: first final report with data,no,no,True,True,False,
2024-01-01,HIGHNY-24JAN01,HIGHNY-24JAN01-B46.5,between,46,47,nws_climatological_report_daily,1fd611f12a3bba48,yes,47.00,1.0000,47,2024-01-02T06:22:00+00:00,CDUS41 KOKX 020622,nhigh: first final report with data,yes,yes,True,True,False,
2024-01-01,HIGHNY-24JAN01,HIGHNY-24JAN01-B48.5,between,48,49,nws_climatological_report_daily,1fd611f12a3bba48,no,,0.0000,47,2024-01-02T06:22:00+00:00,CDUS41 KOKX 020622,nhigh: first final report with data,no,no,True,True,False,
2024-01-01,HIGHNY-24JAN01,HIGHNY-24JAN01-T42,less,,42,nws_climatological_report_daily,1fd611f12a3bba48,no,,0.0000,47,2024-01-02T06:22:00+00:00,CDUS41 KOKX 020622,nhigh: first final report with data,no,no,True,True,False,
2024-01-01,HIGHNY-24JAN01,HIGHNY-24JAN01-T49,greater,49,,nws_climatological_report_daily,1fd611f12a3bba48,no,,0.0000,47,2024-01-02T06:22:00+00:00,CDUS41 KOKX 020622,nhigh: first final report with data,no,no,True,True,False,
2024-01-02,HIGHNY-24JAN02,HIGHNY-24JAN02-B42.5,between,42,43,nws_climatological_report_daily,1fd611f12a3bba48,yes,42.00,1.0000,42,2024-01-03T06:20:00+00:00,CDUS41 KOKX 030620,nhigh: first final report with data,yes,yes,True,True,False,
2024-01-02,HIGHNY-24JAN02,HIGHNY-24JAN02-B44.5,between,44,45,nws_climatological_report_daily,1fd611f12a3bba48,no,,0.0000,42,2024-01-03T06:20:00+00:00,CDUS41 KOKX 030620,nhigh: first final report with data,no,no,True,True,False,
2024-01-02,HIGHNY-24JAN02,HIGHNY-24JAN02-B46.5,between,46,47,nws_climatological_report_daily,1fd611f12a3bba48,no,,0.0000,42,2024-01-03T06:20:00+00:00,CDUS41 KOKX 030620,nhigh: first final report with data,no,no,True,True,False,
2024-01-02,HIGHNY-24JAN02,HIGHNY-24JAN02-B48.5,between,48,49,nws_climatological_report_daily,1fd611f12a3bba48,no,,0.0000,42,2024-01-03T06:20:00+00:00,CDUS41 KOKX 030620,nhigh: first final report with data,no,no,True,True,False,
2024-01-02,HIGHNY-24JAN02,HIGHNY-24JAN02-T42,less,,42,nws_climatological_report_daily,1fd611f12a3bba48,no,,0.0000,42,2024-01-03T06:20:00+00:00,CDUS41 KOKX 030620,nhigh: first final report with data,no,no,True,True,False,
2024-01-02,HIGHNY-24JAN02,HIGHNY-24JAN02-T49,greater,49,,nws_climatological_report_daily,1fd611f12a3bba48,no,,0.0000,42,2024-01-03T06:20:00+00:00,CDUS41 KOKX 030620,nhigh: first final report with data,no,no,True,True,False,
2024-01-03,HIGHNY-24JAN03,HIGHNY-24JAN03-B42.5,between,42,43,nws_climatological_report_daily,1fd611f12a3bba48,yes,43.00,1.0000,43,2024-01-04T06:18:00+00:00,CDUS41 KOKX 040618,nhigh: first final report with data,yes,yes,True,True,False,
2024-01-03,HIGHNY-24JAN03,HIGHNY-24JAN03-B44.5,between,44,45,nws_climatological_report_daily,1fd611f12a3bba48,no,,0.0000,43,2024-01-04T06:18:00+00:00,CDUS41 KOKX 040618,nhigh: first final report with data,no,no,True,True,False,
2024-01-03,HIGHNY-24JAN03,HIGHNY-24JAN03-B46.5,between,46,47,nws_climatological_report_daily,1fd611f12a3bba48,no,,0.0000,43,2024-01-04T06:18:00+00:00,CDUS41 KOKX 040618,nhigh: first final report with data,no,no,True,True,False,
2024-01-03,HIGHNY-24JAN03,HIGHNY-24JAN03-B48.5,between,48,49,nws_climatological_report_daily,1fd611f12a3bba48,no,,0.0000,43,2024-01-04T06:18:00+00:00,CDUS41 KOKX 040618,nhigh: first final report with data,no,no,True,True,False,
2024-01-03,HIGHNY-24JAN03,HIGHNY-24JAN03-T42,less,,42,nws_climatological_report_daily,1fd611f12a3bba48,no,,0.0000,43,2024-01-04T06:18:00+00:00,CDUS41 KOKX 040618,nhigh: first final report with data,no,no,True,True,False,
2024-01-03,HIGHNY-24JAN03,HIGHNY-24JAN03-T49,greater,49,,nws_climatological_report_daily,1fd611f12a3bba48,no,,0.0000,43,2024-01-04T06:18:00+00:00,CDUS41 KOKX 040618,nhigh: first final report with data,no,no,True,True,False,
2024-01-04,HIGHNY-24JAN04,HIGHNY-24JAN04-B41.5,between,41,42,nws_climatological_report_daily,1fd611f12a3bba48,no,,0.0000,45,2024-01-05T06:23:00+00:00,CDUS41 KOKX 050623,nhigh: first final report with data,no,no,True,True,False,
2024-01-04,HIGHNY-24JAN04,HIGHNY-24JAN04-B43.5,between,43,44,nws_climatological_report_daily,1fd611f12a3bba48,no,,0.0000,45,2024-01-05T06:23:00+00:00,CDUS41 KOKX 050623,nhigh: first final report with data,no,no,True,True,False,
2024-01-04,HIGHNY-24JAN04,HIGHNY-24JAN04-B45.5,between,45,46,nws_climatological_report_daily,1fd611f12a3bba48,yes,45.00,1.0000,45,2024-01-05T06:23:00+00:00,CDUS41 KOKX 050623,nhigh: first final report with data,yes,yes,True,True,False,
2024-01-04,HIGHNY-24JAN04,HIGHNY-24JAN04-B47.5,between,47,48,nws_climatological_report_daily,1fd611f12a3bba48,no,,0.0000,45,2024-01-05T06:23:00+00:00,CDUS41 KOKX 050623,nhigh: first final report with data,no,no,True,True,False,
2024-01-04,HIGHNY-24JAN04,HIGHNY-24JAN04-T41,less,,41,nws_climatological_report_daily,1fd611f12a3bba48,no,,0.0000,45,2024-01-05T06:23:00+00:00,CDUS41 KOKX 050623,nhigh: first final report with data,no,no,True,True,False,
2024-01-04,HIGHNY-24JAN04,HIGHNY-24JAN04-T48,greater,48,,nws_climatological_report_daily,1fd611f12a3bba48,no,,0.0000,45,2024-01-05T06:23:00+00:00,CDUS41 KOKX 050623,nhigh: first final report with data,no,no,True,True,False,
2024-01-05,HIGHNY-24JAN05,HIGHNY-24JAN05-B33.5,between,33,34,nws_climatological_report_daily,1fd611f12a3bba48,no,,0.0000,37,2024-01-06T06:22:00+00:00,CDUS41 KOKX 060622,nhigh: first final report with data,no,no,True,True,False,
2024-01-05,HIGHNY-24JAN05,HIGHNY-24JAN05-B35.5,between,35,36,nws_climatological_report_daily,1fd611f12a3bba48,no,,0.0000,37,2024-01-06T06:22:00+00:00,CDUS41 KOKX 060622,nhigh: first final report with data,no,no,True,True,False,
2024-01-05,HIGHNY-24JAN05,HIGHNY-24JAN05-B37.5,between,37,38,nws_climatological_report_daily,1fd611f12a3bba48,yes,37.00,1.0000,37,2024-01-06T06:22:00+00:00,CDUS41 KOKX 060622,nhigh: first final report with data,yes,yes,True,True,False,
2024-01-05,HIGHNY-24JAN05,HIGHNY-24JAN05-B39.5,between,39,40,nws_climatological_report_daily,1fd611f12a3bba48,no,,0.0000,37,2024-01-06T06:22:00+00:00,CDUS41 KOKX 060622,nhigh: first final report with data,no,no,True,True,False,
2024-01-05,HIGHNY-24JAN05,HIGHNY-24JAN05-T33,less,,33,nws_climatological_report_daily,1fd611f12a3bba48,no,,0.0000,37,2024-01-06T06:22:00+00:00,CDUS41 KOKX 060622,nhigh: first final report with data,no,no,True,True,False,
2024-01-05,HIGHNY-24JAN05,HIGHNY-24JAN05-T40,greater,40,,nws_climatological_report_daily,1fd611f12a3bba48,no,,0.0000,37,2024-01-06T06:22:00+00:00,CDUS41 KOKX 060622,nhigh: first final report with data,no,no,True,True,False,
2024-01-06,HIGHNY-24JAN06,HIGHNY-24JAN06-B35.5,between,35,36,nws_climatological_report_daily,1fd611f12a3bba48,no,,0.0000,38,2024-01-07T06:30:00+00:00,CDUS41 KOKX 070630,nhigh: first final report with data,no,no,True,True,False,
2024-01-06,HIGHNY-24JAN06,HIGHNY-24JAN06-B37.5,between,37,38,nws_climatological_report_daily,1fd611f12a3bba48,yes,38.00,1.0000,38,2024-01-07T06:30:00+00:00,CDUS41 KOKX 070630,nhigh: first final report with data,yes,yes,True,True,False,
2024-01-06,HIGHNY-24JAN06,HIGHNY-24JAN06-B39.5,between,39,40,nws_climatological_report_daily,1fd611f12a3bba48,no,,0.0000,38,2024-01-07T06:30:00+00:00,CDUS41 KOKX 070630,nhigh: first final report with data,no,no,True,True,False,
2024-01-06,HIGHNY-24JAN06,HIGHNY-24JAN06-B41.5,between,41,42,nws_climatological_report_daily,1fd611f12a3bba48,no,,0.0000,38,2024-01-07T06:30:00+00:00,CDUS41 KOKX 070630,nhigh: first final report with data,no,no,True,True,False,
2024-01-06,HIGHNY-24JAN06,HIGHNY-24JAN06-T35,less,,35,nws_climatological_report_daily,1fd611f12a3bba48,no,,0.0000,38,2024-01-07T06:30:00+00:00,CDUS41 KOKX 070630,nhigh: first final report with data,no,no,True,True,False,
2024-01-06,HIGHNY-24JAN06,HIGHNY-24JAN06-T42,greater,42,,nws_climatological_report_daily,1fd611f12a3bba48,no,,0.0000,38,2024-01-07T06:30:00+00:00,CDUS41 KOKX 070630,nhigh: first final report with data,no,no,True,True,False,
2024-01-07,HIGHNY-24JAN07,HIGHNY-24JAN07-B31.5,between,31,32,nws_climatological_report_daily,1fd611f12a3bba48,no,,0.0000,38,2024-01-08T06:24:00+00:00,CDUS41 KOKX 080624,nhigh: first final report with data,no,no,True,True,False,
2024-01-07,HIGHNY-24JAN07,HIGHNY-24JAN07-B33.5,between,33,34,nws_climatological_report_daily,1fd611f12a3bba48,no,,0.0000,38,2024-01-08T06:24:00+00:00,CDUS41 KOKX 080624,nhigh: first final report with data,no,no,True,True,False,
2024-01-07,HIGHNY-24JAN07,HIGHNY-24JAN07-B35.5,between,35,36,nws_climatological_report_daily,1fd611f12a3bba48,no,,0.0000,38,2024-01-08T06:24:00+00:00,CDUS41 KOKX 080624,nhigh: first final report with data,no,no,True,True,False,
2024-01-07,HIGHNY-24JAN07,HIGHNY-24JAN07-B37.5,between,37,38,nws_climatological_report_daily,1fd611f12a3bba48,yes,38.00,1.0000,38,2024-01-08T06:24:00+00:00,CDUS41 KOKX 080624,nhigh: first final report with data,yes,yes,True,True,False,
2024-01-07,HIGHNY-24JAN07,HIGHNY-24JAN07-T31,less,,31,nws_climatological_report_daily,1fd611f12a3bba48,no,,0.0000,38,2024-01-08T06:24:00+00:00,CDUS41 KOKX 080624,nhigh: first final report with data,no,no,True,True,False,
2024-01-07,HIGHNY-24JAN07,HIGHNY-24JAN07-T38,greater,38,,nws_climatological_report_daily,1fd611f12a3bba48,no,,0.0000,38,2024-01-08T06:24:00+00:00,CDUS41 KOKX 080624,nhigh: first final report with data,no,no,True,True,False,
2024-01-08,HIGHNY-24JAN08,HIGHNY-24JAN08-B38.5,between,38,39,nws_climatological_report_daily,1fd611f12a3bba48,no,,0.0000,45,2024-01-09T06:22:00+00:00,CDUS41 KOKX 090622,nhigh: first final report with data,no,no,True,True,False,
2024-01-08,HIGHNY-24JAN08,HIGHNY-24JAN08-B40.5,between,40,41,nws_climatological_report_daily,1fd611f12a3bba48,no,,0.0000,45,2024-01-09T06:22:00+00:00,CDUS41 KOKX 090622,nhigh: first final report with data,no,no,True,True,False,
2024-01-08,HIGHNY-24JAN08,HIGHNY-24JAN08-B42.5,between,42,43,nws_climatological_report_daily,1fd611f12a3bba48,no,,0.0000,45,2024-01-09T06:22:00+00:00,CDUS41 KOKX 090622,nhigh: first final report with data,no,no,True,True,False,
2024-01-08,HIGHNY-24JAN08,HIGHNY-24JAN08-B44.5,between,44,45,nws_climatological_report_daily,1fd611f12a3bba48,yes,45.00,1.0000,45,2024-01-09T06:22:00+00:00,CDUS41 KOKX 090622,nhigh: first final report with data,yes,yes,True,True,False,
2024-01-08,HIGHNY-24JAN08,HIGHNY-24JAN08-T38,less,,38,nws_climatological_report_daily,1fd611f12a3bba48,no,,0.0000,45,2024-01-09T06:22:00+00:00,CDUS41 KOKX 090622,nhigh: first final report with data,no,no,True,True,False,
2024-01-08,HIGHNY-24JAN08,HIGHNY-24JAN08-T45,greater,45,,nws_climatological_report_daily,1fd611f12a3bba48,no,,0.0000,45,2024-01-09T06:22:00+00:00,CDUS41 KOKX 090622,nhigh: first final report with data,no,no,True,True,False,
2024-01-09,HIGHNY-24JAN09,HIGHNY-24JAN09-B47.5,between,47,48,nws_climatological_report_daily,1fd611f12a3bba48,no,,0.0000,57,2024-01-10T06:59:00+00:00,CDUS41 KOKX 100659,nhigh: first final report with data,no,no,True,True,False,
2024-01-09,HIGHNY-24JAN09,HIGHNY-24JAN09-B49.5,between,49,50,nws_climatological_report_daily,1fd611f12a3bba48,no,,0.0000,57,2024-01-10T06:59:00+00:00,CDUS41 KOKX 100659,nhigh: first final report with data,no,no,True,True,False,
2024-01-09,HIGHNY-24JAN09,HIGHNY-24JAN09-B51.5,between,51,52,nws_climatological_report_daily,1fd611f12a3bba48,no,,0.0000,57,2024-01-10T06:59:00+00:00,CDUS41 KOKX 100659,nhigh: first final report with data,no,no,True,True,False,
2024-01-09,HIGHNY-24JAN09,HIGHNY-24JAN09-B53.5,between,53,54,nws_climatological_report_daily,1fd611f12a3bba48,no,,0.0000,57,2024-01-10T06:59:00+00:00,CDUS41 KOKX 100659,nhigh: first final report with data,no,no,True,True,False,
2024-01-09,HIGHNY-24JAN09,HIGHNY-24JAN09-T47,less,,47,nws_climatological_report_daily,1fd611f12a3bba48,no,,0.0000,57,2024-01-10T06:59:00+00:00,CDUS41 KOKX 100659,nhigh: first final report with data,no,no,True,True,False,
2024-01-09,HIGHNY-24JAN09,HIGHNY-24JAN09-T54,greater,54,,nws_climatological_report_daily,1fd611f12a3bba48,yes,57.00,1.0000,57,2024-01-10T06:59:00+00:00,CDUS41 KOKX 100659,nhigh: first final report with data,yes,yes,True,True,False,
2024-01-10,HIGHNY-24JAN10,HIGHNY-24JAN10-B46.5,between,46,47,nws_climatological_report_daily,1fd611f12a3bba48,no,,0.0000,57,2024-01-11T06:18:00+00:00,CDUS41 KOKX 110618,nhigh: first final report with data,no,no,True,True,False,
2024-01-10,HIGHNY-24JAN10,HIGHNY-24JAN10-B48.5,between,48,49,nws_climatological_report_daily,1fd611f12a3bba48,no,,0.0000,57,2024-01-11T06:18:00+00:00,CDUS41 KOKX 110618,nhigh: first final report with data,no,no,True,True,False,
2024-01-10,HIGHNY-24JAN10,HIGHNY-24JAN10-B50.5,between,50,51,nws_climatological_report_daily,1fd611f12a3bba48,no,,0.0000,57,2024-01-11T06:18:00+00:00,CDUS41 KOKX 110618,nhigh: first final report with data,no,no,True,True,False,
2024-01-10,HIGHNY-24JAN10,HIGHNY-24JAN10-B52.5,between,52,53,nws_climatological_report_daily,1fd611f12a3bba48,no,,0.0000,57,2024-01-11T06:18:00+00:00,CDUS41 KOKX 110618,nhigh: first final report with data,no,no,True,True,False,
2024-01-10,HIGHNY-24JAN10,HIGHNY-24JAN10-T46,less,,46,nws_climatological_report_daily,1fd611f12a3bba48,no,,0.0000,57,2024-01-11T06:18:00+00:00,CDUS41 KOKX 110618,nhigh: first final report with data,no,no,True,True,False,
2024-01-10,HIGHNY-24JAN10,HIGHNY-24JAN10-T53,greater,53,,nws_climatological_report_daily,1fd611f12a3bba48,yes,57.00,1.0000,57,2024-01-11T06:18:00+00:00,CDUS41 KOKX 110618,nhigh: first final report with data,yes,yes,True,True,False,
2024-01-11,HIGHNY-24JAN11,HIGHNY-24JAN11-B43.5,between,43,44,nws_climatological_report_daily,1fd611f12a3bba48,no,,0.0000,47,2024-01-12T06:17:00+00:00,CDUS41 KOKX 120617,nhigh: first final report with data,no,no,True,True,False,
2024-01-11,HIGHNY-24JAN11,HIGHNY-24JAN11-B45.5,between,45,46,nws_climatological_report_daily,1fd611f12a3bba48,no,,0.0000,47,2024-01-12T06:17:00+00:00,CDUS41 KOKX 120617,nhigh: first final report with data,no,no,True,True,False,
2024-01-11,HIGHNY-24JAN11,HIGHNY-24JAN11-B47.5,between,47,48,nws_climatological_report_daily,1fd611f12a3bba48,yes,47.00,1.0000,47,2024-01-12T06:17:00+00:00,CDUS41 KOKX 120617,nhigh: first final report with data,yes,yes,True,True,False,
2024-01-11,HIGHNY-24JAN11,HIGHNY-24JAN11-B49.5,between,49,50,nws_climatological_report_daily,1fd611f12a3bba48,no,,0.0000,47,2024-01-12T06:17:00+00:00,CDUS41 KOKX 120617,nhigh: first final report with data,no,no,True,True,False,
2024-01-11,HIGHNY-24JAN11,HIGHNY-24JAN11-T43,less,,43,nws_climatological_report_daily,1fd611f12a3bba48,no,,0.0000,47,2024-01-12T06:17:00+00:00,CDUS41 KOKX 120617,nhigh: first final report with data,no,no,True,True,False,
2024-01-11,HIGHNY-24JAN11,HIGHNY-24JAN11-T50,greater,50,,nws_climatological_report_daily,1fd611f12a3bba48,no,,0.0000,47,2024-01-12T06:17:00+00:00,CDUS41 KOKX 120617,nhigh: first final report with data,no,no,True,True,False,
2024-01-12,HIGHNY-24JAN12,HIGHNY-24JAN12-B43.5,between,43,44,nws_climatological_report_daily,1fd611f12a3bba48,no,,0.0000,50,2024-01-13T06:30:00+00:00,CDUS41 KOKX 130630,nhigh: first final report with data,no,no,True,True,False,
2024-01-12,HIGHNY-24JAN12,HIGHNY-24JAN12-B45.5,between,45,46,nws_climatological_report_daily,1fd611f12a3bba48,no,,0.0000,50,2024-01-13T06:30:00+00:00,CDUS41 KOKX 130630,nhigh: first final report with data,no,no,True,True,False,
2024-01-12,HIGHNY-24JAN12,HIGHNY-24JAN12-B47.5,between,47,48,nws_climatological_report_daily,1fd611f12a3bba48,no,,0.0000,50,2024-01-13T06:30:00+00:00,CDUS41 KOKX 130630,nhigh: first final report with data,no,no,True,True,False,
2024-01-12,HIGHNY-24JAN12,HIGHNY-24JAN12-B49.5,between,49,50,nws_climatological_report_daily,1fd611f12a3bba48,yes,50.00,1.0000,50,2024-01-13T06:30:00+00:00,CDUS41 KOKX 130630,nhigh: first final report with data,yes,yes,True,True,False,
2024-01-12,HIGHNY-24JAN12,HIGHNY-24JAN12-T43,less,,43,nws_climatological_report_daily,1fd611f12a3bba48,no,,0.0000,50,2024-01-13T06:30:00+00:00,CDUS41 KOKX 130630,nhigh: first final report with data,no,no,True,True,False,
2024-01-12,HIGHNY-24JAN12,HIGHNY-24JAN12-T50,greater,50,,nws_climatological_report_daily,1fd611f12a3bba48,no,,0.0000,50,2024-01-13T06:30:00+00:00,CDUS41 KOKX 130630,nhigh: first final report with data,no,no,True,True,False,
2024-01-13,HIGHNY-24JAN13,HIGHNY-24JAN13-B50.5,between,50,51,nws_climatological_report_daily,1fd611f12a3bba48,no,,0.0000,60,2024-01-14T06:26:00+00:00,CDUS41 KOKX 140626,nhigh: first final report with data,no,no,True,True,False,
2024-01-13,HIGHNY-24JAN13,HIGHNY-24JAN13-B52.5,between,52,53,nws_climatological_report_daily,1fd611f12a3bba48,no,,0.0000,60,2024-01-14T06:26:00+00:00,CDUS41 KOKX 140626,nhigh: first final report with data,no,no,True,True,False,
2024-01-13,HIGHNY-24JAN13,HIGHNY-24JAN13-B54.5,between,54,55,nws_climatological_report_daily,1fd611f12a3bba48,no,,0.0000,60,2024-01-14T06:26:00+00:00,CDUS41 KOKX 140626,nhigh: first final report with data,no,no,True,True,False,
2024-01-13,HIGHNY-24JAN13,HIGHNY-24JAN13-B56.5,between,56,57,nws_climatological_report_daily,1fd611f12a3bba48,no,,0.0000,60,2024-01-14T06:26:00+00:00,CDUS41 KOKX 140626,nhigh: first final report with data,no,no,True,True,False,
2024-01-13,HIGHNY-24JAN13,HIGHNY-24JAN13-T50,less,,50,nws_climatological_report_daily,1fd611f12a3bba48,no,,0.0000,60,2024-01-14T06:26:00+00:00,CDUS41 KOKX 140626,nhigh: first final report with data,no,no,True,True,False,
2024-01-13,HIGHNY-24JAN13,HIGHNY-24JAN13-T57,greater,57,,nws_climatological_report_daily,1fd611f12a3bba48,yes,60.00,1.0000,60,2024-01-14T06:26:00+00:00,CDUS41 KOKX 140626,nhigh: first final report with data,yes,yes,True,True,False,
2024-01-14,HIGHNY-24JAN14,HIGHNY-24JAN14-B36.5,between,36,37,nws_climatological_report_daily,1fd611f12a3bba48,no,,0.0000,44,2024-01-15T06:18:00+00:00,CDUS41 KOKX 150618,nhigh: first final report with data,no,no,True,True,False,
2024-01-14,HIGHNY-24JAN14,HIGHNY-24JAN14-B38.5,between,38,39,nws_climatological_report_daily,1fd611f12a3bba48,no,,0.0000,44,2024-01-15T06:18:00+00:00,CDUS41 KOKX 150618,nhigh: first final report with data,no,no,True,True,False,
2024-01-14,HIGHNY-24JAN14,HIGHNY-24JAN14-B40.5,between,40,41,nws_climatological_report_daily,1fd611f12a3bba48,no,,0.0000,44,2024-01-15T06:18:00+00:00,CDUS41 KOKX 150618,nhigh: first final report with data,no,no,True,True,False,
2024-01-14,HIGHNY-24JAN14,HIGHNY-24JAN14-B42.5,between,42,43,nws_climatological_report_daily,1fd611f12a3bba48,no,,0.0000,44,2024-01-15T06:18:00+00:00,CDUS41 KOKX 150618,nhigh: first final report with data,no,no,True,True,False,
2024-01-14,HIGHNY-24JAN14,HIGHNY-24JAN14-T36,less,,36,nws_climatological_report_daily,1fd611f12a3bba48,no,,0.0000,44,2024-01-15T06:18:00+00:00,CDUS41 KOKX 150618,nhigh: first final report with data,no,no,True,True,False,
2024-01-14,HIGHNY-24JAN14,HIGHNY-24JAN14-T43,greater,43,,nws_climatological_report_daily,1fd611f12a3bba48,yes,44.00,1.0000,44,2024-01-15T06:18:00+00:00,CDUS41 KOKX 150618,nhigh: first final report with data,yes,yes,True,True,False,
2024-01-15,HIGHNY-24JAN15,HIGHNY-24JAN15-B27.5,between,27,28,nws_climatological_report_daily,1fd611f12a3bba48,no,,0.0000,29,2024-01-16T06:31:00+00:00,CDUS41 KOKX 160631,nhigh: first final report with data,no,no,True,True,False,
2024-01-15,HIGHNY-24JAN15,HIGHNY-24JAN15-B29.5,between,29,30,nws_climatological_report_daily,1fd611f12a3bba48,yes,29.00,1.0000,29,2024-01-16T06:31:00+00:00,CDUS41 KOKX 160631,nhigh: first final report with data,yes,yes,True,True,False,
2024-01-15,HIGHNY-24JAN15,HIGHNY-24JAN15-B31.5,between,31,32,nws_climatological_report_daily,1fd611f12a3bba48,no,,0.0000,29,2024-01-16T06:31:00+00:00,CDUS41 KOKX 160631,nhigh: first final report with data,no,no,True,True,False,
2024-01-15,HIGHNY-24JAN15,HIGHNY-24JAN15-B33.5,between,33,34,nws_climatological_report_daily,1fd611f12a3bba48,no,,0.0000,29,2024-01-16T06:31:00+00:00,CDUS41 KOKX 160631,nhigh: first final report with data,no,no,True,True,False,
2024-01-15,HIGHNY-24JAN15,HIGHNY-24JAN15-T27,less,,27,nws_climatological_report_daily,1fd611f12a3bba48,no,,0.0000,29,2024-01-16T06:31:00+00:00,CDUS41 KOKX 160631,nhigh: first final report with data,no,no,True,True,False,
2024-01-15,HIGHNY-24JAN15,HIGHNY-24JAN15-T34,greater,34,,nws_climatological_report_daily,1fd611f12a3bba48,no,,0.0000,29,2024-01-16T06:31:00+00:00,CDUS41 KOKX 160631,nhigh: first final report with data,no,no,True,True,False,
2024-01-16,HIGHNY-24JAN16,HIGHNY-24JAN16-B30.5,between,30,31,nws_climatological_report_daily,1fd611f12a3bba48,no,,0.0000,32,2024-01-17T06:19:00+00:00,CDUS41 KOKX 170619,nhigh: first final report with data,no,no,True,True,False,
2024-01-16,HIGHNY-24JAN16,HIGHNY-24JAN16-B32.5,between,32,33,nws_climatological_report_daily,1fd611f12a3bba48,yes,32.00,1.0000,32,2024-01-17T06:19:00+00:00,CDUS41 KOKX 170619,nhigh: first final report with data,yes,yes,True,True,False,
2024-01-16,HIGHNY-24JAN16,HIGHNY-24JAN16-B34.5,between,34,35,nws_climatological_report_daily,1fd611f12a3bba48,no,,0.0000,32,2024-01-17T06:19:00+00:00,CDUS41 KOKX 170619,nhigh: first final report with data,no,no,True,True,False,
2024-01-16,HIGHNY-24JAN16,HIGHNY-24JAN16-B36.5,between,36,37,nws_climatological_report_daily,1fd611f12a3bba48,no,,0.0000,32,2024-01-17T06:19:00+00:00,CDUS41 KOKX 170619,nhigh: first final report with data,no,no,True,True,False,
2024-01-16,HIGHNY-24JAN16,HIGHNY-24JAN16-T30,less,,30,nws_climatological_report_daily,1fd611f12a3bba48,no,,0.0000,32,2024-01-17T06:19:00+00:00,CDUS41 KOKX 170619,nhigh: first final report with data,no,no,True,True,False,
2024-01-16,HIGHNY-24JAN16,HIGHNY-24JAN16-T37,greater,37,,nws_climatological_report_daily,1fd611f12a3bba48,no,,0.0000,32,2024-01-17T06:19:00+00:00,CDUS41 KOKX 170619,nhigh: first final report with data,no,no,True,True,False,
2024-01-17,HIGHNY-24JAN17,HIGHNY-24JAN17-B22.5,between,22,23,nws_climatological_report_daily,1fd611f12a3bba48,no,,0.0000,24,2024-01-18T06:22:00+00:00,CDUS41 KOKX 180622,nhigh: first final report with data,no,no,True,True,False,
2024-01-17,HIGHNY-24JAN17,HIGHNY-24JAN17-B24.5,between,24,25,nws_climatological_report_daily,1fd611f12a3bba48,yes,24,1.0000,24,2024-01-18T06:22:00+00:00,CDUS41 KOKX 180622,nhigh: first final report with data,yes,yes,True,True,False,
2024-01-17,HIGHNY-24JAN17,HIGHNY-24JAN17-B26.5,between,26,27,nws_climatological_report_daily,1fd611f12a3bba48,no,,0.0000,24,2024-01-18T06:22:00+00:00,CDUS41 KOKX 180622,nhigh: first final report with data,no,no,True,True,False,
2024-01-17,HIGHNY-24JAN17,HIGHNY-24JAN17-B28.5,between,28,29,nws_climatological_report_daily,1fd611f12a3bba48,no,,0.0000,24,2024-01-18T06:22:00+00:00,CDUS41 KOKX 180622,nhigh: first final report with data,no,no,True,True,False,
2024-01-17,HIGHNY-24JAN17,HIGHNY-24JAN17-T22,less,,22,nws_climatological_report_daily,1fd611f12a3bba48,no,,0.0000,24,2024-01-18T06:22:00+00:00,CDUS41 KOKX 180622,nhigh: first final report with data,no,no,True,True,False,
2024-01-17,HIGHNY-24JAN17,HIGHNY-24JAN17-T29,greater,29,,nws_climatological_report_daily,1fd611f12a3bba48,no,,0.0000,24,2024-01-18T06:22:00+00:00,CDUS41 KOKX 180622,nhigh: first final report with data,no,no,True,True,False,
2024-01-18,HIGHNY-24JAN18,HIGHNY-24JAN18-B29.5,between,29,30,nws_climatological_report_daily,1fd611f12a3bba48,no,,0.0000,34,2024-01-19T06:20:00+00:00,CDUS41 KOKX 190620,nhigh: first final report with data,no,no,True,True,False,
2024-01-18,HIGHNY-24JAN18,HIGHNY-24JAN18-B31.5,between,31,32,nws_climatological_report_daily,1fd611f12a3bba48,no,,0.0000,34,2024-01-19T06:20:00+00:00,CDUS41 KOKX 190620,nhigh: first final report with data,no,no,True,True,False,
2024-01-18,HIGHNY-24JAN18,HIGHNY-24JAN18-B33.5,between,33,34,nws_climatological_report_daily,1fd611f12a3bba48,yes,34.00,1.0000,34,2024-01-19T06:20:00+00:00,CDUS41 KOKX 190620,nhigh: first final report with data,yes,yes,True,True,False,
2024-01-18,HIGHNY-24JAN18,HIGHNY-24JAN18-B35.5,between,35,36,nws_climatological_report_daily,1fd611f12a3bba48,no,,0.0000,34,2024-01-19T06:20:00+00:00,CDUS41 KOKX 190620,nhigh: first final report with data,no,no,True,True,False,
2024-01-18,HIGHNY-24JAN18,HIGHNY-24JAN18-T29,less,,29,nws_climatological_report_daily,1fd611f12a3bba48,no,,0.0000,34,2024-01-19T06:20:00+00:00,CDUS41 KOKX 190620,nhigh: first final report with data,no,no,True,True,False,
2024-01-18,HIGHNY-24JAN18,HIGHNY-24JAN18-T36,greater,36,,nws_climatological_report_daily,1fd611f12a3bba48,no,,0.0000,34,2024-01-19T06:20:00+00:00,CDUS41 KOKX 190620,nhigh: first final report with data,no,no,True,True,False,
2024-01-19,HIGHNY-24JAN19,HIGHNY-24JAN19-B28.5,between,28,29,nws_climatological_report_daily,1fd611f12a3bba48,no,,0.0000,32,2024-01-20T06:20:00+00:00,CDUS41 KOKX 200620,nhigh: first final report with data,no,no,True,True,False,
2024-01-19,HIGHNY-24JAN19,HIGHNY-24JAN19-B30.5,between,30,31,nws_climatological_report_daily,1fd611f12a3bba48,no,,0.0000,32,2024-01-20T06:20:00+00:00,CDUS41 KOKX 200620,nhigh: first final report with data,no,no,True,True,False,
2024-01-19,HIGHNY-24JAN19,HIGHNY-24JAN19-B32.5,between,32,33,nws_climatological_report_daily,1fd611f12a3bba48,yes,32.00,1.0000,32,2024-01-20T06:20:00+00:00,CDUS41 KOKX 200620,nhigh: first final report with data,yes,yes,True,True,False,
2024-01-19,HIGHNY-24JAN19,HIGHNY-24JAN19-B34.5,between,34,35,nws_climatological_report_daily,1fd611f12a3bba48,no,,0.0000,32,2024-01-20T06:20:00+00:00,CDUS41 KOKX 200620,nhigh: first final report with data,no,no,True,True,False,
2024-01-19,HIGHNY-24JAN19,HIGHNY-24JAN19-T28,less,,28,nws_climatological_report_daily,1fd611f12a3bba48,no,,0.0000,32,2024-01-20T06:20:00+00:00,CDUS41 KOKX 200620,nhigh: first final report with data,no,no,True,True,False,
2024-01-19,HIGHNY-24JAN19,HIGHNY-24JAN19-T35,greater,35,,nws_climatological_report_daily,1fd611f12a3bba48,no,,0.0000,32,2024-01-20T06:20:00+00:00,CDUS41 KOKX 200620,nhigh: first final report with data,no,no,True,True,False,
2024-01-20,HIGHNY-24JAN20,HIGHNY-24JAN20-B20.5,between,20,21,nws_climatological_report_daily,1fd611f12a3bba48,no,,0.0000,26,2024-01-21T06:17:00+00:00,CDUS41 KOKX 210617,nhigh: first final report with data,no,no,True,True,False,
2024-01-20,HIGHNY-24JAN20,HIGHNY-24JAN20-B22.5,between,22,23,nws_climatological_report_daily,1fd611f12a3bba48,no,,0.0000,26,2024-01-21T06:17:00+00:00,CDUS41 KOKX 210617,nhigh: first final report with data,no,no,True,True,False,
2024-01-20,HIGHNY-24JAN20,HIGHNY-24JAN20-B24.5,between,24,25,nws_climatological_report_daily,1fd611f12a3bba48,no,,0.0000,26,2024-01-21T06:17:00+00:00,CDUS41 KOKX 210617,nhigh: first final report with data,no,no,True,True,False,
2024-01-20,HIGHNY-24JAN20,HIGHNY-24JAN20-B26.5,between,26,27,nws_climatological_report_daily,1fd611f12a3bba48,yes,26.00,1.0000,26,2024-01-21T06:17:00+00:00,CDUS41 KOKX 210617,nhigh: first final report with data,yes,yes,True,True,False,
2024-01-20,HIGHNY-24JAN20,HIGHNY-24JAN20-T20,less,,20,nws_climatological_report_daily,1fd611f12a3bba48,no,,0.0000,26,2024-01-21T06:17:00+00:00,CDUS41 KOKX 210617,nhigh: first final report with data,no,no,True,True,False,
2024-01-20,HIGHNY-24JAN20,HIGHNY-24JAN20-T27,greater,27,,nws_climatological_report_daily,1fd611f12a3bba48,no,,0.0000,26,2024-01-21T06:17:00+00:00,CDUS41 KOKX 210617,nhigh: first final report with data,no,no,True,True,False,
2024-01-21,HIGHNY-24JAN21,HIGHNY-24JAN21-B27.5,between,27,28,nws_climatological_report_daily,1fd611f12a3bba48,no,,0.0000,31,2024-01-22T06:27:00+00:00,CDUS41 KOKX 220627,nhigh: first final report with data,no,no,True,True,False,
2024-01-21,HIGHNY-24JAN21,HIGHNY-24JAN21-B29.5,between,29,30,nws_climatological_report_daily,1fd611f12a3bba48,no,,0.0000,31,2024-01-22T06:27:00+00:00,CDUS41 KOKX 220627,nhigh: first final report with data,no,no,True,True,False,
2024-01-21,HIGHNY-24JAN21,HIGHNY-24JAN21-B31.5,between,31,32,nws_climatological_report_daily,1fd611f12a3bba48,yes,31.00,1.0000,31,2024-01-22T06:27:00+00:00,CDUS41 KOKX 220627,nhigh: first final report with data,yes,yes,True,True,False,
2024-01-21,HIGHNY-24JAN21,HIGHNY-24JAN21-B33.5,between,33,34,nws_climatological_report_daily,1fd611f12a3bba48,no,,0.0000,31,2024-01-22T06:27:00+00:00,CDUS41 KOKX 220627,nhigh: first final report with data,no,no,True,True,False,
2024-01-21,HIGHNY-24JAN21,HIGHNY-24JAN21-T27,less,,27,nws_climatological_report_daily,1fd611f12a3bba48,no,,0.0000,31,2024-01-22T06:27:00+00:00,CDUS41 KOKX 220627,nhigh: first final report with data,no,no,True,True,False,
2024-01-21,HIGHNY-24JAN21,HIGHNY-24JAN21-T34,greater,34,,nws_climatological_report_daily,1fd611f12a3bba48,no,,0.0000,31,2024-01-22T06:27:00+00:00,CDUS41 KOKX 220627,nhigh: first final report with data,no,no,True,True,False,
2024-01-22,HIGHNY-24JAN22,HIGHNY-24JAN22-B35.5,between,35,36,nws_climatological_report_daily,1fd611f12a3bba48,no,,0.0000,38,2024-01-23T06:29:00+00:00,CDUS41 KOKX 230629,nhigh: first final report with data,no,no,True,True,False,
2024-01-22,HIGHNY-24JAN22,HIGHNY-24JAN22-B37.5,between,37,38,nws_climatological_report_daily,1fd611f12a3bba48,yes,38.00,1.0000,38,2024-01-23T06:29:00+00:00,CDUS41 KOKX 230629,nhigh: first final report with data,yes,yes,True,True,False,
2024-01-22,HIGHNY-24JAN22,HIGHNY-24JAN22-B39.5,between,39,40,nws_climatological_report_daily,1fd611f12a3bba48,no,,0.0000,38,2024-01-23T06:29:00+00:00,CDUS41 KOKX 230629,nhigh: first final report with data,no,no,True,True,False,
2024-01-22,HIGHNY-24JAN22,HIGHNY-24JAN22-B41.5,between,41,42,nws_climatological_report_daily,1fd611f12a3bba48,no,,0.0000,38,2024-01-23T06:29:00+00:00,CDUS41 KOKX 230629,nhigh: first final report with data,no,no,True,True,False,
2024-01-22,HIGHNY-24JAN22,HIGHNY-24JAN22-T35,less,,35,nws_climatological_report_daily,1fd611f12a3bba48,no,,0.0000,38,2024-01-23T06:29:00+00:00,CDUS41 KOKX 230629,nhigh: first final report with data,no,no,True,True,False,
2024-01-22,HIGHNY-24JAN22,HIGHNY-24JAN22-T42,greater,42,,nws_climatological_report_daily,1fd611f12a3bba48,no,,0.0000,38,2024-01-23T06:29:00+00:00,CDUS41 KOKX 230629,nhigh: first final report with data,no,no,True,True,False,
2024-01-23,HIGHNY-24JAN23,HIGHNY-24JAN23-B36.5,between,36,37,nws_climatological_report_daily,1fd611f12a3bba48,no,,0.0000,40,2024-01-24T06:19:00+00:00,CDUS41 KOKX 240619,nhigh: first final report with data,no,no,True,True,False,
2024-01-23,HIGHNY-24JAN23,HIGHNY-24JAN23-B38.5,between,38,39,nws_climatological_report_daily,1fd611f12a3bba48,no,,0.0000,40,2024-01-24T06:19:00+00:00,CDUS41 KOKX 240619,nhigh: first final report with data,no,no,True,True,False,
2024-01-23,HIGHNY-24JAN23,HIGHNY-24JAN23-B40.5,between,40,41,nws_climatological_report_daily,1fd611f12a3bba48,yes,40.00,1.0000,40,2024-01-24T06:19:00+00:00,CDUS41 KOKX 240619,nhigh: first final report with data,yes,yes,True,True,False,
2024-01-23,HIGHNY-24JAN23,HIGHNY-24JAN23-B42.5,between,42,43,nws_climatological_report_daily,1fd611f12a3bba48,no,,0.0000,40,2024-01-24T06:19:00+00:00,CDUS41 KOKX 240619,nhigh: first final report with data,no,no,True,True,False,
2024-01-23,HIGHNY-24JAN23,HIGHNY-24JAN23-T36,less,,36,nws_climatological_report_daily,1fd611f12a3bba48,no,,0.0000,40,2024-01-24T06:19:00+00:00,CDUS41 KOKX 240619,nhigh: first final report with data,no,no,True,True,False,
2024-01-23,HIGHNY-24JAN23,HIGHNY-24JAN23-T43,greater,43,,nws_climatological_report_daily,1fd611f12a3bba48,no,,0.0000,40,2024-01-24T06:19:00+00:00,CDUS41 KOKX 240619,nhigh: first final report with data,no,no,True,True,False,
2024-01-24,HIGHNY-24JAN24,HIGHNY-24JAN24-B37.5,between,37,38,nws_climatological_report_daily,1fd611f12a3bba48,no,,0.0000,48,2024-01-25T06:41:00+00:00,CDUS41 KOKX 250641,nhigh: first final report with data,no,no,True,True,False,
2024-01-24,HIGHNY-24JAN24,HIGHNY-24JAN24-B39.5,between,39,40,nws_climatological_report_daily,1fd611f12a3bba48,no,,0.0000,48,2024-01-25T06:41:00+00:00,CDUS41 KOKX 250641,nhigh: first final report with data,no,no,True,True,False,
2024-01-24,HIGHNY-24JAN24,HIGHNY-24JAN24-B41.5,between,41,42,nws_climatological_report_daily,1fd611f12a3bba48,no,,0.0000,48,2024-01-25T06:41:00+00:00,CDUS41 KOKX 250641,nhigh: first final report with data,no,no,True,True,False,
2024-01-24,HIGHNY-24JAN24,HIGHNY-24JAN24-B43.5,between,43,44,nws_climatological_report_daily,1fd611f12a3bba48,no,,0.0000,48,2024-01-25T06:41:00+00:00,CDUS41 KOKX 250641,nhigh: first final report with data,no,no,True,True,False,
2024-01-24,HIGHNY-24JAN24,HIGHNY-24JAN24-T37,less,,37,nws_climatological_report_daily,1fd611f12a3bba48,no,,0.0000,48,2024-01-25T06:41:00+00:00,CDUS41 KOKX 250641,nhigh: first final report with data,no,no,True,True,False,
2024-01-24,HIGHNY-24JAN24,HIGHNY-24JAN24-T44,greater,44,,nws_climatological_report_daily,1fd611f12a3bba48,yes,48.00,1.0000,48,2024-01-25T06:41:00+00:00,CDUS41 KOKX 250641,nhigh: first final report with data,yes,yes,True,True,False,
2024-01-25,HIGHNY-24JAN25,HIGHNY-24JAN25-B48.5,between,48,49,nws_climatological_report_daily,1fd611f12a3bba48,no,,0.0000,59,2024-01-26T06:23:00+00:00,CDUS41 KOKX 260623,nhigh: first final report with data,no,no,True,True,False,
2024-01-25,HIGHNY-24JAN25,HIGHNY-24JAN25-B50.5,between,50,51,nws_climatological_report_daily,1fd611f12a3bba48,no,,0.0000,59,2024-01-26T06:23:00+00:00,CDUS41 KOKX 260623,nhigh: first final report with data,no,no,True,True,False,
2024-01-25,HIGHNY-24JAN25,HIGHNY-24JAN25-B52.5,between,52,53,nws_climatological_report_daily,1fd611f12a3bba48,no,,0.0000,59,2024-01-26T06:23:00+00:00,CDUS41 KOKX 260623,nhigh: first final report with data,no,no,True,True,False,
2024-01-25,HIGHNY-24JAN25,HIGHNY-24JAN25-B54.5,between,54,55,nws_climatological_report_daily,1fd611f12a3bba48,no,,0.0000,59,2024-01-26T06:23:00+00:00,CDUS41 KOKX 260623,nhigh: first final report with data,no,no,True,True,False,
2024-01-25,HIGHNY-24JAN25,HIGHNY-24JAN25-T48,less,,48,nws_climatological_report_daily,1fd611f12a3bba48,no,,0.0000,59,2024-01-26T06:23:00+00:00,CDUS41 KOKX 260623,nhigh: first final report with data,no,no,True,True,False,
2024-01-25,HIGHNY-24JAN25,HIGHNY-24JAN25-T55,greater,55,,nws_climatological_report_daily,1fd611f12a3bba48,yes,59.00,1.0000,59,2024-01-26T06:23:00+00:00,CDUS41 KOKX 260623,nhigh: first final report with data,yes,yes,True,True,False,
2024-01-26,HIGHNY-24JAN26,HIGHNY-24JAN26-B42.5,between,42,43,nws_climatological_report_daily,1fd611f12a3bba48,no,,0.0000,46,2024-01-27T06:21:00+00:00,CDUS41 KOKX 270621,nhigh: first final report with data,no,no,True,True,False,
2024-01-26,HIGHNY-24JAN26,HIGHNY-24JAN26-B44.5,between,44,45,nws_climatological_report_daily,1fd611f12a3bba48,no,,0.0000,46,2024-01-27T06:21:00+00:00,CDUS41 KOKX 270621,nhigh: first final report with data,no,no,True,True,False,
2024-01-26,HIGHNY-24JAN26,HIGHNY-24JAN26-B46.5,between,46,47,nws_climatological_report_daily,1fd611f12a3bba48,yes,46.00,1.0000,46,2024-01-27T06:21:00+00:00,CDUS41 KOKX 270621,nhigh: first final report with data,yes,yes,True,True,False,
2024-01-26,HIGHNY-24JAN26,HIGHNY-24JAN26-B48.5,between,48,49,nws_climatological_report_daily,1fd611f12a3bba48,no,,0.0000,46,2024-01-27T06:21:00+00:00,CDUS41 KOKX 270621,nhigh: first final report with data,no,no,True,True,False,
2024-01-26,HIGHNY-24JAN26,HIGHNY-24JAN26-T42,less,,42,nws_climatological_report_daily,1fd611f12a3bba48,no,,0.0000,46,2024-01-27T06:21:00+00:00,CDUS41 KOKX 270621,nhigh: first final report with data,no,no,True,True,False,
2024-01-26,HIGHNY-24JAN26,HIGHNY-24JAN26-T49,greater,49,,nws_climatological_report_daily,1fd611f12a3bba48,no,,0.0000,46,2024-01-27T06:21:00+00:00,CDUS41 KOKX 270621,nhigh: first final report with data,no,no,True,True,False,
2024-01-27,HIGHNY-24JAN27,HIGHNY-24JAN27-B44.5,between,44,45,nws_climatological_report_daily,1fd611f12a3bba48,no,,0.0000,49,2024-01-28T06:36:00+00:00,CDUS41 KOKX 280636,nhigh: first final report with data,no,no,True,True,False,
2024-01-27,HIGHNY-24JAN27,HIGHNY-24JAN27-B46.5,between,46,47,nws_climatological_report_daily,1fd611f12a3bba48,no,,0.0000,49,2024-01-28T06:36:00+00:00,CDUS41 KOKX 280636,nhigh: first final report with data,no,no,True,True,False,
2024-01-27,HIGHNY-24JAN27,HIGHNY-24JAN27-B48.5,between,48,49,nws_climatological_report_daily,1fd611f12a3bba48,yes,49.00,1.0000,49,2024-01-28T06:36:00+00:00,CDUS41 KOKX 280636,nhigh: first final report with data,yes,yes,True,True,False,
2024-01-27,HIGHNY-24JAN27,HIGHNY-24JAN27-B50.5,between,50,51,nws_climatological_report_daily,1fd611f12a3bba48,no,,0.0000,49,2024-01-28T06:36:00+00:00,CDUS41 KOKX 280636,nhigh: first final report with data,no,no,True,True,False,
2024-01-27,HIGHNY-24JAN27,HIGHNY-24JAN27-T44,less,,44,nws_climatological_report_daily,1fd611f12a3bba48,no,,0.0000,49,2024-01-28T06:36:00+00:00,CDUS41 KOKX 280636,nhigh: first final report with data,no,no,True,True,False,
2024-01-27,HIGHNY-24JAN27,HIGHNY-24JAN27-T51,greater,51,,nws_climatological_report_daily,1fd611f12a3bba48,no,,0.0000,49,2024-01-28T06:36:00+00:00,CDUS41 KOKX 280636,nhigh: first final report with data,no,no,True,True,False,
2024-01-28,HIGHNY-24JAN28,HIGHNY-24JAN28-B37.5,between,37,38,nws_climatological_report_daily,1fd611f12a3bba48,no,,0.0000,44,2024-01-29T06:30:00+00:00,CDUS41 KOKX 290630,nhigh: first final report with data,no,no,True,True,False,
2024-01-28,HIGHNY-24JAN28,HIGHNY-24JAN28-B39.5,between,39,40,nws_climatological_report_daily,1fd611f12a3bba48,no,,0.0000,44,2024-01-29T06:30:00+00:00,CDUS41 KOKX 290630,nhigh: first final report with data,no,no,True,True,False,
2024-01-28,HIGHNY-24JAN28,HIGHNY-24JAN28-B41.5,between,41,42,nws_climatological_report_daily,1fd611f12a3bba48,no,,0.0000,44,2024-01-29T06:30:00+00:00,CDUS41 KOKX 290630,nhigh: first final report with data,no,no,True,True,False,
2024-01-28,HIGHNY-24JAN28,HIGHNY-24JAN28-B43.5,between,43,44,nws_climatological_report_daily,1fd611f12a3bba48,yes,44.00,1.0000,44,2024-01-29T06:30:00+00:00,CDUS41 KOKX 290630,nhigh: first final report with data,yes,yes,True,True,False,
2024-01-28,HIGHNY-24JAN28,HIGHNY-24JAN28-T37,less,,37,nws_climatological_report_daily,1fd611f12a3bba48,no,,0.0000,44,2024-01-29T06:30:00+00:00,CDUS41 KOKX 290630,nhigh: first final report with data,no,no,True,True,False,
2024-01-28,HIGHNY-24JAN28,HIGHNY-24JAN28-T44,greater,44,,nws_climatological_report_daily,1fd611f12a3bba48,no,,0.0000,44,2024-01-29T06:30:00+00:00,CDUS41 KOKX 290630,nhigh: first final report with data,no,no,True,True,False,
2024-01-29,HIGHNY-24JAN29,HIGHNY-24JAN29-B38.5,between,38,39,nws_climatological_report_daily,1fd611f12a3bba48,no,,0.0000,40,2024-01-30T06:21:00+00:00,CDUS41 KOKX 300621,nhigh: first final report with data,no,no,True,True,False,
2024-01-29,HIGHNY-24JAN29,HIGHNY-24JAN29-B40.5,between,40,41,nws_climatological_report_daily,1fd611f12a3bba48,yes,40.00,1.0000,40,2024-01-30T06:21:00+00:00,CDUS41 KOKX 300621,nhigh: first final report with data,yes,yes,True,True,False,
2024-01-29,HIGHNY-24JAN29,HIGHNY-24JAN29-B42.5,between,42,43,nws_climatological_report_daily,1fd611f12a3bba48,no,,0.0000,40,2024-01-30T06:21:00+00:00,CDUS41 KOKX 300621,nhigh: first final report with data,no,no,True,True,False,
2024-01-29,HIGHNY-24JAN29,HIGHNY-24JAN29-B44.5,between,44,45,nws_climatological_report_daily,1fd611f12a3bba48,no,,0.0000,40,2024-01-30T06:21:00+00:00,CDUS41 KOKX 300621,nhigh: first final report with data,no,no,True,True,False,
2024-01-29,HIGHNY-24JAN29,HIGHNY-24JAN29-T38,less,,38,nws_climatological_report_daily,1fd611f12a3bba48,no,,0.0000,40,2024-01-30T06:21:00+00:00,CDUS41 KOKX 300621,nhigh: first final report with data,no,no,True,True,False,
2024-01-29,HIGHNY-24JAN29,HIGHNY-24JAN29-T45,greater,45,,nws_climatological_report_daily,1fd611f12a3bba48,no,,0.0000,40,2024-01-30T06:21:00+00:00,CDUS41 KOKX 300621,nhigh: first final report with data,no,no,True,True,False,
2024-01-30,HIGHNY-24JAN30,HIGHNY-24JAN30-B33.5,between,33,34,nws_climatological_report_daily,1fd611f12a3bba48,no,,0.0000,38,2024-01-31T06:32:00+00:00,CDUS41 KOKX 310632,nhigh: first final report with data,no,no,True,True,False,
2024-01-30,HIGHNY-24JAN30,HIGHNY-24JAN30-B35.5,between,35,36,nws_climatological_report_daily,1fd611f12a3bba48,no,,0.0000,38,2024-01-31T06:32:00+00:00,CDUS41 KOKX 310632,nhigh: first final report with data,no,no,True,True,False,
2024-01-30,HIGHNY-24JAN30,HIGHNY-24JAN30-B37.5,between,37,38,nws_climatological_report_daily,1fd611f12a3bba48,yes,38.00,1.0000,38,2024-01-31T06:32:00+00:00,CDUS41 KOKX 310632,nhigh: first final report with data,yes,yes,True,True,False,
2024-01-30,HIGHNY-24JAN30,HIGHNY-24JAN30-B39.5,between,39,40,nws_climatological_report_daily,1fd611f12a3bba48,no,,0.0000,38,2024-01-31T06:32:00+00:00,CDUS41 KOKX 310632,nhigh: first final report with data,no,no,True,True,False,
2024-01-30,HIGHNY-24JAN30,HIGHNY-24JAN30-T33,less,,33,nws_climatological_report_daily,1fd611f12a3bba48,no,,0.0000,38,2024-01-31T06:32:00+00:00,CDUS41 KOKX 310632,nhigh: first final report with data,no,no,True,True,False,
2024-01-30,HIGHNY-24JAN30,HIGHNY-24JAN30-T40,greater,40,,nws_climatological_report_daily,1fd611f12a3bba48,no,,0.0000,38,2024-01-31T06:32:00+00:00,CDUS41 KOKX 310632,nhigh: first final report with data,no,no,True,True,False,
2024-01-31,HIGHNY-24JAN31,HIGHNY-24JAN31-B37.5,between,37,38,nws_climatological_report_daily,1fd611f12a3bba48,no,,0.0000,40,2024-02-01T06:29:00+00:00,CDUS41 KOKX 010629,nhigh: first final report with data,no,no,True,True,False,
2024-01-31,HIGHNY-24JAN31,HIGHNY-24JAN31-B39.5,between,39,40,nws_climatological_report_daily,1fd611f12a3bba48,yes,40.00,1.0000,40,2024-02-01T06:29:00+00:00,CDUS41 KOKX 010629,nhigh: first final report with data,yes,yes,True,True,False,
2024-01-31,HIGHNY-24JAN31,HIGHNY-24JAN31-B41.5,between,41,42,nws_climatological_report_daily,1fd611f12a3bba48,no,,0.0000,40,2024-02-01T06:29:00+00:00,CDUS41 KOKX 010629,nhigh: first final report with data,no,no,True,True,False,
2024-01-31,HIGHNY-24JAN31,HIGHNY-24JAN31-B43.5,between,43,44,nws_climatological_report_daily,1fd611f12a3bba48,no,,0.0000,40,2024-02-01T06:29:00+00:00,CDUS41 KOKX 010629,nhigh: first final report with data,no,no,True,True,False,
2024-01-31,HIGHNY-24JAN31,HIGHNY-24JAN31-T37,less,,37,nws_climatological_report_daily,1fd611f12a3bba48,no,,0.0000,40,2024-02-01T06:29:00+00:00,CDUS41 KOKX 010629,nhigh: first final report with data,no,no,True,True,False,
2024-01-31,HIGHNY-24JAN31,HIGHNY-24JAN31-T44,greater,44,,nws_climatological_report_daily,1fd611f12a3bba48,no,,0.0000,40,2024-02-01T06:29:00+00:00,CDUS41 KOKX 010629,nhigh: first final report with data,no,no,True,True,False,
2024-02-01,HIGHNY-24FEB01,HIGHNY-24FEB01-B45.5,between,45,46,nws_climatological_report_daily,1fd611f12a3bba48,yes,46.00,1.0000,46,2024-02-02T06:19:00+00:00,CDUS41 KOKX 020619,nhigh: first final report with data,yes,yes,True,True,False,
2024-02-01,HIGHNY-24FEB01,HIGHNY-24FEB01-B47.5,between,47,48,nws_climatological_report_daily,1fd611f12a3bba48,no,,0.0000,46,2024-02-02T06:19:00+00:00,CDUS41 KOKX 020619,nhigh: first final report with data,no,no,True,True,False,
2024-02-01,HIGHNY-24FEB01,HIGHNY-24FEB01-B49.5,between,49,50,nws_climatological_report_daily,1fd611f12a3bba48,no,,0.0000,46,2024-02-02T06:19:00+00:00,CDUS41 KOKX 020619,nhigh: first final report with data,no,no,True,True,False,
2024-02-01,HIGHNY-24FEB01,HIGHNY-24FEB01-B51.5,between,51,52,nws_climatological_report_daily,1fd611f12a3bba48,no,,0.0000,46,2024-02-02T06:19:00+00:00,CDUS41 KOKX 020619,nhigh: first final report with data,no,no,True,True,False,
2024-02-01,HIGHNY-24FEB01,HIGHNY-24FEB01-T45,less,,45,nws_climatological_report_daily,1fd611f12a3bba48,no,,0.0000,46,2024-02-02T06:19:00+00:00,CDUS41 KOKX 020619,nhigh: first final report with data,no,no,True,True,False,
2024-02-01,HIGHNY-24FEB01,HIGHNY-24FEB01-T52,greater,52,,nws_climatological_report_daily,1fd611f12a3bba48,no,,0.0000,46,2024-02-02T06:19:00+00:00,CDUS41 KOKX 020619,nhigh: first final report with data,no,no,True,True,False,
2024-02-02,HIGHNY-24FEB02,HIGHNY-24FEB02-B41.5,between,41,42,nws_climatological_report_daily,1fd611f12a3bba48,no,,0.0000,46,2024-02-03T06:20:00+00:00,CDUS41 KOKX 030620,nhigh: first final report with data,no,no,True,True,False,
2024-02-02,HIGHNY-24FEB02,HIGHNY-24FEB02-B43.5,between,43,44,nws_climatological_report_daily,1fd611f12a3bba48,no,,0.0000,46,2024-02-03T06:20:00+00:00,CDUS41 KOKX 030620,nhigh: first final report with data,no,no,True,True,False,
2024-02-02,HIGHNY-24FEB02,HIGHNY-24FEB02-B45.5,between,45,46,nws_climatological_report_daily,1fd611f12a3bba48,yes,46.00,1.0000,46,2024-02-03T06:20:00+00:00,CDUS41 KOKX 030620,nhigh: first final report with data,yes,yes,True,True,False,
2024-02-02,HIGHNY-24FEB02,HIGHNY-24FEB02-B47.5,between,47,48,nws_climatological_report_daily,1fd611f12a3bba48,no,,0.0000,46,2024-02-03T06:20:00+00:00,CDUS41 KOKX 030620,nhigh: first final report with data,no,no,True,True,False,
2024-02-02,HIGHNY-24FEB02,HIGHNY-24FEB02-T41,less,,41,nws_climatological_report_daily,1fd611f12a3bba48,no,,0.0000,46,2024-02-03T06:20:00+00:00,CDUS41 KOKX 030620,nhigh: first final report with data,no,no,True,True,False,
2024-02-02,HIGHNY-24FEB02,HIGHNY-24FEB02-T48,greater,48,,nws_climatological_report_daily,1fd611f12a3bba48,no,,0.0000,46,2024-02-03T06:20:00+00:00,CDUS41 KOKX 030620,nhigh: first final report with data,no,no,True,True,False,
2024-02-03,HIGHNY-24FEB03,HIGHNY-24FEB03-B38.5,between,38,39,nws_climatological_report_daily,1fd611f12a3bba48,no,,0.0000,43,2024-02-04T06:20:00+00:00,CDUS41 KOKX 040620,nhigh: first final report with data,no,no,True,True,False,
2024-02-03,HIGHNY-24FEB03,HIGHNY-24FEB03-B40.5,between,40,41,nws_climatological_report_daily,1fd611f12a3bba48,no,,0.0000,43,2024-02-04T06:20:00+00:00,CDUS41 KOKX 040620,nhigh: first final report with data,no,no,True,True,False,
2024-02-03,HIGHNY-24FEB03,HIGHNY-24FEB03-B42.5,between,42,43,nws_climatological_report_daily,1fd611f12a3bba48,yes,43.00,1.0000,43,2024-02-04T06:20:00+00:00,CDUS41 KOKX 040620,nhigh: first final report with data,yes,yes,True,True,False,
2024-02-03,HIGHNY-24FEB03,HIGHNY-24FEB03-B44.5,between,44,45,nws_climatological_report_daily,1fd611f12a3bba48,no,,0.0000,43,2024-02-04T06:20:00+00:00,CDUS41 KOKX 040620,nhigh: first final report with data,no,no,True,True,False,
2024-02-03,HIGHNY-24FEB03,HIGHNY-24FEB03-T38,less,,38,nws_climatological_report_daily,1fd611f12a3bba48,no,,0.0000,43,2024-02-04T06:20:00+00:00,CDUS41 KOKX 040620,nhigh: first final report with data,no,no,True,True,False,
2024-02-03,HIGHNY-24FEB03,HIGHNY-24FEB03-T45,greater,45,,nws_climatological_report_daily,1fd611f12a3bba48,no,,0.0000,43,2024-02-04T06:20:00+00:00,CDUS41 KOKX 040620,nhigh: first final report with data,no,no,True,True,False,
2024-02-04,HIGHNY-24FEB04,HIGHNY-24FEB04-B40.5,between,40,41,nws_climatological_report_daily,1fd611f12a3bba48,no,,0.0000,46,2024-02-05T06:23:00+00:00,CDUS41 KOKX 050623,nhigh: first final report with data,no,no,True,True,False,
2024-02-04,HIGHNY-24FEB04,HIGHNY-24FEB04-B42.5,between,42,43,nws_climatological_report_daily,1fd611f12a3bba48,no,,0.0000,46,2024-02-05T06:23:00+00:00,CDUS41 KOKX 050623,nhigh: first final report with data,no,no,True,True,False,
2024-02-04,HIGHNY-24FEB04,HIGHNY-24FEB04-B44.5,between,44,45,nws_climatological_report_daily,1fd611f12a3bba48,no,,0.0000,46,2024-02-05T06:23:00+00:00,CDUS41 KOKX 050623,nhigh: first final report with data,no,no,True,True,False,
2024-02-04,HIGHNY-24FEB04,HIGHNY-24FEB04-B46.5,between,46,47,nws_climatological_report_daily,1fd611f12a3bba48,yes,46.00,1.0000,46,2024-02-05T06:23:00+00:00,CDUS41 KOKX 050623,nhigh: first final report with data,yes,yes,True,True,False,
2024-02-04,HIGHNY-24FEB04,HIGHNY-24FEB04-T40,less,,40,nws_climatological_report_daily,1fd611f12a3bba48,no,,0.0000,46,2024-02-05T06:23:00+00:00,CDUS41 KOKX 050623,nhigh: first final report with data,no,no,True,True,False,
2024-02-04,HIGHNY-24FEB04,HIGHNY-24FEB04-T47,greater,47,,nws_climatological_report_daily,1fd611f12a3bba48,no,,0.0000,46,2024-02-05T06:23:00+00:00,CDUS41 KOKX 050623,nhigh: first final report with data,no,no,True,True,False,
2024-02-05,HIGHNY-24FEB05,HIGHNY-24FEB05-B40.5,between,40,41,nws_climatological_report_daily,1fd611f12a3bba48,no,,0.0000,45,2024-02-06T06:16:00+00:00,CDUS41 KOKX 060616,nhigh: first final report with data,no,no,True,True,False,
2024-02-05,HIGHNY-24FEB05,HIGHNY-24FEB05-B42.5,between,42,43,nws_climatological_report_daily,1fd611f12a3bba48,no,,0.0000,45,2024-02-06T06:16:00+00:00,CDUS41 KOKX 060616,nhigh: first final report with data,no,no,True,True,False,
2024-02-05,HIGHNY-24FEB05,HIGHNY-24FEB05-B44.5,between,44,45,nws_climatological_report_daily,1fd611f12a3bba48,yes,45.00,1.0000,45,2024-02-06T06:16:00+00:00,CDUS41 KOKX 060616,nhigh: first final report with data,yes,yes,True,True,False,
2024-02-05,HIGHNY-24FEB05,HIGHNY-24FEB05-B46.5,between,46,47,nws_climatological_report_daily,1fd611f12a3bba48,no,,0.0000,45,2024-02-06T06:16:00+00:00,CDUS41 KOKX 060616,nhigh: first final report with data,no,no,True,True,False,
2024-02-05,HIGHNY-24FEB05,HIGHNY-24FEB05-T40,less,,40,nws_climatological_report_daily,1fd611f12a3bba48,no,,0.0000,45,2024-02-06T06:16:00+00:00,CDUS41 KOKX 060616,nhigh: first final report with data,no,no,True,True,False,
2024-02-05,HIGHNY-24FEB05,HIGHNY-24FEB05-T47,greater,47,,nws_climatological_report_daily,1fd611f12a3bba48,no,,0.0000,45,2024-02-06T06:16:00+00:00,CDUS41 KOKX 060616,nhigh: first final report with data,no,no,True,True,False,
2024-02-06,HIGHNY-24FEB06,HIGHNY-24FEB06-B37.5,between,37,38,nws_climatological_report_daily,1fd611f12a3bba48,no,,0.0000,42,2024-02-07T06:32:00+00:00,CDUS41 KOKX 070632,nhigh: first final report with data,no,no,True,True,False,
2024-02-06,HIGHNY-24FEB06,HIGHNY-24FEB06-B39.5,between,39,40,nws_climatological_report_daily,1fd611f12a3bba48,no,,0.0000,42,2024-02-07T06:32:00+00:00,CDUS41 KOKX 070632,nhigh: first final report with data,no,no,True,True,False,
2024-02-06,HIGHNY-24FEB06,HIGHNY-24FEB06-B41.5,between,41,42,nws_climatological_report_daily,1fd611f12a3bba48,yes,42.00,1.0000,42,2024-02-07T06:32:00+00:00,CDUS41 KOKX 070632,nhigh: first final report with data,yes,yes,True,True,False,
2024-02-06,HIGHNY-24FEB06,HIGHNY-24FEB06-B43.5,between,43,44,nws_climatological_report_daily,1fd611f12a3bba48,no,,0.0000,42,2024-02-07T06:32:00+00:00,CDUS41 KOKX 070632,nhigh: first final report with data,no,no,True,True,False,
2024-02-06,HIGHNY-24FEB06,HIGHNY-24FEB06-T37,less,,37,nws_climatological_report_daily,1fd611f12a3bba48,no,,0.0000,42,2024-02-07T06:32:00+00:00,CDUS41 KOKX 070632,nhigh: first final report with data,no,no,True,True,False,
2024-02-06,HIGHNY-24FEB06,HIGHNY-24FEB06-T44,greater,44,,nws_climatological_report_daily,1fd611f12a3bba48,no,,0.0000,42,2024-02-07T06:32:00+00:00,CDUS41 KOKX 070632,nhigh: first final report with data,no,no,True,True,False,
2024-02-07,HIGHNY-24FEB07,HIGHNY-24FEB07-B42.5,between,42,43,nws_climatological_report_daily,1fd611f12a3bba48,no,,0.0000,48,2024-02-08T06:22:00+00:00,CDUS41 KOKX 080622,nhigh: first final report with data,no,no,True,True,False,
2024-02-07,HIGHNY-24FEB07,HIGHNY-24FEB07-B44.5,between,44,45,nws_climatological_report_daily,1fd611f12a3bba48,no,,0.0000,48,2024-02-08T06:22:00+00:00,CDUS41 KOKX 080622,nhigh: first final report with data,no,no,True,True,False,
2024-02-07,HIGHNY-24FEB07,HIGHNY-24FEB07-B46.5,between,46,47,nws_climatological_report_daily,1fd611f12a3bba48,no,,0.0000,48,2024-02-08T06:22:00+00:00,CDUS41 KOKX 080622,nhigh: first final report with data,no,no,True,True,False,
2024-02-07,HIGHNY-24FEB07,HIGHNY-24FEB07-B48.5,between,48,49,nws_climatological_report_daily,1fd611f12a3bba48,yes,48.00,1.0000,48,2024-02-08T06:22:00+00:00,CDUS41 KOKX 080622,nhigh: first final report with data,yes,yes,True,True,False,
2024-02-07,HIGHNY-24FEB07,HIGHNY-24FEB07-T42,less,,42,nws_climatological_report_daily,1fd611f12a3bba48,no,,0.0000,48,2024-02-08T06:22:00+00:00,CDUS41 KOKX 080622,nhigh: first final report with data,no,no,True,True,False,
2024-02-07,HIGHNY-24FEB07,HIGHNY-24FEB07-T49,greater,49,,nws_climatological_report_daily,1fd611f12a3bba48,no,,0.0000,48,2024-02-08T06:22:00+00:00,CDUS41 KOKX 080622,nhigh: first final report with data,no,no,True,True,False,
2024-02-08,HIGHNY-24FEB08,HIGHNY-24FEB08-B44.5,between,44,45,nws_climatological_report_daily,1fd611f12a3bba48,no,,0.0000,53,2024-02-09T06:19:00+00:00,CDUS41 KOKX 090619,nhigh: first final report with data,no,no,True,True,False,
2024-02-08,HIGHNY-24FEB08,HIGHNY-24FEB08-B46.5,between,46,47,nws_climatological_report_daily,1fd611f12a3bba48,no,,0.0000,53,2024-02-09T06:19:00+00:00,CDUS41 KOKX 090619,nhigh: first final report with data,no,no,True,True,False,
2024-02-08,HIGHNY-24FEB08,HIGHNY-24FEB08-B48.5,between,48,49,nws_climatological_report_daily,1fd611f12a3bba48,no,,0.0000,53,2024-02-09T06:19:00+00:00,CDUS41 KOKX 090619,nhigh: first final report with data,no,no,True,True,False,
2024-02-08,HIGHNY-24FEB08,HIGHNY-24FEB08-B50.5,between,50,51,nws_climatological_report_daily,1fd611f12a3bba48,no,,0.0000,53,2024-02-09T06:19:00+00:00,CDUS41 KOKX 090619,nhigh: first final report with data,no,no,True,True,False,
2024-02-08,HIGHNY-24FEB08,HIGHNY-24FEB08-T44,less,,44,nws_climatological_report_daily,1fd611f12a3bba48,no,,0.0000,53,2024-02-09T06:19:00+00:00,CDUS41 KOKX 090619,nhigh: first final report with data,no,no,True,True,False,
2024-02-08,HIGHNY-24FEB08,HIGHNY-24FEB08-T51,greater,51,,nws_climatological_report_daily,1fd611f12a3bba48,yes,53.00,1.0000,53,2024-02-09T06:19:00+00:00,CDUS41 KOKX 090619,nhigh: first final report with data,yes,yes,True,True,False,
2024-02-09,HIGHNY-24FEB09,HIGHNY-24FEB09-B49.5,between,49,50,nws_climatological_report_daily,1fd611f12a3bba48,no,,0.0000,55,2024-02-10T06:20:00+00:00,CDUS41 KOKX 100620,nhigh: first final report with data,no,no,True,True,False,
2024-02-09,HIGHNY-24FEB09,HIGHNY-24FEB09-B51.5,between,51,52,nws_climatological_report_daily,1fd611f12a3bba48,no,,0.0000,55,2024-02-10T06:20:00+00:00,CDUS41 KOKX 100620,nhigh: first final report with data,no,no,True,True,False,
2024-02-09,HIGHNY-24FEB09,HIGHNY-24FEB09-B53.5,between,53,54,nws_climatological_report_daily,1fd611f12a3bba48,no,,0.0000,55,2024-02-10T06:20:00+00:00,CDUS41 KOKX 100620,nhigh: first final report with data,no,no,True,True,False,
2024-02-09,HIGHNY-24FEB09,HIGHNY-24FEB09-B55.5,between,55,56,nws_climatological_report_daily,1fd611f12a3bba48,yes,55.00,1.0000,55,2024-02-10T06:20:00+00:00,CDUS41 KOKX 100620,nhigh: first final report with data,yes,yes,True,True,False,
2024-02-09,HIGHNY-24FEB09,HIGHNY-24FEB09-T49,less,,49,nws_climatological_report_daily,1fd611f12a3bba48,no,,0.0000,55,2024-02-10T06:20:00+00:00,CDUS41 KOKX 100620,nhigh: first final report with data,no,no,True,True,False,
2024-02-09,HIGHNY-24FEB09,HIGHNY-24FEB09-T56,greater,56,,nws_climatological_report_daily,1fd611f12a3bba48,no,,0.0000,55,2024-02-10T06:20:00+00:00,CDUS41 KOKX 100620,nhigh: first final report with data,no,no,True,True,False,
2024-02-10,HIGHNY-24FEB10,HIGHNY-24FEB10-B54.5,between,54,55,nws_climatological_report_daily,1fd611f12a3bba48,no,,0.0000,60,2024-02-11T06:17:00+00:00,CDUS41 KOKX 110617,nhigh: first final report with data,no,no,True,True,False,
2024-02-10,HIGHNY-24FEB10,HIGHNY-24FEB10-B56.5,between,56,57,nws_climatological_report_daily,1fd611f12a3bba48,no,,0.0000,60,2024-02-11T06:17:00+00:00,CDUS41 KOKX 110617,nhigh: first final report with data,no,no,True,True,False,
2024-02-10,HIGHNY-24FEB10,HIGHNY-24FEB10-B58.5,between,58,59,nws_climatological_report_daily,1fd611f12a3bba48,no,,0.0000,60,2024-02-11T06:17:00+00:00,CDUS41 KOKX 110617,nhigh: first final report with data,no,no,True,True,False,
2024-02-10,HIGHNY-24FEB10,HIGHNY-24FEB10-B60.5,between,60,61,nws_climatological_report_daily,1fd611f12a3bba48,yes,60.00,1.0000,60,2024-02-11T06:17:00+00:00,CDUS41 KOKX 110617,nhigh: first final report with data,yes,yes,True,True,False,
2024-02-10,HIGHNY-24FEB10,HIGHNY-24FEB10-T54,less,,54,nws_climatological_report_daily,1fd611f12a3bba48,no,,0.0000,60,2024-02-11T06:17:00+00:00,CDUS41 KOKX 110617,nhigh: first final report with data,no,no,True,True,False,
2024-02-10,HIGHNY-24FEB10,HIGHNY-24FEB10-T61,greater,61,,nws_climatological_report_daily,1fd611f12a3bba48,no,,0.0000,60,2024-02-11T06:17:00+00:00,CDUS41 KOKX 110617,nhigh: first final report with data,no,no,True,True,False,
2024-02-11,HIGHNY-24FEB11,HIGHNY-24FEB11-B46.5,between,46,47,nws_climatological_report_daily,1fd611f12a3bba48,no,,0.0000,56,2024-02-12T06:20:00+00:00,CDUS41 KOKX 120620,nhigh: first final report with data,no,no,True,True,False,
2024-02-11,HIGHNY-24FEB11,HIGHNY-24FEB11-B48.5,between,48,49,nws_climatological_report_daily,1fd611f12a3bba48,no,,0.0000,56,2024-02-12T06:20:00+00:00,CDUS41 KOKX 120620,nhigh: first final report with data,no,no,True,True,False,
2024-02-11,HIGHNY-24FEB11,HIGHNY-24FEB11-B50.5,between,50,51,nws_climatological_report_daily,1fd611f12a3bba48,no,,0.0000,56,2024-02-12T06:20:00+00:00,CDUS41 KOKX 120620,nhigh: first final report with data,no,no,True,True,False,
2024-02-11,HIGHNY-24FEB11,HIGHNY-24FEB11-B52.5,between,52,53,nws_climatological_report_daily,1fd611f12a3bba48,no,,0.0000,56,2024-02-12T06:20:00+00:00,CDUS41 KOKX 120620,nhigh: first final report with data,no,no,True,True,False,
2024-02-11,HIGHNY-24FEB11,HIGHNY-24FEB11-T46,less,,46,nws_climatological_report_daily,1fd611f12a3bba48,no,,0.0000,56,2024-02-12T06:20:00+00:00,CDUS41 KOKX 120620,nhigh: first final report with data,no,no,True,True,False,
2024-02-11,HIGHNY-24FEB11,HIGHNY-24FEB11-T53,greater,53,,nws_climatological_report_daily,1fd611f12a3bba48,yes,56.00,1.0000,56,2024-02-12T06:20:00+00:00,CDUS41 KOKX 120620,nhigh: first final report with data,yes,yes,True,True,False,
2024-02-12,HIGHNY-24FEB12,HIGHNY-24FEB12-B45.5,between,45,46,nws_climatological_report_daily,1fd611f12a3bba48,no,,0.0000,48,2024-02-13T06:17:00+00:00,CDUS41 KOKX 130617,nhigh: first final report with data,no,no,True,True,False,
2024-02-12,HIGHNY-24FEB12,HIGHNY-24FEB12-B47.5,between,47,48,nws_climatological_report_daily,1fd611f12a3bba48,yes,48.00,1.0000,48,2024-02-13T06:17:00+00:00,CDUS41 KOKX 130617,nhigh: first final report with data,yes,yes,True,True,False,
2024-02-12,HIGHNY-24FEB12,HIGHNY-24FEB12-B49.5,between,49,50,nws_climatological_report_daily,1fd611f12a3bba48,no,,0.0000,48,2024-02-13T06:17:00+00:00,CDUS41 KOKX 130617,nhigh: first final report with data,no,no,True,True,False,
2024-02-12,HIGHNY-24FEB12,HIGHNY-24FEB12-B51.5,between,51,52,nws_climatological_report_daily,1fd611f12a3bba48,no,,0.0000,48,2024-02-13T06:17:00+00:00,CDUS41 KOKX 130617,nhigh: first final report with data,no,no,True,True,False,
2024-02-12,HIGHNY-24FEB12,HIGHNY-24FEB12-T45,less,,45,nws_climatological_report_daily,1fd611f12a3bba48,no,,0.0000,48,2024-02-13T06:17:00+00:00,CDUS41 KOKX 130617,nhigh: first final report with data,no,no,True,True,False,
2024-02-12,HIGHNY-24FEB12,HIGHNY-24FEB12-T52,greater,52,,nws_climatological_report_daily,1fd611f12a3bba48,no,,0.0000,48,2024-02-13T06:17:00+00:00,CDUS41 KOKX 130617,nhigh: first final report with data,no,no,True,True,False,
2024-02-13,HIGHNY-24FEB13,HIGHNY-24FEB13-B32.5,between,32,33,nws_climatological_report_daily,1fd611f12a3bba48,no,,0.0000,41,2024-02-14T06:23:00+00:00,CDUS41 KOKX 140623,nhigh: first final report with data,no,no,True,True,False,
2024-02-13,HIGHNY-24FEB13,HIGHNY-24FEB13-B34.5,between,34,35,nws_climatological_report_daily,1fd611f12a3bba48,no,,0.0000,41,2024-02-14T06:23:00+00:00,CDUS41 KOKX 140623,nhigh: first final report with data,no,no,True,True,False,
2024-02-13,HIGHNY-24FEB13,HIGHNY-24FEB13-B36.5,between,36,37,nws_climatological_report_daily,1fd611f12a3bba48,no,,0.0000,41,2024-02-14T06:23:00+00:00,CDUS41 KOKX 140623,nhigh: first final report with data,no,no,True,True,False,
2024-02-13,HIGHNY-24FEB13,HIGHNY-24FEB13-B38.5,between,38,39,nws_climatological_report_daily,1fd611f12a3bba48,no,,0.0000,41,2024-02-14T06:23:00+00:00,CDUS41 KOKX 140623,nhigh: first final report with data,no,no,True,True,False,
2024-02-13,HIGHNY-24FEB13,HIGHNY-24FEB13-T32,less,,32,nws_climatological_report_daily,1fd611f12a3bba48,no,,0.0000,41,2024-02-14T06:23:00+00:00,CDUS41 KOKX 140623,nhigh: first final report with data,no,no,True,True,False,
2024-02-13,HIGHNY-24FEB13,HIGHNY-24FEB13-T39,greater,39,,nws_climatological_report_daily,1fd611f12a3bba48,yes,41.00,1.0000,41,2024-02-14T06:23:00+00:00,CDUS41 KOKX 140623,nhigh: first final report with data,yes,yes,True,True,False,
2024-02-14,HIGHNY-24FEB14,HIGHNY-24FEB14-B31.5,between,31,32,nws_climatological_report_daily,1fd611f12a3bba48,no,,0.0000,38,2024-02-15T06:18:00+00:00,CDUS41 KOKX 150618,nhigh: first final report with data,no,no,True,True,False,
2024-02-14,HIGHNY-24FEB14,HIGHNY-24FEB14-B33.5,between,33,34,nws_climatological_report_daily,1fd611f12a3bba48,no,,0.0000,38,2024-02-15T06:18:00+00:00,CDUS41 KOKX 150618,nhigh: first final report with data,no,no,True,True,False,
2024-02-14,HIGHNY-24FEB14,HIGHNY-24FEB14-B35.5,between,35,36,nws_climatological_report_daily,1fd611f12a3bba48,no,,0.0000,38,2024-02-15T06:18:00+00:00,CDUS41 KOKX 150618,nhigh: first final report with data,no,no,True,True,False,
2024-02-14,HIGHNY-24FEB14,HIGHNY-24FEB14-B37.5,between,37,38,nws_climatological_report_daily,1fd611f12a3bba48,yes,38.00,1.0000,38,2024-02-15T06:18:00+00:00,CDUS41 KOKX 150618,nhigh: first final report with data,yes,yes,True,True,False,
2024-02-14,HIGHNY-24FEB14,HIGHNY-24FEB14-T31,less,,31,nws_climatological_report_daily,1fd611f12a3bba48,no,,0.0000,38,2024-02-15T06:18:00+00:00,CDUS41 KOKX 150618,nhigh: first final report with data,no,no,True,True,False,
2024-02-14,HIGHNY-24FEB14,HIGHNY-24FEB14-T38,greater,38,,nws_climatological_report_daily,1fd611f12a3bba48,no,,0.0000,38,2024-02-15T06:18:00+00:00,CDUS41 KOKX 150618,nhigh: first final report with data,no,no,True,True,False,
2024-02-15,HIGHNY-24FEB15,HIGHNY-24FEB15-B36.5,between,36,37,nws_climatological_report_daily,1fd611f12a3bba48,no,,0.0000,39,2024-02-16T06:19:00+00:00,CDUS41 KOKX 160619,nhigh: first final report with data,no,no,True,True,False,
2024-02-15,HIGHNY-24FEB15,HIGHNY-24FEB15-B38.5,between,38,39,nws_climatological_report_daily,1fd611f12a3bba48,yes,39.00,1.0000,39,2024-02-16T06:19:00+00:00,CDUS41 KOKX 160619,nhigh: first final report with data,yes,yes,True,True,False,
2024-02-15,HIGHNY-24FEB15,HIGHNY-24FEB15-B40.5,between,40,41,nws_climatological_report_daily,1fd611f12a3bba48,no,,0.0000,39,2024-02-16T06:19:00+00:00,CDUS41 KOKX 160619,nhigh: first final report with data,no,no,True,True,False,
2024-02-15,HIGHNY-24FEB15,HIGHNY-24FEB15-B42.5,between,42,43,nws_climatological_report_daily,1fd611f12a3bba48,no,,0.0000,39,2024-02-16T06:19:00+00:00,CDUS41 KOKX 160619,nhigh: first final report with data,no,no,True,True,False,
2024-02-15,HIGHNY-24FEB15,HIGHNY-24FEB15-T36,less,,36,nws_climatological_report_daily,1fd611f12a3bba48,no,,0.0000,39,2024-02-16T06:19:00+00:00,CDUS41 KOKX 160619,nhigh: first final report with data,no,no,True,True,False,
2024-02-15,HIGHNY-24FEB15,HIGHNY-24FEB15-T43,greater,43,,nws_climatological_report_daily,1fd611f12a3bba48,no,,0.0000,39,2024-02-16T06:19:00+00:00,CDUS41 KOKX 160619,nhigh: first final report with data,no,no,True,True,False,
2024-02-16,HIGHNY-24FEB16,HIGHNY-24FEB16-B39.5,between,39,40,nws_climatological_report_daily,1fd611f12a3bba48,no,,0.0000,43,2024-02-17T06:20:00+00:00,CDUS41 KOKX 170620,nhigh: first final report with data,no,no,True,True,False,
2024-02-16,HIGHNY-24FEB16,HIGHNY-24FEB16-B41.5,between,41,42,nws_climatological_report_daily,1fd611f12a3bba48,no,,0.0000,43,2024-02-17T06:20:00+00:00,CDUS41 KOKX 170620,nhigh: first final report with data,no,no,True,True,False,
2024-02-16,HIGHNY-24FEB16,HIGHNY-24FEB16-B43.5,between,43,44,nws_climatological_report_daily,1fd611f12a3bba48,yes,43.00,1.0000,43,2024-02-17T06:20:00+00:00,CDUS41 KOKX 170620,nhigh: first final report with data,yes,yes,True,True,False,
2024-02-16,HIGHNY-24FEB16,HIGHNY-24FEB16-B45.5,between,45,46,nws_climatological_report_daily,1fd611f12a3bba48,no,,0.0000,43,2024-02-17T06:20:00+00:00,CDUS41 KOKX 170620,nhigh: first final report with data,no,no,True,True,False,
2024-02-16,HIGHNY-24FEB16,HIGHNY-24FEB16-T39,less,,39,nws_climatological_report_daily,1fd611f12a3bba48,no,,0.0000,43,2024-02-17T06:20:00+00:00,CDUS41 KOKX 170620,nhigh: first final report with data,no,no,True,True,False,
2024-02-16,HIGHNY-24FEB16,HIGHNY-24FEB16-T46,greater,46,,nws_climatological_report_daily,1fd611f12a3bba48,no,,0.0000,43,2024-02-17T06:20:00+00:00,CDUS41 KOKX 170620,nhigh: first final report with data,no,no,True,True,False,
2024-02-17,HIGHNY-24FEB17,HIGHNY-24FEB17-B34.5,between,34,35,nws_climatological_report_daily,1fd611f12a3bba48,no,,0.0000,36,2024-02-18T07:13:00+00:00,CDUS41 KOKX 180713,nhigh: first final report with data,no,no,True,True,False,
2024-02-17,HIGHNY-24FEB17,HIGHNY-24FEB17-B36.5,between,36,37,nws_climatological_report_daily,1fd611f12a3bba48,yes,36.00,1.0000,36,2024-02-18T07:13:00+00:00,CDUS41 KOKX 180713,nhigh: first final report with data,yes,yes,True,True,False,
2024-02-17,HIGHNY-24FEB17,HIGHNY-24FEB17-B38.5,between,38,39,nws_climatological_report_daily,1fd611f12a3bba48,no,,0.0000,36,2024-02-18T07:13:00+00:00,CDUS41 KOKX 180713,nhigh: first final report with data,no,no,True,True,False,
2024-02-17,HIGHNY-24FEB17,HIGHNY-24FEB17-B40.5,between,40,41,nws_climatological_report_daily,1fd611f12a3bba48,no,,0.0000,36,2024-02-18T07:13:00+00:00,CDUS41 KOKX 180713,nhigh: first final report with data,no,no,True,True,False,
2024-02-17,HIGHNY-24FEB17,HIGHNY-24FEB17-T34,less,,34,nws_climatological_report_daily,1fd611f12a3bba48,no,,0.0000,36,2024-02-18T07:13:00+00:00,CDUS41 KOKX 180713,nhigh: first final report with data,no,no,True,True,False,
2024-02-17,HIGHNY-24FEB17,HIGHNY-24FEB17-T41,greater,41,,nws_climatological_report_daily,1fd611f12a3bba48,no,,0.0000,36,2024-02-18T07:13:00+00:00,CDUS41 KOKX 180713,nhigh: first final report with data,no,no,True,True,False,
2024-02-18,HIGHNY-24FEB18,HIGHNY-24FEB18-B35.5,between,35,36,nws_climatological_report_daily,1fd611f12a3bba48,no,,0.0000,40,2024-02-19T08:22:00+00:00,CDUS41 KOKX 190822,nhigh: first final report with data,no,no,True,True,False,
2024-02-18,HIGHNY-24FEB18,HIGHNY-24FEB18-B37.5,between,37,38,nws_climatological_report_daily,1fd611f12a3bba48,no,,0.0000,40,2024-02-19T08:22:00+00:00,CDUS41 KOKX 190822,nhigh: first final report with data,no,no,True,True,False,
2024-02-18,HIGHNY-24FEB18,HIGHNY-24FEB18-B39.5,between,39,40,nws_climatological_report_daily,1fd611f12a3bba48,yes,40.00,1.0000,40,2024-02-19T08:22:00+00:00,CDUS41 KOKX 190822,nhigh: first final report with data,yes,yes,True,True,False,
2024-02-18,HIGHNY-24FEB18,HIGHNY-24FEB18-B41.5,between,41,42,nws_climatological_report_daily,1fd611f12a3bba48,no,,0.0000,40,2024-02-19T08:22:00+00:00,CDUS41 KOKX 190822,nhigh: first final report with data,no,no,True,True,False,
2024-02-18,HIGHNY-24FEB18,HIGHNY-24FEB18-T35,less,,35,nws_climatological_report_daily,1fd611f12a3bba48,no,,0.0000,40,2024-02-19T08:22:00+00:00,CDUS41 KOKX 190822,nhigh: first final report with data,no,no,True,True,False,
2024-02-18,HIGHNY-24FEB18,HIGHNY-24FEB18-T42,greater,42,,nws_climatological_report_daily,1fd611f12a3bba48,no,,0.0000,40,2024-02-19T08:22:00+00:00,CDUS41 KOKX 190822,nhigh: first final report with data,no,no,True,True,False,
2024-02-19,HIGHNY-24FEB19,HIGHNY-24FEB19-B37.5,between,37,38,nws_climatological_report_daily,1fd611f12a3bba48,no,,0.0000,41,2024-02-20T06:26:00+00:00,CDUS41 KOKX 200626,nhigh: first final report with data,no,no,True,True,False,
2024-02-19,HIGHNY-24FEB19,HIGHNY-24FEB19-B39.5,between,39,40,nws_climatological_report_daily,1fd611f12a3bba48,no,,0.0000,41,2024-02-20T06:26:00+00:00,CDUS41 KOKX 200626,nhigh: first final report with data,no,no,True,True,False,
2024-02-19,HIGHNY-24FEB19,HIGHNY-24FEB19-B41.5,between,41,42,nws_climatological_report_daily,1fd611f12a3bba48,yes,41.00,1.0000,41,2024-02-20T06:26:00+00:00,CDUS41 KOKX 200626,nhigh: first final report with data,yes,yes,True,True,False,
2024-02-19,HIGHNY-24FEB19,HIGHNY-24FEB19-B43.5,between,43,44,nws_climatological_report_daily,1fd611f12a3bba48,no,,0.0000,41,2024-02-20T06:26:00+00:00,CDUS41 KOKX 200626,nhigh: first final report with data,no,no,True,True,False,
2024-02-19,HIGHNY-24FEB19,HIGHNY-24FEB19-T37,less,,37,nws_climatological_report_daily,1fd611f12a3bba48,no,,0.0000,41,2024-02-20T06:26:00+00:00,CDUS41 KOKX 200626,nhigh: first final report with data,no,no,True,True,False,
2024-02-19,HIGHNY-24FEB19,HIGHNY-24FEB19-T44,greater,44,,nws_climatological_report_daily,1fd611f12a3bba48,no,,0.0000,41,2024-02-20T06:26:00+00:00,CDUS41 KOKX 200626,nhigh: first final report with data,no,no,True,True,False,
2024-02-20,HIGHNY-24FEB20,HIGHNY-24FEB20-B34.5,between,34,35,nws_climatological_report_daily,1fd611f12a3bba48,no,,0.0000,40,2024-02-21T06:18:00+00:00,CDUS41 KOKX 210618,nhigh: first final report with data,no,no,True,True,False,
2024-02-20,HIGHNY-24FEB20,HIGHNY-24FEB20-B36.5,between,36,37,nws_climatological_report_daily,1fd611f12a3bba48,no,,0.0000,40,2024-02-21T06:18:00+00:00,CDUS41 KOKX 210618,nhigh: first final report with data,no,no,True,True,False,
2024-02-20,HIGHNY-24FEB20,HIGHNY-24FEB20-B38.5,between,38,39,nws_climatological_report_daily,1fd611f12a3bba48,no,,0.0000,40,2024-02-21T06:18:00+00:00,CDUS41 KOKX 210618,nhigh: first final report with data,no,no,True,True,False,
2024-02-20,HIGHNY-24FEB20,HIGHNY-24FEB20-B40.5,between,40,41,nws_climatological_report_daily,1fd611f12a3bba48,yes,40.00,1.0000,40,2024-02-21T06:18:00+00:00,CDUS41 KOKX 210618,nhigh: first final report with data,yes,yes,True,True,False,
2024-02-20,HIGHNY-24FEB20,HIGHNY-24FEB20-T34,less,,34,nws_climatological_report_daily,1fd611f12a3bba48,no,,0.0000,40,2024-02-21T06:18:00+00:00,CDUS41 KOKX 210618,nhigh: first final report with data,no,no,True,True,False,
2024-02-20,HIGHNY-24FEB20,HIGHNY-24FEB20-T41,greater,41,,nws_climatological_report_daily,1fd611f12a3bba48,no,,0.0000,40,2024-02-21T06:18:00+00:00,CDUS41 KOKX 210618,nhigh: first final report with data,no,no,True,True,False,
2024-02-21,HIGHNY-24FEB21,HIGHNY-24FEB21-B38.5,between,38,39,nws_climatological_report_daily,1fd611f12a3bba48,no,,0.0000,43,2024-02-22T06:22:00+00:00,CDUS41 KOKX 220622,nhigh: first final report with data,no,no,True,True,False,
2024-02-21,HIGHNY-24FEB21,HIGHNY-24FEB21-B40.5,between,40,41,nws_climatological_report_daily,1fd611f12a3bba48,no,,0.0000,43,2024-02-22T06:22:00+00:00,CDUS41 KOKX 220622,nhigh: first final report with data,no,no,True,True,False,
2024-02-21,HIGHNY-24FEB21,HIGHNY-24FEB21-B42.5,between,42,43,nws_climatological_report_daily,1fd611f12a3bba48,yes,43.00,1.0000,43,2024-02-22T06:22:00+00:00,CDUS41 KOKX 220622,nhigh: first final report with data,yes,yes,True,True,False,
2024-02-21,HIGHNY-24FEB21,HIGHNY-24FEB21-B44.5,between,44,45,nws_climatological_report_daily,1fd611f12a3bba48,no,,0.0000,43,2024-02-22T06:22:00+00:00,CDUS41 KOKX 220622,nhigh: first final report with data,no,no,True,True,False,
2024-02-21,HIGHNY-24FEB21,HIGHNY-24FEB21-T38,less,,38,nws_climatological_report_daily,1fd611f12a3bba48,no,,0.0000,43,2024-02-22T06:22:00+00:00,CDUS41 KOKX 220622,nhigh: first final report with data,no,no,True,True,False,
2024-02-21,HIGHNY-24FEB21,HIGHNY-24FEB21-T45,greater,45,,nws_climatological_report_daily,1fd611f12a3bba48,no,,0.0000,43,2024-02-22T06:22:00+00:00,CDUS41 KOKX 220622,nhigh: first final report with data,no,no,True,True,False,
2024-02-22,HIGHNY-24FEB22,HIGHNY-24FEB22-B40.5,between,40,41,nws_climatological_report_daily,1fd611f12a3bba48,no,,0.0000,45,2024-02-23T06:21:00+00:00,CDUS41 KOKX 230621,nhigh: first final report with data,no,no,True,True,False,
2024-02-22,HIGHNY-24FEB22,HIGHNY-24FEB22-B42.5,between,42,43,nws_climatological_report_daily,1fd611f12a3bba48,no,,0.0000,45,2024-02-23T06:21:00+00:00,CDUS41 KOKX 230621,nhigh: first final report with data,no,no,True,True,False,
2024-02-22,HIGHNY-24FEB22,HIGHNY-24FEB22-B44.5,between,44,45,nws_climatological_report_daily,1fd611f12a3bba48,yes,45.00,1.0000,45,2024-02-23T06:21:00+00:00,CDUS41 KOKX 230621,nhigh: first final report with data,yes,yes,True,True,False,
2024-02-22,HIGHNY-24FEB22,HIGHNY-24FEB22-B46.5,between,46,47,nws_climatological_report_daily,1fd611f12a3bba48,no,,0.0000,45,2024-02-23T06:21:00+00:00,CDUS41 KOKX 230621,nhigh: first final report with data,no,no,True,True,False,
2024-02-22,HIGHNY-24FEB22,HIGHNY-24FEB22-T40,less,,40,nws_climatological_report_daily,1fd611f12a3bba48,no,,0.0000,45,2024-02-23T06:21:00+00:00,CDUS41 KOKX 230621,nhigh: first final report with data,no,no,True,True,False,
2024-02-22,HIGHNY-24FEB22,HIGHNY-24FEB22-T47,greater,47,,nws_climatological_report_daily,1fd611f12a3bba48,no,,0.0000,45,2024-02-23T06:21:00+00:00,CDUS41 KOKX 230621,nhigh: first final report with data,no,no,True,True,False,
2024-02-23,HIGHNY-24FEB23,HIGHNY-24FEB23-B45.5,between,45,46,nws_climatological_report_daily,1fd611f12a3bba48,no,,0.0000,47,2024-02-24T06:21:00+00:00,CDUS41 KOKX 240621,nhigh: first final report with data,no,no,True,True,False,
2024-02-23,HIGHNY-24FEB23,HIGHNY-24FEB23-B47.5,between,47,48,nws_climatological_report_daily,1fd611f12a3bba48,yes,47.00,1.0000,47,2024-02-24T06:21:00+00:00,CDUS41 KOKX 240621,nhigh: first final report with data,yes,yes,True,True,False,
2024-02-23,HIGHNY-24FEB23,HIGHNY-24FEB23-B49.5,between,49,50,nws_climatological_report_daily,1fd611f12a3bba48,no,,0.0000,47,2024-02-24T06:21:00+00:00,CDUS41 KOKX 240621,nhigh: first final report with data,no,no,True,True,False,
2024-02-23,HIGHNY-24FEB23,HIGHNY-24FEB23-B51.5,between,51,52,nws_climatological_report_daily,1fd611f12a3bba48,no,,0.0000,47,2024-02-24T06:21:00+00:00,CDUS41 KOKX 240621,nhigh: first final report with data,no,no,True,True,False,
2024-02-23,HIGHNY-24FEB23,HIGHNY-24FEB23-T45,less,,45,nws_climatological_report_daily,1fd611f12a3bba48,no,,0.0000,47,2024-02-24T06:21:00+00:00,CDUS41 KOKX 240621,nhigh: first final report with data,no,no,True,True,False,
2024-02-23,HIGHNY-24FEB23,HIGHNY-24FEB23-T52,greater,52,,nws_climatological_report_daily,1fd611f12a3bba48,no,,0.0000,47,2024-02-24T06:21:00+00:00,CDUS41 KOKX 240621,nhigh: first final report with data,no,no,True,True,False,
2024-02-24,HIGHNY-24FEB24,HIGHNY-24FEB24-B36.5,between,36,37,nws_climatological_report_daily,1fd611f12a3bba48,no,,0.0000,44,2024-02-25T06:17:00+00:00,CDUS41 KOKX 250617,nhigh: first final report with data,no,no,True,True,False,
2024-02-24,HIGHNY-24FEB24,HIGHNY-24FEB24-B38.5,between,38,39,nws_climatological_report_daily,1fd611f12a3bba48,no,,0.0000,44,2024-02-25T06:17:00+00:00,CDUS41 KOKX 250617,nhigh: first final report with data,no,no,True,True,False,
2024-02-24,HIGHNY-24FEB24,HIGHNY-24FEB24-B40.5,between,40,41,nws_climatological_report_daily,1fd611f12a3bba48,no,,0.0000,44,2024-02-25T06:17:00+00:00,CDUS41 KOKX 250617,nhigh: first final report with data,no,no,True,True,False,
2024-02-24,HIGHNY-24FEB24,HIGHNY-24FEB24-B42.5,between,42,43,nws_climatological_report_daily,1fd611f12a3bba48,no,,0.0000,44,2024-02-25T06:17:00+00:00,CDUS41 KOKX 250617,nhigh: first final report with data,no,no,True,True,False,
2024-02-24,HIGHNY-24FEB24,HIGHNY-24FEB24-T36,less,,36,nws_climatological_report_daily,1fd611f12a3bba48,no,,0.0000,44,2024-02-25T06:17:00+00:00,CDUS41 KOKX 250617,nhigh: first final report with data,no,no,True,True,False,
2024-02-24,HIGHNY-24FEB24,HIGHNY-24FEB24-T43,greater,43,,nws_climatological_report_daily,1fd611f12a3bba48,yes,44.00,1.0000,44,2024-02-25T06:17:00+00:00,CDUS41 KOKX 250617,nhigh: first final report with data,yes,yes,True,True,False,
2024-02-25,HIGHNY-24FEB25,HIGHNY-24FEB25-B36.5,between,36,37,nws_climatological_report_daily,1fd611f12a3bba48,no,,0.0000,41,2024-02-26T06:24:00+00:00,CDUS41 KOKX 260624,nhigh: first final report with data,no,no,True,True,False,
2024-02-25,HIGHNY-24FEB25,HIGHNY-24FEB25-B38.5,between,38,39,nws_climatological_report_daily,1fd611f12a3bba48,no,,0.0000,41,2024-02-26T06:24:00+00:00,CDUS41 KOKX 260624,nhigh: first final report with data,no,no,True,True,False,
2024-02-25,HIGHNY-24FEB25,HIGHNY-24FEB25-B40.5,between,40,41,nws_climatological_report_daily,1fd611f12a3bba48,yes,41.00,1.0000,41,2024-02-26T06:24:00+00:00,CDUS41 KOKX 260624,nhigh: first final report with data,yes,yes,True,True,False,
2024-02-25,HIGHNY-24FEB25,HIGHNY-24FEB25-B42.5,between,42,43,nws_climatological_report_daily,1fd611f12a3bba48,no,,0.0000,41,2024-02-26T06:24:00+00:00,CDUS41 KOKX 260624,nhigh: first final report with data,no,no,True,True,False,
2024-02-25,HIGHNY-24FEB25,HIGHNY-24FEB25-T36,less,,36,nws_climatological_report_daily,1fd611f12a3bba48,no,,0.0000,41,2024-02-26T06:24:00+00:00,CDUS41 KOKX 260624,nhigh: first final report with data,no,no,True,True,False,
2024-02-25,HIGHNY-24FEB25,HIGHNY-24FEB25-T43,greater,43,,nws_climatological_report_daily,1fd611f12a3bba48,no,,0.0000,41,2024-02-26T06:24:00+00:00,CDUS41 KOKX 260624,nhigh: first final report with data,no,no,True,True,False,
2024-02-26,HIGHNY-24FEB26,HIGHNY-24FEB26-B49.5,between,49,50,nws_climatological_report_daily,1fd611f12a3bba48,no,,0.0000,55,2024-02-27T06:57:00+00:00,CDUS41 KOKX 270657,nhigh: first final report with data,no,no,True,True,False,
2024-02-26,HIGHNY-24FEB26,HIGHNY-24FEB26-B51.5,between,51,52,nws_climatological_report_daily,1fd611f12a3bba48,no,,0.0000,55,2024-02-27T06:57:00+00:00,CDUS41 KOKX 270657,nhigh: first final report with data,no,no,True,True,False,
2024-02-26,HIGHNY-24FEB26,HIGHNY-24FEB26-B53.5,between,53,54,nws_climatological_report_daily,1fd611f12a3bba48,no,,0.0000,55,2024-02-27T06:57:00+00:00,CDUS41 KOKX 270657,nhigh: first final report with data,no,no,True,True,False,
2024-02-26,HIGHNY-24FEB26,HIGHNY-24FEB26-B55.5,between,55,56,nws_climatological_report_daily,1fd611f12a3bba48,yes,55.00,1.0000,55,2024-02-27T06:57:00+00:00,CDUS41 KOKX 270657,nhigh: first final report with data,yes,yes,True,True,False,
2024-02-26,HIGHNY-24FEB26,HIGHNY-24FEB26-T49,less,,49,nws_climatological_report_daily,1fd611f12a3bba48,no,,0.0000,55,2024-02-27T06:57:00+00:00,CDUS41 KOKX 270657,nhigh: first final report with data,no,no,True,True,False,
2024-02-26,HIGHNY-24FEB26,HIGHNY-24FEB26-T56,greater,56,,nws_climatological_report_daily,1fd611f12a3bba48,no,,0.0000,55,2024-02-27T06:57:00+00:00,CDUS41 KOKX 270657,nhigh: first final report with data,no,no,True,True,False,
2024-02-27,HIGHNY-24FEB27,HIGHNY-24FEB27-B52.5,between,52,53,nws_climatological_report_daily,1fd611f12a3bba48,no,,0.0000,55,2024-02-28T07:08:00+00:00,CDUS41 KOKX 280708,nhigh: first final report with data,no,no,True,True,False,
2024-02-27,HIGHNY-24FEB27,HIGHNY-24FEB27-B54.5,between,54,55,nws_climatological_report_daily,1fd611f12a3bba48,yes,55.00,1.0000,55,2024-02-28T07:08:00+00:00,CDUS41 KOKX 280708,nhigh: first final report with data,yes,yes,True,True,False,
2024-02-27,HIGHNY-24FEB27,HIGHNY-24FEB27-B56.5,between,56,57,nws_climatological_report_daily,1fd611f12a3bba48,no,,0.0000,55,2024-02-28T07:08:00+00:00,CDUS41 KOKX 280708,nhigh: first final report with data,no,no,True,True,False,
2024-02-27,HIGHNY-24FEB27,HIGHNY-24FEB27-B58.5,between,58,59,nws_climatological_report_daily,1fd611f12a3bba48,no,,0.0000,55,2024-02-28T07:08:00+00:00,CDUS41 KOKX 280708,nhigh: first final report with data,no,no,True,True,False,
2024-02-27,HIGHNY-24FEB27,HIGHNY-24FEB27-T52,less,,52,nws_climatological_report_daily,1fd611f12a3bba48,no,,0.0000,55,2024-02-28T07:08:00+00:00,CDUS41 KOKX 280708,nhigh: first final report with data,no,no,True,True,False,
2024-02-27,HIGHNY-24FEB27,HIGHNY-24FEB27-T59,greater,59,,nws_climatological_report_daily,1fd611f12a3bba48,no,,0.0000,55,2024-02-28T07:08:00+00:00,CDUS41 KOKX 280708,nhigh: first final report with data,no,no,True,True,False,
2024-02-28,HIGHNY-24FEB28,HIGHNY-24FEB28-B57.5,between,57,58,nws_climatological_report_daily,1fd611f12a3bba48,no,,0.0000,62,2024-02-29T06:32:00+00:00,CDUS41 KOKX 290632,nhigh: first final report with data,no,no,True,True,False,
2024-02-28,HIGHNY-24FEB28,HIGHNY-24FEB28-B59.5,between,59,60,nws_climatological_report_daily,1fd611f12a3bba48,no,,0.0000,62,2024-02-29T06:32:00+00:00,CDUS41 KOKX 290632,nhigh: first final report with data,no,no,True,True,False,
2024-02-28,HIGHNY-24FEB28,HIGHNY-24FEB28-B61.5,between,61,62,nws_climatological_report_daily,1fd611f12a3bba48,yes,62.00,1.0000,62,2024-02-29T06:32:00+00:00,CDUS41 KOKX 290632,nhigh: first final report with data,yes,yes,True,True,False,
2024-02-28,HIGHNY-24FEB28,HIGHNY-24FEB28-B63.5,between,63,64,nws_climatological_report_daily,1fd611f12a3bba48,no,,0.0000,62,2024-02-29T06:32:00+00:00,CDUS41 KOKX 290632,nhigh: first final report with data,no,no,True,True,False,
2024-02-28,HIGHNY-24FEB28,HIGHNY-24FEB28-T57,less,,57,nws_climatological_report_daily,1fd611f12a3bba48,no,,0.0000,62,2024-02-29T06:32:00+00:00,CDUS41 KOKX 290632,nhigh: first final report with data,no,no,True,True,False,
2024-02-28,HIGHNY-24FEB28,HIGHNY-24FEB28-T64,greater,64,,nws_climatological_report_daily,1fd611f12a3bba48,no,,0.0000,62,2024-02-29T06:32:00+00:00,CDUS41 KOKX 290632,nhigh: first final report with data,no,no,True,True,False,
2024-02-29,HIGHNY-24FEB29,HIGHNY-24FEB29-B35.5,between,35,36,nws_climatological_report_daily,1fd611f12a3bba48,no,,0.0000,43,2024-03-01T06:26:00+00:00,CDUS41 KOKX 010626,nhigh: first final report with data,no,no,True,True,False,
2024-02-29,HIGHNY-24FEB29,HIGHNY-24FEB29-B37.5,between,37,38,nws_climatological_report_daily,1fd611f12a3bba48,no,,0.0000,43,2024-03-01T06:26:00+00:00,CDUS41 KOKX 010626,nhigh: first final report with data,no,no,True,True,False,
2024-02-29,HIGHNY-24FEB29,HIGHNY-24FEB29-B39.5,between,39,40,nws_climatological_report_daily,1fd611f12a3bba48,no,,0.0000,43,2024-03-01T06:26:00+00:00,CDUS41 KOKX 010626,nhigh: first final report with data,no,no,True,True,False,
2024-02-29,HIGHNY-24FEB29,HIGHNY-24FEB29-B41.5,between,41,42,nws_climatological_report_daily,1fd611f12a3bba48,no,,0.0000,43,2024-03-01T06:26:00+00:00,CDUS41 KOKX 010626,nhigh: first final report with data,no,no,True,True,False,
2024-02-29,HIGHNY-24FEB29,HIGHNY-24FEB29-T35,less,,35,nws_climatological_report_daily,1fd611f12a3bba48,no,,0.0000,43,2024-03-01T06:26:00+00:00,CDUS41 KOKX 010626,nhigh: first final report with data,no,no,True,True,False,
2024-02-29,HIGHNY-24FEB29,HIGHNY-24FEB29-T42,greater,42,,nws_climatological_report_daily,1fd611f12a3bba48,yes,43.00,1.0000,43,2024-03-01T06:26:00+00:00,CDUS41 KOKX 010626,nhigh: first final report with data,yes,yes,True,True,False,
2024-03-01,HIGHNY-24MAR01,HIGHNY-24MAR01-B42.5,between,42,43,nws_climatological_report_daily,1fd611f12a3bba48,no,,0.0000,48,2024-03-02T06:24:00+00:00,CDUS41 KOKX 020624,nhigh: first final report with data,no,no,True,True,False,
2024-03-01,HIGHNY-24MAR01,HIGHNY-24MAR01-B44.5,between,44,45,nws_climatological_report_daily,1fd611f12a3bba48,no,,0.0000,48,2024-03-02T06:24:00+00:00,CDUS41 KOKX 020624,nhigh: first final report with data,no,no,True,True,False,
2024-03-01,HIGHNY-24MAR01,HIGHNY-24MAR01-B46.5,between,46,47,nws_climatological_report_daily,1fd611f12a3bba48,no,,0.0000,48,2024-03-02T06:24:00+00:00,CDUS41 KOKX 020624,nhigh: first final report with data,no,no,True,True,False,
2024-03-01,HIGHNY-24MAR01,HIGHNY-24MAR01-B48.5,between,48,49,nws_climatological_report_daily,1fd611f12a3bba48,yes,48.00,1.0000,48,2024-03-02T06:24:00+00:00,CDUS41 KOKX 020624,nhigh: first final report with data,yes,yes,True,True,False,
2024-03-01,HIGHNY-24MAR01,HIGHNY-24MAR01-T42,less,,42,nws_climatological_report_daily,1fd611f12a3bba48,no,,0.0000,48,2024-03-02T06:24:00+00:00,CDUS41 KOKX 020624,nhigh: first final report with data,no,no,True,True,False,
2024-03-01,HIGHNY-24MAR01,HIGHNY-24MAR01-T49,greater,49,,nws_climatological_report_daily,1fd611f12a3bba48,no,,0.0000,48,2024-03-02T06:24:00+00:00,CDUS41 KOKX 020624,nhigh: first final report with data,no,no,True,True,False,
2024-03-02,HIGHNY-24MAR02,HIGHNY-24MAR02-B46.5,between,46,47,nws_climatological_report_daily,1fd611f12a3bba48,no,,0.0000,55,2024-03-03T06:34:00+00:00,CDUS41 KOKX 030634,nhigh: first final report with data,no,no,True,True,False,
2024-03-02,HIGHNY-24MAR02,HIGHNY-24MAR02-B48.5,between,48,49,nws_climatological_report_daily,1fd611f12a3bba48,no,,0.0000,55,2024-03-03T06:34:00+00:00,CDUS41 KOKX 030634,nhigh: first final report with data,no,no,True,True,False,
2024-03-02,HIGHNY-24MAR02,HIGHNY-24MAR02-B50.5,between,50,51,nws_climatological_report_daily,1fd611f12a3bba48,no,,0.0000,55,2024-03-03T06:34:00+00:00,CDUS41 KOKX 030634,nhigh: first final report with data,no,no,True,True,False,
2024-03-02,HIGHNY-24MAR02,HIGHNY-24MAR02-B52.5,between,52,53,nws_climatological_report_daily,1fd611f12a3bba48,no,,0.0000,55,2024-03-03T06:34:00+00:00,CDUS41 KOKX 030634,nhigh: first final report with data,no,no,True,True,False,
2024-03-02,HIGHNY-24MAR02,HIGHNY-24MAR02-T46,less,,46,nws_climatological_report_daily,1fd611f12a3bba48,no,,0.0000,55,2024-03-03T06:34:00+00:00,CDUS41 KOKX 030634,nhigh: first final report with data,no,no,True,True,False,
2024-03-02,HIGHNY-24MAR02,HIGHNY-24MAR02-T53,greater,53,,nws_climatological_report_daily,1fd611f12a3bba48,yes,55.00,1.0000,55,2024-03-03T06:34:00+00:00,CDUS41 KOKX 030634,nhigh: first final report with data,yes,yes,True,True,False,
2024-03-03,HIGHNY-24MAR03,HIGHNY-24MAR03-B56.5,between,56,57,nws_climatological_report_daily,1fd611f12a3bba48,no,,0.0000,68,2024-03-04T06:18:00+00:00,CDUS41 KOKX 040618,nhigh: first final report with data,no,no,True,True,False,
2024-03-03,HIGHNY-24MAR03,HIGHNY-24MAR03-B58.5,between,58,59,nws_climatological_report_daily,1fd611f12a3bba48,no,,0.0000,68,2024-03-04T06:18:00+00:00,CDUS41 KOKX 040618,nhigh: first final report with data,no,no,True,True,False,
2024-03-03,HIGHNY-24MAR03,HIGHNY-24MAR03-B60.5,between,60,61,nws_climatological_report_daily,1fd611f12a3bba48,no,,0.0000,68,2024-03-04T06:18:00+00:00,CDUS41 KOKX 040618,nhigh: first final report with data,no,no,True,True,False,
2024-03-03,HIGHNY-24MAR03,HIGHNY-24MAR03-B62.5,between,62,63,nws_climatological_report_daily,1fd611f12a3bba48,no,,0.0000,68,2024-03-04T06:18:00+00:00,CDUS41 KOKX 040618,nhigh: first final report with data,no,no,True,True,False,
2024-03-03,HIGHNY-24MAR03,HIGHNY-24MAR03-T56,less,,56,nws_climatological_report_daily,1fd611f12a3bba48,no,,0.0000,68,2024-03-04T06:18:00+00:00,CDUS41 KOKX 040618,nhigh: first final report with data,no,no,True,True,False,
2024-03-03,HIGHNY-24MAR03,HIGHNY-24MAR03-T63,greater,63,,nws_climatological_report_daily,1fd611f12a3bba48,yes,68.00,1.0000,68,2024-03-04T06:18:00+00:00,CDUS41 KOKX 040618,nhigh: first final report with data,yes,yes,True,True,False,
2024-03-04,HIGHNY-24MAR04,HIGHNY-24MAR04-B54.5,between,54,55,nws_climatological_report_daily,1fd611f12a3bba48,no,,0.0000,59,2024-03-05T06:17:00+00:00,CDUS41 KOKX 050617,nhigh: first final report with data,no,no,True,True,False,
2024-03-04,HIGHNY-24MAR04,HIGHNY-24MAR04-B56.5,between,56,57,nws_climatological_report_daily,1fd611f12a3bba48,no,,0.0000,59,2024-03-05T06:17:00+00:00,CDUS41 KOKX 050617,nhigh: first final report with data,no,no,True,True,False,
2024-03-04,HIGHNY-24MAR04,HIGHNY-24MAR04-B58.5,between,58,59,nws_climatological_report_daily,1fd611f12a3bba48,yes,59.00,1.0000,59,2024-03-05T06:17:00+00:00,CDUS41 KOKX 050617,nhigh: first final report with data,yes,yes,True,True,False,
2024-03-04,HIGHNY-24MAR04,HIGHNY-24MAR04-B60.5,between,60,61,nws_climatological_report_daily,1fd611f12a3bba48,no,,0.0000,59,2024-03-05T06:17:00+00:00,CDUS41 KOKX 050617,nhigh: first final report with data,no,no,True,True,False,
2024-03-04,HIGHNY-24MAR04,HIGHNY-24MAR04-T54,less,,54,nws_climatological_report_daily,1fd611f12a3bba48,no,,0.0000,59,2024-03-05T06:17:00+00:00,CDUS41 KOKX 050617,nhigh: first final report with data,no,no,True,True,False,
2024-03-04,HIGHNY-24MAR04,HIGHNY-24MAR04-T61,greater,61,,nws_climatological_report_daily,1fd611f12a3bba48,no,,0.0000,59,2024-03-05T06:17:00+00:00,CDUS41 KOKX 050617,nhigh: first final report with data,no,no,True,True,False,
2024-03-05,HIGHNY-24MAR05,HIGHNY-24MAR05-B47.5,between,47,48,nws_climatological_report_daily,1fd611f12a3bba48,no,,0.0000,49,2024-03-06T06:29:00+00:00,CDUS41 KOKX 060629,nhigh: first final report with data,no,no,True,True,False,
2024-03-05,HIGHNY-24MAR05,HIGHNY-24MAR05-B49.5,between,49,50,nws_climatological_report_daily,1fd611f12a3bba48,yes,49.00,1.0000,49,2024-03-06T06:29:00+00:00,CDUS41 KOKX 060629,nhigh: first final report with data,yes,yes,True,True,False,
2024-03-05,HIGHNY-24MAR05,HIGHNY-24MAR05-B51.5,between,51,52,nws_climatological_report_daily,1fd611f12a3bba48,no,,0.0000,49,2024-03-06T06:29:00+00:00,CDUS41 KOKX 060629,nhigh: first final report with data,no,no,True,True,False,
2024-03-05,HIGHNY-24MAR05,HIGHNY-24MAR05-B53.5,between,53,54,nws_climatological_report_daily,1fd611f12a3bba48,no,,0.0000,49,2024-03-06T06:29:00+00:00,CDUS41 KOKX 060629,nhigh: first final report with data,no,no,True,True,False,
2024-03-05,HIGHNY-24MAR05,HIGHNY-24MAR05-T47,less,,47,nws_climatological_report_daily,1fd611f12a3bba48,no,,0.0000,49,2024-03-06T06:29:00+00:00,CDUS41 KOKX 060629,nhigh: first final report with data,no,no,True,True,False,
2024-03-05,HIGHNY-24MAR05,HIGHNY-24MAR05-T54,greater,54,,nws_climatological_report_daily,1fd611f12a3bba48,no,,0.0000,49,2024-03-06T06:29:00+00:00,CDUS41 KOKX 060629,nhigh: first final report with data,no,no,True,True,False,
2024-03-06,HIGHNY-24MAR06,HIGHNY-24MAR06-B52.5,between,52,53,nws_climatological_report_daily,1fd611f12a3bba48,yes,53.00,1.0000,53,2024-03-07T06:19:00+00:00,CDUS41 KOKX 070619,nhigh: first final report with data,yes,yes,True,True,False,
2024-03-06,HIGHNY-24MAR06,HIGHNY-24MAR06-B54.5,between,54,55,nws_climatological_report_daily,1fd611f12a3bba48,no,,0.0000,53,2024-03-07T06:19:00+00:00,CDUS41 KOKX 070619,nhigh: first final report with data,no,no,True,True,False,
2024-03-06,HIGHNY-24MAR06,HIGHNY-24MAR06-B56.5,between,56,57,nws_climatological_report_daily,1fd611f12a3bba48,no,,0.0000,53,2024-03-07T06:19:00+00:00,CDUS41 KOKX 070619,nhigh: first final report with data,no,no,True,True,False,
2024-03-06,HIGHNY-24MAR06,HIGHNY-24MAR06-B58.5,between,58,59,nws_climatological_report_daily,1fd611f12a3bba48,no,,0.0000,53,2024-03-07T06:19:00+00:00,CDUS41 KOKX 070619,nhigh: first final report with data,no,no,True,True,False,
2024-03-06,HIGHNY-24MAR06,HIGHNY-24MAR06-T52,less,,52,nws_climatological_report_daily,1fd611f12a3bba48,no,,0.0000,53,2024-03-07T06:19:00+00:00,CDUS41 KOKX 070619,nhigh: first final report with data,no,no,True,True,False,
2024-03-06,HIGHNY-24MAR06,HIGHNY-24MAR06-T59,greater,59,,nws_climatological_report_daily,1fd611f12a3bba48,no,,0.0000,53,2024-03-07T06:19:00+00:00,CDUS41 KOKX 070619,nhigh: first final report with data,no,no,True,True,False,
2024-03-07,HIGHNY-24MAR07,HIGHNY-24MAR07-B50.5,between,50,51,nws_climatological_report_daily,1fd611f12a3bba48,no,,0.0000,54,2024-03-08T06:27:00+00:00,CDUS41 KOKX 080627,nhigh: first final report with data,no,no,True,True,False,
2024-03-07,HIGHNY-24MAR07,HIGHNY-24MAR07-B52.5,between,52,53,nws_climatological_report_daily,1fd611f12a3bba48,no,,0.0000,54,2024-03-08T06:27:00+00:00,CDUS41 KOKX 080627,nhigh: first final report with data,no,no,True,True,False,
2024-03-07,HIGHNY-24MAR07,HIGHNY-24MAR07-B54.5,between,54,55,nws_climatological_report_daily,1fd611f12a3bba48,yes,54.00,1.0000,54,2024-03-08T06:27:00+00:00,CDUS41 KOKX 080627,nhigh: first final report with data,yes,yes,True,True,False,
2024-03-07,HIGHNY-24MAR07,HIGHNY-24MAR07-B56.5,between,56,57,nws_climatological_report_daily,1fd611f12a3bba48,no,,0.0000,54,2024-03-08T06:27:00+00:00,CDUS41 KOKX 080627,nhigh: first final report with data,no,no,True,True,False,
2024-03-07,HIGHNY-24MAR07,HIGHNY-24MAR07-T50,less,,50,nws_climatological_report_daily,1fd611f12a3bba48,no,,0.0000,54,2024-03-08T06:27:00+00:00,CDUS41 KOKX 080627,nhigh: first final report with data,no,no,True,True,False,
2024-03-07,HIGHNY-24MAR07,HIGHNY-24MAR07-T57,greater,57,,nws_climatological_report_daily,1fd611f12a3bba48,no,,0.0000,54,2024-03-08T06:27:00+00:00,CDUS41 KOKX 080627,nhigh: first final report with data,no,no,True,True,False,
2024-03-08,HIGHNY-24MAR08,HIGHNY-24MAR08-B50.5,between,50,51,nws_climatological_report_daily,1fd611f12a3bba48,no,,0.0000,57,2024-03-09T08:21:00+00:00,CDUS41 KOKX 090821,nhigh: first final report with data,no,no,True,True,False,
2024-03-08,HIGHNY-24MAR08,HIGHNY-24MAR08-B52.5,between,52,53,nws_climatological_report_daily,1fd611f12a3bba48,no,,0.0000,57,2024-03-09T08:21:00+00:00,CDUS41 KOKX 090821,nhigh: first final report with data,no,no,True,True,False,
2024-03-08,HIGHNY-24MAR08,HIGHNY-24MAR08-B54.5,between,54,55,nws_climatological_report_daily,1fd611f12a3bba48,no,,0.0000,57,2024-03-09T08:21:00+00:00,CDUS41 KOKX 090821,nhigh: first final report with data,no,no,True,True,False,
2024-03-08,HIGHNY-24MAR08,HIGHNY-24MAR08-B56.5,between,56,57,nws_climatological_report_daily,1fd611f12a3bba48,yes,57.00,1.0000,57,2024-03-09T08:21:00+00:00,CDUS41 KOKX 090821,nhigh: first final report with data,yes,yes,True,True,False,
2024-03-08,HIGHNY-24MAR08,HIGHNY-24MAR08-T50,less,,50,nws_climatological_report_daily,1fd611f12a3bba48,no,,0.0000,57,2024-03-09T08:21:00+00:00,CDUS41 KOKX 090821,nhigh: first final report with data,no,no,True,True,False,
2024-03-08,HIGHNY-24MAR08,HIGHNY-24MAR08-T57,greater,57,,nws_climatological_report_daily,1fd611f12a3bba48,no,,0.0000,57,2024-03-09T08:21:00+00:00,CDUS41 KOKX 090821,nhigh: first final report with data,no,no,True,True,False,
2024-03-09,HIGHNY-24MAR09,HIGHNY-24MAR09-B47.5,between,47,48,nws_climatological_report_daily,1fd611f12a3bba48,no,,0.0000,49,2024-03-10T06:18:00+00:00,CDUS41 KOKX 100618,nhigh: first final report with data,no,no,True,True,False,
2024-03-09,HIGHNY-24MAR09,HIGHNY-24MAR09-B49.5,between,49,50,nws_climatological_report_daily,1fd611f12a3bba48,yes,49.00,1.0000,49,2024-03-10T06:18:00+00:00,CDUS41 KOKX 100618,nhigh: first final report with data,yes,yes,True,True,False,
2024-03-09,HIGHNY-24MAR09,HIGHNY-24MAR09-B51.5,between,51,52,nws_climatological_report_daily,1fd611f12a3bba48,no,,0.0000,49,2024-03-10T06:18:00+00:00,CDUS41 KOKX 100618,nhigh: first final report with data,no,no,True,True,False,
2024-03-09,HIGHNY-24MAR09,HIGHNY-24MAR09-B53.5,between,53,54,nws_climatological_report_daily,1fd611f12a3bba48,no,,0.0000,49,2024-03-10T06:18:00+00:00,CDUS41 KOKX 100618,nhigh: first final report with data,no,no,True,True,False,
2024-03-09,HIGHNY-24MAR09,HIGHNY-24MAR09-T47,less,,47,nws_climatological_report_daily,1fd611f12a3bba48,no,,0.0000,49,2024-03-10T06:18:00+00:00,CDUS41 KOKX 100618,nhigh: first final report with data,no,no,True,True,False,
2024-03-09,HIGHNY-24MAR09,HIGHNY-24MAR09-T54,greater,54,,nws_climatological_report_daily,1fd611f12a3bba48,no,,0.0000,49,2024-03-10T06:18:00+00:00,CDUS41 KOKX 100618,nhigh: first final report with data,no,no,True,True,False,
2024-03-10,HIGHNY-24MAR10,HIGHNY-24MAR10-B48.5,between,48,49,nws_climatological_report_daily,1fd611f12a3bba48,no,,0.0000,51,2024-03-11T06:20:00+00:00,CDUS41 KOKX 110620,nhigh: first final report with data,no,no,True,True,False,
2024-03-10,HIGHNY-24MAR10,HIGHNY-24MAR10-B50.5,between,50,51,nws_climatological_report_daily,1fd611f12a3bba48,yes,51.00,1.0000,51,2024-03-11T06:20:00+00:00,CDUS41 KOKX 110620,nhigh: first final report with data,yes,yes,True,True,False,
2024-03-10,HIGHNY-24MAR10,HIGHNY-24MAR10-B52.5,between,52,53,nws_climatological_report_daily,1fd611f12a3bba48,no,,0.0000,51,2024-03-11T06:20:00+00:00,CDUS41 KOKX 110620,nhigh: first final report with data,no,no,True,True,False,
2024-03-10,HIGHNY-24MAR10,HIGHNY-24MAR10-B54.5,between,54,55,nws_climatological_report_daily,1fd611f12a3bba48,no,,0.0000,51,2024-03-11T06:20:00+00:00,CDUS41 KOKX 110620,nhigh: first final report with data,no,no,True,True,False,
2024-03-10,HIGHNY-24MAR10,HIGHNY-24MAR10-T48,less,,48,nws_climatological_report_daily,1fd611f12a3bba48,no,,0.0000,51,2024-03-11T06:20:00+00:00,CDUS41 KOKX 110620,nhigh: first final report with data,no,no,True,True,False,
2024-03-10,HIGHNY-24MAR10,HIGHNY-24MAR10-T55,greater,55,,nws_climatological_report_daily,1fd611f12a3bba48,no,,0.0000,51,2024-03-11T06:20:00+00:00,CDUS41 KOKX 110620,nhigh: first final report with data,no,no,True,True,False,
2024-03-11,HIGHNY-24MAR11,HIGHNY-24MAR11-B46.5,between,46,47,nws_climatological_report_daily,1fd611f12a3bba48,no,,0.0000,52,2024-03-12T06:42:00+00:00,CDUS41 KOKX 120642,nhigh: first final report with data,no,no,True,True,False,
2024-03-11,HIGHNY-24MAR11,HIGHNY-24MAR11-B48.5,between,48,49,nws_climatological_report_daily,1fd611f12a3bba48,no,,0.0000,52,2024-03-12T06:42:00+00:00,CDUS41 KOKX 120642,nhigh: first final report with data,no,no,True,True,False,
2024-03-11,HIGHNY-24MAR11,HIGHNY-24MAR11-B50.5,between,50,51,nws_climatological_report_daily,1fd611f12a3bba48,no,,0.0000,52,2024-03-12T06:42:00+00:00,CDUS41 KOKX 120642,nhigh: first final report with data,no,no,True,True,False,
2024-03-11,HIGHNY-24MAR11,HIGHNY-24MAR11-B52.5,between,52,53,nws_climatological_report_daily,1fd611f12a3bba48,yes,52.00,1.0000,52,2024-03-12T06:42:00+00:00,CDUS41 KOKX 120642,nhigh: first final report with data,yes,yes,True,True,False,
2024-03-11,HIGHNY-24MAR11,HIGHNY-24MAR11-T46,less,,46,nws_climatological_report_daily,1fd611f12a3bba48,no,,0.0000,52,2024-03-12T06:42:00+00:00,CDUS41 KOKX 120642,nhigh: first final report with data,no,no,True,True,False,
2024-03-11,HIGHNY-24MAR11,HIGHNY-24MAR11-T53,greater,53,,nws_climatological_report_daily,1fd611f12a3bba48,no,,0.0000,52,2024-03-12T06:42:00+00:00,CDUS41 KOKX 120642,nhigh: first final report with data,no,no,True,True,False,
2024-03-12,HIGHNY-24MAR12,HIGHNY-24MAR12-B57.5,between,57,58,nws_climatological_report_daily,1fd611f12a3bba48,no,,0.0000,66,2024-03-13T06:16:00+00:00,CDUS41 KOKX 130616,nhigh: first final report with data,no,no,True,True,False,
2024-03-12,HIGHNY-24MAR12,HIGHNY-24MAR12-B59.5,between,59,60,nws_climatological_report_daily,1fd611f12a3bba48,no,,0.0000,66,2024-03-13T06:16:00+00:00,CDUS41 KOKX 130616,nhigh: first final report with data,no,no,True,True,False,
2024-03-12,HIGHNY-24MAR12,HIGHNY-24MAR12-B61.5,between,61,62,nws_climatological_report_daily,1fd611f12a3bba48,no,,0.0000,66,2024-03-13T06:16:00+00:00,CDUS41 KOKX 130616,nhigh: first final report with data,no,no,True,True,False,
2024-03-12,HIGHNY-24MAR12,HIGHNY-24MAR12-B63.5,between,63,64,nws_climatological_report_daily,1fd611f12a3bba48,no,,0.0000,66,2024-03-13T06:16:00+00:00,CDUS41 KOKX 130616,nhigh: first final report with data,no,no,True,True,False,
2024-03-12,HIGHNY-24MAR12,HIGHNY-24MAR12-T57,less,,57,nws_climatological_report_daily,1fd611f12a3bba48,no,,0.0000,66,2024-03-13T06:16:00+00:00,CDUS41 KOKX 130616,nhigh: first final report with data,no,no,True,True,False,
2024-03-12,HIGHNY-24MAR12,HIGHNY-24MAR12-T64,greater,64,,nws_climatological_report_daily,1fd611f12a3bba48,yes,66.00,1.0000,66,2024-03-13T06:16:00+00:00,CDUS41 KOKX 130616,nhigh: first final report with data,yes,yes,True,True,False,
2024-03-13,HIGHNY-24MAR13,HIGHNY-24MAR13-B64.5,between,64,65,nws_climatological_report_daily,1fd611f12a3bba48,no,,0.0000,62,2024-03-14T06:17:00+00:00,CDUS41 KOKX 140617,nhigh: first final report with data,no,no,True,True,False,
2024-03-13,HIGHNY-24MAR13,HIGHNY-24MAR13-B66.5,between,66,67,nws_climatological_report_daily,1fd611f12a3bba48,no,,0.0000,62,2024-03-14T06:17:00+00:00,CDUS41 KOKX 140617,nhigh: first final report with data,no,no,True,True,False,
2024-03-13,HIGHNY-24MAR13,HIGHNY-24MAR13-B68.5,between,68,69,nws_climatological_report_daily,1fd611f12a3bba48,no,,0.0000,62,2024-03-14T06:17:00+00:00,CDUS41 KOKX 140617,nhigh: first final report with data,no,no,True,True,False,
2024-03-13,HIGHNY-24MAR13,HIGHNY-24MAR13-B70.5,between,70,71,nws_climatological_report_daily,1fd611f12a3bba48,no,,0.0000,62,2024-03-14T06:17:00+00:00,CDUS41 KOKX 140617,nhigh: first final report with data,no,no,True,True,False,
2024-03-13,HIGHNY-24MAR13,HIGHNY-24MAR13-T64,less,,64,nws_climatological_report_daily,1fd611f12a3bba48,yes,62.00,1.0000,62,2024-03-14T06:17:00+00:00,CDUS41 KOKX 140617,nhigh: first final report with data,yes,yes,True,True,False,
2024-03-13,HIGHNY-24MAR13,HIGHNY-24MAR13-T71,greater,71,,nws_climatological_report_daily,1fd611f12a3bba48,no,,0.0000,62,2024-03-14T06:17:00+00:00,CDUS41 KOKX 140617,nhigh: first final report with data,no,no,True,True,False,
2024-03-14,HIGHNY-24MAR14,HIGHNY-24MAR14-B67.5,between,67,68,nws_climatological_report_daily,1fd611f12a3bba48,no,,0.0000,74,2024-03-15T06:21:00+00:00,CDUS41 KOKX 150621,nhigh: first final report with data,no,no,True,True,False,
2024-03-14,HIGHNY-24MAR14,HIGHNY-24MAR14-B69.5,between,69,70,nws_climatological_report_daily,1fd611f12a3bba48,no,,0.0000,74,2024-03-15T06:21:00+00:00,CDUS41 KOKX 150621,nhigh: first final report with data,no,no,True,True,False,
2024-03-14,HIGHNY-24MAR14,HIGHNY-24MAR14-B71.5,between,71,72,nws_climatological_report_daily,1fd611f12a3bba48,no,,0.0000,74,2024-03-15T06:21:00+00:00,CDUS41 KOKX 150621,nhigh: first final report with data,no,no,True,True,False,
2024-03-14,HIGHNY-24MAR14,HIGHNY-24MAR14-B73.5,between,73,74,nws_climatological_report_daily,1fd611f12a3bba48,yes,74.00,1.0000,74,2024-03-15T06:21:00+00:00,CDUS41 KOKX 150621,nhigh: first final report with data,yes,yes,True,True,False,
2024-03-14,HIGHNY-24MAR14,HIGHNY-24MAR14-T67,less,,67,nws_climatological_report_daily,1fd611f12a3bba48,no,,0.0000,74,2024-03-15T06:21:00+00:00,CDUS41 KOKX 150621,nhigh: first final report with data,no,no,True,True,False,
2024-03-14,HIGHNY-24MAR14,HIGHNY-24MAR14-T74,greater,74,,nws_climatological_report_daily,1fd611f12a3bba48,no,,0.0000,74,2024-03-15T06:21:00+00:00,CDUS41 KOKX 150621,nhigh: first final report with data,no,no,True,True,False,
2024-03-15,HIGHNY-24MAR15,HIGHNY-24MAR15-B60.5,between,60,61,nws_climatological_report_daily,1fd611f12a3bba48,no,,0.0000,73,2024-03-16T06:21:00+00:00,CDUS41 KOKX 160621,nhigh: first final report with data,no,no,True,True,False,
2024-03-15,HIGHNY-24MAR15,HIGHNY-24MAR15-B62.5,between,62,63,nws_climatological_report_daily,1fd611f12a3bba48,no,,0.0000,73,2024-03-16T06:21:00+00:00,CDUS41 KOKX 160621,nhigh: first final report with data,no,no,True,True,False,
2024-03-15,HIGHNY-24MAR15,HIGHNY-24MAR15-B64.5,between,64,65,nws_climatological_report_daily,1fd611f12a3bba48,no,,0.0000,73,2024-03-16T06:21:00+00:00,CDUS41 KOKX 160621,nhigh: first final report with data,no,no,True,True,False,
2024-03-15,HIGHNY-24MAR15,HIGHNY-24MAR15-B66.5,between,66,67,nws_climatological_report_daily,1fd611f12a3bba48,no,,0.0000,73,2024-03-16T06:21:00+00:00,CDUS41 KOKX 160621,nhigh: first final report with data,no,no,True,True,False,
2024-03-15,HIGHNY-24MAR15,HIGHNY-24MAR15-T60,less,,60,nws_climatological_report_daily,1fd611f12a3bba48,no,,0.0000,73,2024-03-16T06:21:00+00:00,CDUS41 KOKX 160621,nhigh: first final report with data,no,no,True,True,False,
2024-03-15,HIGHNY-24MAR15,HIGHNY-24MAR15-T67,greater,67,,nws_climatological_report_daily,1fd611f12a3bba48,yes,73.00,1.0000,73,2024-03-16T06:21:00+00:00,CDUS41 KOKX 160621,nhigh: first final report with data,yes,yes,True,True,False,
2024-03-16,HIGHNY-24MAR16,HIGHNY-24MAR16-B55.5,between,55,56,nws_climatological_report_daily,1fd611f12a3bba48,no,,0.0000,61,2024-03-17T06:22:00+00:00,CDUS41 KOKX 170622,nhigh: first final report with data,no,no,True,True,False,
2024-03-16,HIGHNY-24MAR16,HIGHNY-24MAR16-B57.5,between,57,58,nws_climatological_report_daily,1fd611f12a3bba48,no,,0.0000,61,2024-03-17T06:22:00+00:00,CDUS41 KOKX 170622,nhigh: first final report with data,no,no,True,True,False,
2024-03-16,HIGHNY-24MAR16,HIGHNY-24MAR16-B59.5,between,59,60,nws_climatological_report_daily,1fd611f12a3bba48,no,,0.0000,61,2024-03-17T06:22:00+00:00,CDUS41 KOKX 170622,nhigh: first final report with data,no,no,True,True,False,
2024-03-16,HIGHNY-24MAR16,HIGHNY-24MAR16-B61.5,between,61,62,nws_climatological_report_daily,1fd611f12a3bba48,yes,61.00,1.0000,61,2024-03-17T06:22:00+00:00,CDUS41 KOKX 170622,nhigh: first final report with data,yes,yes,True,True,False,
2024-03-16,HIGHNY-24MAR16,HIGHNY-24MAR16-T55,less,,55,nws_climatological_report_daily,1fd611f12a3bba48,no,,0.0000,61,2024-03-17T06:22:00+00:00,CDUS41 KOKX 170622,nhigh: first final report with data,no,no,True,True,False,
2024-03-16,HIGHNY-24MAR16,HIGHNY-24MAR16-T62,greater,62,,nws_climatological_report_daily,1fd611f12a3bba48,no,,0.0000,61,2024-03-17T06:22:00+00:00,CDUS41 KOKX 170622,nhigh: first final report with data,no,no,True,True,False,
2024-03-17,HIGHNY-24MAR17,HIGHNY-24MAR17-B58.5,between,58,59,nws_climatological_report_daily,1fd611f12a3bba48,no,,0.0000,63,2024-03-18T06:16:00+00:00,CDUS41 KOKX 180616,nhigh: first final report with data,no,no,True,True,False,
2024-03-17,HIGHNY-24MAR17,HIGHNY-24MAR17-B60.5,between,60,61,nws_climatological_report_daily,1fd611f12a3bba48,no,,0.0000,63,2024-03-18T06:16:00+00:00,CDUS41 KOKX 180616,nhigh: first final report with data,no,no,True,True,False,
2024-03-17,HIGHNY-24MAR17,HIGHNY-24MAR17-B62.5,between,62,63,nws_climatological_report_daily,1fd611f12a3bba48,yes,63.00,1.0000,63,2024-03-18T06:16:00+00:00,CDUS41 KOKX 180616,nhigh: first final report with data,yes,yes,True,True,False,
2024-03-17,HIGHNY-24MAR17,HIGHNY-24MAR17-B64.5,between,64,65,nws_climatological_report_daily,1fd611f12a3bba48,no,,0.0000,63,2024-03-18T06:16:00+00:00,CDUS41 KOKX 180616,nhigh: first final report with data,no,no,True,True,False,
2024-03-17,HIGHNY-24MAR17,HIGHNY-24MAR17-T58,less,,58,nws_climatological_report_daily,1fd611f12a3bba48,no,,0.0000,63,2024-03-18T06:16:00+00:00,CDUS41 KOKX 180616,nhigh: first final report with data,no,no,True,True,False,
2024-03-17,HIGHNY-24MAR17,HIGHNY-24MAR17-T65,greater,65,,nws_climatological_report_daily,1fd611f12a3bba48,no,,0.0000,63,2024-03-18T06:16:00+00:00,CDUS41 KOKX 180616,nhigh: first final report with data,no,no,True,True,False,
2024-03-18,HIGHNY-24MAR18,HIGHNY-24MAR18-B47.5,between,47,48,nws_climatological_report_daily,1fd611f12a3bba48,no,,0.0000,51,2024-03-19T06:21:00+00:00,CDUS41 KOKX 190621,nhigh: first final report with data,no,no,True,True,False,
2024-03-18,HIGHNY-24MAR18,HIGHNY-24MAR18-B49.5,between,49,50,nws_climatological_report_daily,1fd611f12a3bba48,no,,0.0000,51,2024-03-19T06:21:00+00:00,CDUS41 KOKX 190621,nhigh: first final report with data,no,no,True,True,False,
2024-03-18,HIGHNY-24MAR18,HIGHNY-24MAR18-B51.5,between,51,52,nws_climatological_report_daily,1fd611f12a3bba48,yes,51.00,1.0000,51,2024-03-19T06:21:00+00:00,CDUS41 KOKX 190621,nhigh: first final report with data,yes,yes,True,True,False,
2024-03-18,HIGHNY-24MAR18,HIGHNY-24MAR18-B53.5,between,53,54,nws_climatological_report_daily,1fd611f12a3bba48,no,,0.0000,51,2024-03-19T06:21:00+00:00,CDUS41 KOKX 190621,nhigh: first final report with data,no,no,True,True,False,
2024-03-18,HIGHNY-24MAR18,HIGHNY-24MAR18-T47,less,,47,nws_climatological_report_daily,1fd611f12a3bba48,no,,0.0000,51,2024-03-19T06:21:00+00:00,CDUS41 KOKX 190621,nhigh: first final report with data,no,no,True,True,False,
2024-03-18,HIGHNY-24MAR18,HIGHNY-24MAR18-T54,greater,54,,nws_climatological_report_daily,1fd611f12a3bba48,no,,0.0000,51,2024-03-19T06:21:00+00:00,CDUS41 KOKX 190621,nhigh: first final report with data,no,no,True,True,False,
2024-03-19,HIGHNY-24MAR19,HIGHNY-24MAR19-B45.5,between,45,46,nws_climatological_report_daily,1fd611f12a3bba48,no,,0.0000,48,2024-03-20T06:18:00+00:00,CDUS41 KOKX 200618,nhigh: first final report with data,no,no,True,True,False,
2024-03-19,HIGHNY-24MAR19,HIGHNY-24MAR19-B47.5,between,47,48,nws_climatological_report_daily,1fd611f12a3bba48,yes,48.00,1.0000,48,2024-03-20T06:18:00+00:00,CDUS41 KOKX 200618,nhigh: first final report with data,yes,yes,True,True,False,
2024-03-19,HIGHNY-24MAR19,HIGHNY-24MAR19-B49.5,between,49,50,nws_climatological_report_daily,1fd611f12a3bba48,no,,0.0000,48,2024-03-20T06:18:00+00:00,CDUS41 KOKX 200618,nhigh: first final report with data,no,no,True,True,False,
2024-03-19,HIGHNY-24MAR19,HIGHNY-24MAR19-B51.5,between,51,52,nws_climatological_report_daily,1fd611f12a3bba48,no,,0.0000,48,2024-03-20T06:18:00+00:00,CDUS41 KOKX 200618,nhigh: first final report with data,no,no,True,True,False,
2024-03-19,HIGHNY-24MAR19,HIGHNY-24MAR19-T45,less,,45,nws_climatological_report_daily,1fd611f12a3bba48,no,,0.0000,48,2024-03-20T06:18:00+00:00,CDUS41 KOKX 200618,nhigh: first final report with data,no,no,True,True,False,
2024-03-19,HIGHNY-24MAR19,HIGHNY-24MAR19-T52,greater,52,,nws_climatological_report_daily,1fd611f12a3bba48,no,,0.0000,48,2024-03-20T06:18:00+00:00,CDUS41 KOKX 200618,nhigh: first final report with data,no,no,True,True,False,
2024-03-20,HIGHNY-24MAR20,HIGHNY-24MAR20-B51.5,between,51,52,nws_climatological_report_daily,1fd611f12a3bba48,no,,0.0000,57,2024-03-21T06:20:00+00:00,CDUS41 KOKX 210620,nhigh: first final report with data,no,no,True,True,False,
2024-03-20,HIGHNY-24MAR20,HIGHNY-24MAR20-B53.5,between,53,54,nws_climatological_report_daily,1fd611f12a3bba48,no,,0.0000,57,2024-03-21T06:20:00+00:00,CDUS41 KOKX 210620,nhigh: first final report with data,no,no,True,True,False,
2024-03-20,HIGHNY-24MAR20,HIGHNY-24MAR20-B55.5,between,55,56,nws_climatological_report_daily,1fd611f12a3bba48,no,,0.0000,57,2024-03-21T06:20:00+00:00,CDUS41 KOKX 210620,nhigh: first final report with data,no,no,True,True,False,
2024-03-20,HIGHNY-24MAR20,HIGHNY-24MAR20-B57.5,between,57,58,nws_climatological_report_daily,1fd611f12a3bba48,yes,57.00,1.0000,57,2024-03-21T06:20:00+00:00,CDUS41 KOKX 210620,nhigh: first final report with data,yes,yes,True,True,False,
2024-03-20,HIGHNY-24MAR20,HIGHNY-24MAR20-T51,less,,51,nws_climatological_report_daily,1fd611f12a3bba48,no,,0.0000,57,2024-03-21T06:20:00+00:00,CDUS41 KOKX 210620,nhigh: first final report with data,no,no,True,True,False,
2024-03-20,HIGHNY-24MAR20,HIGHNY-24MAR20-T58,greater,58,,nws_climatological_report_daily,1fd611f12a3bba48,no,,0.0000,57,2024-03-21T06:20:00+00:00,CDUS41 KOKX 210620,nhigh: first final report with data,no,no,True,True,False,
2024-03-21,HIGHNY-24MAR21,HIGHNY-24MAR21-B40.5,between,40,41,nws_climatological_report_daily,1fd611f12a3bba48,no,,0.0000,43,2024-03-22T06:19:00+00:00,CDUS41 KOKX 220619,nhigh: first final report with data,no,no,True,True,False,
2024-03-21,HIGHNY-24MAR21,HIGHNY-24MAR21-B42.5,between,42,43,nws_climatological_report_daily,1fd611f12a3bba48,yes,43.00,1.0000,43,2024-03-22T06:19:00+00:00,CDUS41 KOKX 220619,nhigh: first final report with data,yes,yes,True,True,False,
2024-03-21,HIGHNY-24MAR21,HIGHNY-24MAR21-B44.5,between,44,45,nws_climatological_report_daily,1fd611f12a3bba48,no,,0.0000,43,2024-03-22T06:19:00+00:00,CDUS41 KOKX 220619,nhigh: first final report with data,no,no,True,True,False,
2024-03-21,HIGHNY-24MAR21,HIGHNY-24MAR21-B46.5,between,46,47,nws_climatological_report_daily,1fd611f12a3bba48,no,,0.0000,43,2024-03-22T06:19:00+00:00,CDUS41 KOKX 220619,nhigh: first final report with data,no,no,True,True,False,
2024-03-21,HIGHNY-24MAR21,HIGHNY-24MAR21-T40,less,,40,nws_climatological_report_daily,1fd611f12a3bba48,no,,0.0000,43,2024-03-22T06:19:00+00:00,CDUS41 KOKX 220619,nhigh: first final report with data,no,no,True,True,False,
2024-03-21,HIGHNY-24MAR21,HIGHNY-24MAR21-T47,greater,47,,nws_climatological_report_daily,1fd611f12a3bba48,no,,0.0000,43,2024-03-22T06:19:00+00:00,CDUS41 KOKX 220619,nhigh: first final report with data,no,no,True,True,False,
2024-03-22,HIGHNY-24MAR22,HIGHNY-24MAR22-B41.5,between,41,42,nws_climatological_report_daily,1fd611f12a3bba48,no,,0.0000,46,2024-03-23T06:43:00+00:00,CDUS41 KOKX 230643,nhigh: first final report with data,no,no,True,True,False,
2024-03-22,HIGHNY-24MAR22,HIGHNY-24MAR22-B43.5,between,43,44,nws_climatological_report_daily,1fd611f12a3bba48,no,,0.0000,46,2024-03-23T06:43:00+00:00,CDUS41 KOKX 230643,nhigh: first final report with data,no,no,True,True,False,
2024-03-22,HIGHNY-24MAR22,HIGHNY-24MAR22-B45.5,between,45,46,nws_climatological_report_daily,1fd611f12a3bba48,yes,46.00,1.0000,46,2024-03-23T06:43:00+00:00,CDUS41 KOKX 230643,nhigh: first final report with data,yes,yes,True,True,False,
2024-03-22,HIGHNY-24MAR22,HIGHNY-24MAR22-B47.5,between,47,48,nws_climatological_report_daily,1fd611f12a3bba48,no,,0.0000,46,2024-03-23T06:43:00+00:00,CDUS41 KOKX 230643,nhigh: first final report with data,no,no,True,True,False,
2024-03-22,HIGHNY-24MAR22,HIGHNY-24MAR22-T41,less,,41,nws_climatological_report_daily,1fd611f12a3bba48,no,,0.0000,46,2024-03-23T06:43:00+00:00,CDUS41 KOKX 230643,nhigh: first final report with data,no,no,True,True,False,
2024-03-22,HIGHNY-24MAR22,HIGHNY-24MAR22-T48,greater,48,,nws_climatological_report_daily,1fd611f12a3bba48,no,,0.0000,46,2024-03-23T06:43:00+00:00,CDUS41 KOKX 230643,nhigh: first final report with data,no,no,True,True,False,
2024-03-23,HIGHNY-24MAR23,HIGHNY-24MAR23-B48.5,between,48,49,nws_climatological_report_daily,1fd611f12a3bba48,no,,0.0000,50,2024-03-24T06:24:00+00:00,CDUS41 KOKX 240624,nhigh: first final report with data,no,no,True,True,False,
2024-03-23,HIGHNY-24MAR23,HIGHNY-24MAR23-B50.5,between,50,51,nws_climatological_report_daily,1fd611f12a3bba48,yes,50.00,1.0000,50,2024-03-24T06:24:00+00:00,CDUS41 KOKX 240624,nhigh: first final report with data,yes,yes,True,True,False,
2024-03-23,HIGHNY-24MAR23,HIGHNY-24MAR23-B52.5,between,52,53,nws_climatological_report_daily,1fd611f12a3bba48,no,,0.0000,50,2024-03-24T06:24:00+00:00,CDUS41 KOKX 240624,nhigh: first final report with data,no,no,True,True,False,
2024-03-23,HIGHNY-24MAR23,HIGHNY-24MAR23-B54.5,between,54,55,nws_climatological_report_daily,1fd611f12a3bba48,no,,0.0000,50,2024-03-24T06:24:00+00:00,CDUS41 KOKX 240624,nhigh: first final report with data,no,no,True,True,False,
2024-03-23,HIGHNY-24MAR23,HIGHNY-24MAR23-T48,less,,48,nws_climatological_report_daily,1fd611f12a3bba48,no,,0.0000,50,2024-03-24T06:24:00+00:00,CDUS41 KOKX 240624,nhigh: first final report with data,no,no,True,True,False,
2024-03-23,HIGHNY-24MAR23,HIGHNY-24MAR23-T55,greater,55,,nws_climatological_report_daily,1fd611f12a3bba48,no,,0.0000,50,2024-03-24T06:24:00+00:00,CDUS41 KOKX 240624,nhigh: first final report with data,no,no,True,True,False,
2024-03-24,HIGHNY-24MAR24,HIGHNY-24MAR24-B43.5,between,43,44,nws_climatological_report_daily,1fd611f12a3bba48,no,,0.0000,48,2024-03-25T06:18:00+00:00,CDUS41 KOKX 250618,nhigh: first final report with data,no,no,True,True,False,
2024-03-24,HIGHNY-24MAR24,HIGHNY-24MAR24-B45.5,between,45,46,nws_climatological_report_daily,1fd611f12a3bba48,no,,0.0000,48,2024-03-25T06:18:00+00:00,CDUS41 KOKX 250618,nhigh: first final report with data,no,no,True,True,False,
2024-03-24,HIGHNY-24MAR24,HIGHNY-24MAR24-B47.5,between,47,48,nws_climatological_report_daily,1fd611f12a3bba48,yes,48.00,1.0000,48,2024-03-25T06:18:00+00:00,CDUS41 KOKX 250618,nhigh: first final report with data,yes,yes,True,True,False,
2024-03-24,HIGHNY-24MAR24,HIGHNY-24MAR24-B49.5,between,49,50,nws_climatological_report_daily,1fd611f12a3bba48,no,,0.0000,48,2024-03-25T06:18:00+00:00,CDUS41 KOKX 250618,nhigh: first final report with data,no,no,True,True,False,
2024-03-24,HIGHNY-24MAR24,HIGHNY-24MAR24-T43,less,,43,nws_climatological_report_daily,1fd611f12a3bba48,no,,0.0000,48,2024-03-25T06:18:00+00:00,CDUS41 KOKX 250618,nhigh: first final report with data,no,no,True,True,False,
2024-03-24,HIGHNY-24MAR24,HIGHNY-24MAR24-T50,greater,50,,nws_climatological_report_daily,1fd611f12a3bba48,no,,0.0000,48,2024-03-25T06:18:00+00:00,CDUS41 KOKX 250618,nhigh: first final report with data,no,no,True,True,False,
2024-03-25,HIGHNY-24MAR25,HIGHNY-24MAR25-B48.5,between,48,49,nws_climatological_report_daily,1fd611f12a3bba48,no,,0.0000,53,2024-03-26T06:16:00+00:00,CDUS41 KOKX 260616,nhigh: first final report with data,no,no,True,True,False,
2024-03-25,HIGHNY-24MAR25,HIGHNY-24MAR25-B50.5,between,50,51,nws_climatological_report_daily,1fd611f12a3bba48,no,,0.0000,53,2024-03-26T06:16:00+00:00,CDUS41 KOKX 260616,nhigh: first final report with data,no,no,True,True,False,
2024-03-25,HIGHNY-24MAR25,HIGHNY-24MAR25-B52.5,between,52,53,nws_climatological_report_daily,1fd611f12a3bba48,yes,53.00,1.0000,53,2024-03-26T06:16:00+00:00,CDUS41 KOKX 260616,nhigh: first final report with data,yes,yes,True,True,False,
2024-03-25,HIGHNY-24MAR25,HIGHNY-24MAR25-B54.5,between,54,55,nws_climatological_report_daily,1fd611f12a3bba48,no,,0.0000,53,2024-03-26T06:16:00+00:00,CDUS41 KOKX 260616,nhigh: first final report with data,no,no,True,True,False,
2024-03-25,HIGHNY-24MAR25,HIGHNY-24MAR25-T48,less,,48,nws_climatological_report_daily,1fd611f12a3bba48,no,,0.0000,53,2024-03-26T06:16:00+00:00,CDUS41 KOKX 260616,nhigh: first final report with data,no,no,True,True,False,
2024-03-25,HIGHNY-24MAR25,HIGHNY-24MAR25-T55,greater,55,,nws_climatological_report_daily,1fd611f12a3bba48,no,,0.0000,53,2024-03-26T06:16:00+00:00,CDUS41 KOKX 260616,nhigh: first final report with data,no,no,True,True,False,
2024-03-26,HIGHNY-24MAR26,HIGHNY-24MAR26-B46.5,between,46,47,nws_climatological_report_daily,1fd611f12a3bba48,no,,0.0000,53,2024-03-27T06:18:00+00:00,CDUS41 KOKX 270618,nhigh: first final report with data,no,no,True,True,False,
2024-03-26,HIGHNY-24MAR26,HIGHNY-24MAR26-B48.5,between,48,49,nws_climatological_report_daily,1fd611f12a3bba48,no,,0.0000,53,2024-03-27T06:18:00+00:00,CDUS41 KOKX 270618,nhigh: first final report with data,no,no,True,True,False,
2024-03-26,HIGHNY-24MAR26,HIGHNY-24MAR26-B50.5,between,50,51,nws_climatological_report_daily,1fd611f12a3bba48,no,,0.0000,53,2024-03-27T06:18:00+00:00,CDUS41 KOKX 270618,nhigh: first final report with data,no,no,True,True,False,
2024-03-26,HIGHNY-24MAR26,HIGHNY-24MAR26-B52.5,between,52,53,nws_climatological_report_daily,1fd611f12a3bba48,yes,53.00,1.0000,53,2024-03-27T06:18:00+00:00,CDUS41 KOKX 270618,nhigh: first final report with data,yes,yes,True,True,False,
2024-03-26,HIGHNY-24MAR26,HIGHNY-24MAR26-T46,less,,46,nws_climatological_report_daily,1fd611f12a3bba48,no,,0.0000,53,2024-03-27T06:18:00+00:00,CDUS41 KOKX 270618,nhigh: first final report with data,no,no,True,True,False,
2024-03-26,HIGHNY-24MAR26,HIGHNY-24MAR26-T53,greater,53,,nws_climatological_report_daily,1fd611f12a3bba48,no,,0.0000,53,2024-03-27T06:18:00+00:00,CDUS41 KOKX 270618,nhigh: first final report with data,no,no,True,True,False,
2024-03-27,HIGHNY-24MAR27,HIGHNY-24MAR27-B52.5,between,52,53,nws_climatological_report_daily,1fd611f12a3bba48,yes,52.00,1.0000,52,2024-03-28T06:17:00+00:00,CDUS41 KOKX 280617,nhigh: first final report with data,yes,yes,True,True,False,
2024-03-27,HIGHNY-24MAR27,HIGHNY-24MAR27-B54.5,between,54,55,nws_climatological_report_daily,1fd611f12a3bba48,no,,0.0000,52,2024-03-28T06:17:00+00:00,CDUS41 KOKX 280617,nhigh: first final report with data,no,no,True,True,False,
2024-03-27,HIGHNY-24MAR27,HIGHNY-24MAR27-B56.5,between,56,57,nws_climatological_report_daily,1fd611f12a3bba48,no,,0.0000,52,2024-03-28T06:17:00+00:00,CDUS41 KOKX 280617,nhigh: first final report with data,no,no,True,True,False,
2024-03-27,HIGHNY-24MAR27,HIGHNY-24MAR27-B58.5,between,58,59,nws_climatological_report_daily,1fd611f12a3bba48,no,,0.0000,52,2024-03-28T06:17:00+00:00,CDUS41 KOKX 280617,nhigh: first final report with data,no,no,True,True,False,
2024-03-27,HIGHNY-24MAR27,HIGHNY-24MAR27-T52,less,,52,nws_climatological_report_daily,1fd611f12a3bba48,no,,0.0000,52,2024-03-28T06:17:00+00:00,CDUS41 KOKX 280617,nhigh: first final report with data,no,no,True,True,False,
2024-03-27,HIGHNY-24MAR27,HIGHNY-24MAR27-T59,greater,59,,nws_climatological_report_daily,1fd611f12a3bba48,no,,0.0000,52,2024-03-28T06:17:00+00:00,CDUS41 KOKX 280617,nhigh: first final report with data,no,no,True,True,False,
2024-03-28,HIGHNY-24MAR28,HIGHNY-24MAR28-B51.5,between,51,52,nws_climatological_report_daily,1fd611f12a3bba48,yes,51.00,1.0000,51,2024-03-29T06:17:00+00:00,CDUS41 KOKX 290617,nhigh: first final report with data,yes,yes,True,True,False,
2024-03-28,HIGHNY-24MAR28,HIGHNY-24MAR28-B53.5,between,53,54,nws_climatological_report_daily,1fd611f12a3bba48,no,,0.0000,51,2024-03-29T06:17:00+00:00,CDUS41 KOKX 290617,nhigh: first final report with data,no,no,True,True,False,
2024-03-28,HIGHNY-24MAR28,HIGHNY-24MAR28-B55.5,between,55,56,nws_climatological_report_daily,1fd611f12a3bba48,no,,0.0000,51,2024-03-29T06:17:00+00:00,CDUS41 KOKX 290617,nhigh: first final report with data,no,no,True,True,False,
2024-03-28,HIGHNY-24MAR28,HIGHNY-24MAR28-B57.5,between,57,58,nws_climatological_report_daily,1fd611f12a3bba48,no,,0.0000,51,2024-03-29T06:17:00+00:00,CDUS41 KOKX 290617,nhigh: first final report with data,no,no,True,True,False,
2024-03-28,HIGHNY-24MAR28,HIGHNY-24MAR28-T51,less,,51,nws_climatological_report_daily,1fd611f12a3bba48,no,,0.0000,51,2024-03-29T06:17:00+00:00,CDUS41 KOKX 290617,nhigh: first final report with data,no,no,True,True,False,
2024-03-28,HIGHNY-24MAR28,HIGHNY-24MAR28-T58,greater,58,,nws_climatological_report_daily,1fd611f12a3bba48,no,,0.0000,51,2024-03-29T06:17:00+00:00,CDUS41 KOKX 290617,nhigh: first final report with data,no,no,True,True,False,
2024-03-29,HIGHNY-24MAR29,HIGHNY-24MAR29-B51.5,between,51,52,nws_climatological_report_daily,1fd611f12a3bba48,no,,0.0000,56,2024-03-30T06:34:00+00:00,CDUS41 KOKX 300634,nhigh: first final report with data,no,no,True,True,False,
2024-03-29,HIGHNY-24MAR29,HIGHNY-24MAR29-B53.5,between,53,54,nws_climatological_report_daily,1fd611f12a3bba48,no,,0.0000,56,2024-03-30T06:34:00+00:00,CDUS41 KOKX 300634,nhigh: first final report with data,no,no,True,True,False,
2024-03-29,HIGHNY-24MAR29,HIGHNY-24MAR29-B55.5,between,55,56,nws_climatological_report_daily,1fd611f12a3bba48,yes,56.00,1.0000,56,2024-03-30T06:34:00+00:00,CDUS41 KOKX 300634,nhigh: first final report with data,yes,yes,True,True,False,
2024-03-29,HIGHNY-24MAR29,HIGHNY-24MAR29-B57.5,between,57,58,nws_climatological_report_daily,1fd611f12a3bba48,no,,0.0000,56,2024-03-30T06:34:00+00:00,CDUS41 KOKX 300634,nhigh: first final report with data,no,no,True,True,False,
2024-03-29,HIGHNY-24MAR29,HIGHNY-24MAR29-T51,less,,51,nws_climatological_report_daily,1fd611f12a3bba48,no,,0.0000,56,2024-03-30T06:34:00+00:00,CDUS41 KOKX 300634,nhigh: first final report with data,no,no,True,True,False,
2024-03-29,HIGHNY-24MAR29,HIGHNY-24MAR29-T58,greater,58,,nws_climatological_report_daily,1fd611f12a3bba48,no,,0.0000,56,2024-03-30T06:34:00+00:00,CDUS41 KOKX 300634,nhigh: first final report with data,no,no,True,True,False,
2024-03-30,HIGHNY-24MAR30,HIGHNY-24MAR30-B55.5,between,55,56,nws_climatological_report_daily,1fd611f12a3bba48,no,,0.0000,62,2024-03-31T06:23:00+00:00,CDUS41 KOKX 310623,nhigh: first final report with data,no,no,True,True,False,
2024-03-30,HIGHNY-24MAR30,HIGHNY-24MAR30-B57.5,between,57,58,nws_climatological_report_daily,1fd611f12a3bba48,no,,0.0000,62,2024-03-31T06:23:00+00:00,CDUS41 KOKX 310623,nhigh: first final report with data,no,no,True,True,False,
2024-03-30,HIGHNY-24MAR30,HIGHNY-24MAR30-B59.5,between,59,60,nws_climatological_report_daily,1fd611f12a3bba48,no,,0.0000,62,2024-03-31T06:23:00+00:00,CDUS41 KOKX 310623,nhigh: first final report with data,no,no,True,True,False,
2024-03-30,HIGHNY-24MAR30,HIGHNY-24MAR30-B61.5,between,61,62,nws_climatological_report_daily,1fd611f12a3bba48,yes,62.00,1.0000,62,2024-03-31T06:23:00+00:00,CDUS41 KOKX 310623,nhigh: first final report with data,yes,yes,True,True,False,
2024-03-30,HIGHNY-24MAR30,HIGHNY-24MAR30-T55,less,,55,nws_climatological_report_daily,1fd611f12a3bba48,no,,0.0000,62,2024-03-31T06:23:00+00:00,CDUS41 KOKX 310623,nhigh: first final report with data,no,no,True,True,False,
2024-03-30,HIGHNY-24MAR30,HIGHNY-24MAR30-T62,greater,62,,nws_climatological_report_daily,1fd611f12a3bba48,no,,0.0000,62,2024-03-31T06:23:00+00:00,CDUS41 KOKX 310623,nhigh: first final report with data,no,no,True,True,False,
2024-03-31,HIGHNY-24MAR31,HIGHNY-24MAR31-B57.5,between,57,58,nws_climatological_report_daily,1fd611f12a3bba48,no,,0.0000,62,2024-04-01T06:28:00+00:00,CDUS41 KOKX 010628,nhigh: first final report with data,no,no,True,True,False,
2024-03-31,HIGHNY-24MAR31,HIGHNY-24MAR31-B59.5,between,59,60,nws_climatological_report_daily,1fd611f12a3bba48,no,,0.0000,62,2024-04-01T06:28:00+00:00,CDUS41 KOKX 010628,nhigh: first final report with data,no,no,True,True,False,
2024-03-31,HIGHNY-24MAR31,HIGHNY-24MAR31-B61.5,between,61,62,nws_climatological_report_daily,1fd611f12a3bba48,yes,62.00,1.0000,62,2024-04-01T06:28:00+00:00,CDUS41 KOKX 010628,nhigh: first final report with data,yes,yes,True,True,False,
2024-03-31,HIGHNY-24MAR31,HIGHNY-24MAR31-B63.5,between,63,64,nws_climatological_report_daily,1fd611f12a3bba48,no,,0.0000,62,2024-04-01T06:28:00+00:00,CDUS41 KOKX 010628,nhigh: first final report with data,no,no,True,True,False,
2024-03-31,HIGHNY-24MAR31,HIGHNY-24MAR31-T57,less,,57,nws_climatological_report_daily,1fd611f12a3bba48,no,,0.0000,62,2024-04-01T06:28:00+00:00,CDUS41 KOKX 010628,nhigh: first final report with data,no,no,True,True,False,
2024-03-31,HIGHNY-24MAR31,HIGHNY-24MAR31-T64,greater,64,,nws_climatological_report_daily,1fd611f12a3bba48,no,,0.0000,62,2024-04-01T06:28:00+00:00,CDUS41 KOKX 010628,nhigh: first final report with data,no,no,True,True,False,
2024-04-01,HIGHNY-24APR01,HIGHNY-24APR01-B48.5,between,48,49,nws_climatological_report_daily,1fd611f12a3bba48,no,,0.0000,54,2024-04-02T07:02:00+00:00,CDUS41 KOKX 021143,nhigh: first final report with data,no,no,True,True,False,
2024-04-01,HIGHNY-24APR01,HIGHNY-24APR01-B50.5,between,50,51,nws_climatological_report_daily,1fd611f12a3bba48,no,,0.0000,54,2024-04-02T07:02:00+00:00,CDUS41 KOKX 021143,nhigh: first final report with data,no,no,True,True,False,
2024-04-01,HIGHNY-24APR01,HIGHNY-24APR01-B52.5,between,52,53,nws_climatological_report_daily,1fd611f12a3bba48,no,,0.0000,54,2024-04-02T07:02:00+00:00,CDUS41 KOKX 021143,nhigh: first final report with data,no,no,True,True,False,
2024-04-01,HIGHNY-24APR01,HIGHNY-24APR01-B54.5,between,54,55,nws_climatological_report_daily,1fd611f12a3bba48,yes,54.00,1.0000,54,2024-04-02T07:02:00+00:00,CDUS41 KOKX 021143,nhigh: first final report with data,yes,yes,True,True,False,
2024-04-01,HIGHNY-24APR01,HIGHNY-24APR01-T48,less,,48,nws_climatological_report_daily,1fd611f12a3bba48,no,,0.0000,54,2024-04-02T07:02:00+00:00,CDUS41 KOKX 021143,nhigh: first final report with data,no,no,True,True,False,
2024-04-01,HIGHNY-24APR01,HIGHNY-24APR01-T55,greater,55,,nws_climatological_report_daily,1fd611f12a3bba48,no,,0.0000,54,2024-04-02T07:02:00+00:00,CDUS41 KOKX 021143,nhigh: first final report with data,no,no,True,True,False,
2024-04-02,HIGHNY-24APR02,HIGHNY-24APR02-B45.5,between,45,46,nws_climatological_report_daily,1fd611f12a3bba48,no,,0.0000,51,2024-04-03T06:36:00+00:00,CDUS41 KOKX 030636,nhigh: first final report with data,no,no,True,True,False,
2024-04-02,HIGHNY-24APR02,HIGHNY-24APR02-B47.5,between,47,48,nws_climatological_report_daily,1fd611f12a3bba48,no,,0.0000,51,2024-04-03T06:36:00+00:00,CDUS41 KOKX 030636,nhigh: first final report with data,no,no,True,True,False,
2024-04-02,HIGHNY-24APR02,HIGHNY-24APR02-B49.5,between,49,50,nws_climatological_report_daily,1fd611f12a3bba48,no,,0.0000,51,2024-04-03T06:36:00+00:00,CDUS41 KOKX 030636,nhigh: first final report with data,no,no,True,True,False,
2024-04-02,HIGHNY-24APR02,HIGHNY-24APR02-B51.5,between,51,52,nws_climatological_report_daily,1fd611f12a3bba48,yes,51.00,1.0000,51,2024-04-03T06:36:00+00:00,CDUS41 KOKX 030636,nhigh: first final report with data,yes,yes,True,True,False,
2024-04-02,HIGHNY-24APR02,HIGHNY-24APR02-T45,less,,45,nws_climatological_report_daily,1fd611f12a3bba48,no,,0.0000,51,2024-04-03T06:36:00+00:00,CDUS41 KOKX 030636,nhigh: first final report with data,no,no,True,True,False,
2024-04-02,HIGHNY-24APR02,HIGHNY-24APR02-T52,greater,52,,nws_climatological_report_daily,1fd611f12a3bba48,no,,0.0000,51,2024-04-03T06:36:00+00:00,CDUS41 KOKX 030636,nhigh: first final report with data,no,no,True,True,False,
2024-04-03,HIGHNY-24APR03,HIGHNY-24APR03-B44.5,between,44,45,nws_climatological_report_daily,1fd611f12a3bba48,yes,45.00,1.0000,45,2024-04-04T06:20:00+00:00,CDUS41 KOKX 040620,nhigh: first final report with data,yes,yes,True,True,False,
2024-04-03,HIGHNY-24APR03,HIGHNY-24APR03-B46.5,between,46,47,nws_climatological_report_daily,1fd611f12a3bba48,no,,0.0000,45,2024-04-04T06:20:00+00:00,CDUS41 KOKX 040620,nhigh: first final report with data,no,no,True,True,False,
2024-04-03,HIGHNY-24APR03,HIGHNY-24APR03-B48.5,between,48,49,nws_climatological_report_daily,1fd611f12a3bba48,no,,0.0000,45,2024-04-04T06:20:00+00:00,CDUS41 KOKX 040620,nhigh: first final report with data,no,no,True,True,False,
2024-04-03,HIGHNY-24APR03,HIGHNY-24APR03-B50.5,between,50,51,nws_climatological_report_daily,1fd611f12a3bba48,no,,0.0000,45,2024-04-04T06:20:00+00:00,CDUS41 KOKX 040620,nhigh: first final report with data,no,no,True,True,False,
2024-04-03,HIGHNY-24APR03,HIGHNY-24APR03-T44,less,,44,nws_climatological_report_daily,1fd611f12a3bba48,no,,0.0000,45,2024-04-04T06:20:00+00:00,CDUS41 KOKX 040620,nhigh: first final report with data,no,no,True,True,False,
2024-04-03,HIGHNY-24APR03,HIGHNY-24APR03-T51,greater,51,,nws_climatological_report_daily,1fd611f12a3bba48,no,,0.0000,45,2024-04-04T06:20:00+00:00,CDUS41 KOKX 040620,nhigh: first final report with data,no,no,True,True,False,
2024-04-04,HIGHNY-24APR04,HIGHNY-24APR04-B47.5,between,47,48,nws_climatological_report_daily,1fd611f12a3bba48,no,,0.0000,53,2024-04-05T06:19:00+00:00,CDUS41 KOKX 050619,nhigh: first final report with data,no,no,True,True,False,
2024-04-04,HIGHNY-24APR04,HIGHNY-24APR04-B49.5,between,49,50,nws_climatological_report_daily,1fd611f12a3bba48,no,,0.0000,53,2024-04-05T06:19:00+00:00,CDUS41 KOKX 050619,nhigh: first final report with data,no,no,True,True,False,
2024-04-04,HIGHNY-24APR04,HIGHNY-24APR04-B51.5,between,51,52,nws_climatological_report_daily,1fd611f12a3bba48,no,,0.0000,53,2024-04-05T06:19:00+00:00,CDUS41 KOKX 050619,nhigh: first final report with data,no,no,True,True,False,
2024-04-04,HIGHNY-24APR04,HIGHNY-24APR04-B53.5,between,53,54,nws_climatological_report_daily,1fd611f12a3bba48,yes,53.00,1.0000,53,2024-04-05T06:19:00+00:00,CDUS41 KOKX 050619,nhigh: first final report with data,yes,yes,True,True,False,
2024-04-04,HIGHNY-24APR04,HIGHNY-24APR04-T47,less,,47,nws_climatological_report_daily,1fd611f12a3bba48,no,,0.0000,53,2024-04-05T06:19:00+00:00,CDUS41 KOKX 050619,nhigh: first final report with data,no,no,True,True,False,
2024-04-04,HIGHNY-24APR04,HIGHNY-24APR04-T54,greater,54,,nws_climatological_report_daily,1fd611f12a3bba48,no,,0.0000,53,2024-04-05T06:19:00+00:00,CDUS41 KOKX 050619,nhigh: first final report with data,no,no,True,True,False,
2024-04-05,HIGHNY-24APR05,HIGHNY-24APR05-B47.5,between,47,48,nws_climatological_report_daily,1fd611f12a3bba48,no,,0.0000,50,2024-04-06T06:16:00+00:00,CDUS41 KOKX 060616,nhigh: first final report with data,no,no,True,True,False,
2024-04-05,HIGHNY-24APR05,HIGHNY-24APR05-B49.5,between,49,50,nws_climatological_report_daily,1fd611f12a3bba48,yes,50.00,1.0000,50,2024-04-06T06:16:00+00:00,CDUS41 KOKX 060616,nhigh: first final report with data,yes,yes,True,True,False,
2024-04-05,HIGHNY-24APR05,HIGHNY-24APR05-B51.5,between,51,52,nws_climatological_report_daily,1fd611f12a3bba48,no,,0.0000,50,2024-04-06T06:16:00+00:00,CDUS41 KOKX 060616,nhigh: first final report with data,no,no,True,True,False,
2024-04-05,HIGHNY-24APR05,HIGHNY-24APR05-B53.5,between,53,54,nws_climatological_report_daily,1fd611f12a3bba48,no,,0.0000,50,2024-04-06T06:16:00+00:00,CDUS41 KOKX 060616,nhigh: first final report with data,no,no,True,True,False,
2024-04-05,HIGHNY-24APR05,HIGHNY-24APR05-T47,less,,47,nws_climatological_report_daily,1fd611f12a3bba48,no,,0.0000,50,2024-04-06T06:16:00+00:00,CDUS41 KOKX 060616,nhigh: first final report with data,no,no,True,True,False,
2024-04-05,HIGHNY-24APR05,HIGHNY-24APR05-T54,greater,54,,nws_climatological_report_daily,1fd611f12a3bba48,no,,0.0000,50,2024-04-06T06:16:00+00:00,CDUS41 KOKX 060616,nhigh: first final report with data,no,no,True,True,False,
2024-04-06,HIGHNY-24APR06,HIGHNY-24APR06-B49.5,between,49,50,nws_climatological_report_daily,1fd611f12a3bba48,no,,0.0000,54,2024-04-07T06:45:00+00:00,CDUS41 KOKX 070645,nhigh: first final report with data,no,no,True,True,False,
2024-04-06,HIGHNY-24APR06,HIGHNY-24APR06-B51.5,between,51,52,nws_climatological_report_daily,1fd611f12a3bba48,no,,0.0000,54,2024-04-07T06:45:00+00:00,CDUS41 KOKX 070645,nhigh: first final report with data,no,no,True,True,False,
2024-04-06,HIGHNY-24APR06,HIGHNY-24APR06-B53.5,between,53,54,nws_climatological_report_daily,1fd611f12a3bba48,yes,54.00,1.0000,54,2024-04-07T06:45:00+00:00,CDUS41 KOKX 070645,nhigh: first final report with data,yes,yes,True,True,False,
2024-04-06,HIGHNY-24APR06,HIGHNY-24APR06-B55.5,between,55,56,nws_climatological_report_daily,1fd611f12a3bba48,no,,0.0000,54,2024-04-07T06:45:00+00:00,CDUS41 KOKX 070645,nhigh: first final report with data,no,no,True,True,False,
2024-04-06,HIGHNY-24APR06,HIGHNY-24APR06-T49,less,,49,nws_climatological_report_daily,1fd611f12a3bba48,no,,0.0000,54,2024-04-07T06:45:00+00:00,CDUS41 KOKX 070645,nhigh: first final report with data,no,no,True,True,False,
2024-04-06,HIGHNY-24APR06,HIGHNY-24APR06-T56,greater,56,,nws_climatological_report_daily,1fd611f12a3bba48,no,,0.0000,54,2024-04-07T06:45:00+00:00,CDUS41 KOKX 070645,nhigh: first final report with data,no,no,True,True,False,
2024-04-07,HIGHNY-24APR07,HIGHNY-24APR07-B51.5,between,51,52,nws_climatological_report_daily,1fd611f12a3bba48,no,,0.0000,60,2024-04-08T06:21:00+00:00,CDUS41 KOKX 080621,nhigh: first final report with data,no,no,True,True,False,
2024-04-07,HIGHNY-24APR07,HIGHNY-24APR07-B53.5,between,53,54,nws_climatological_report_daily,1fd611f12a3bba48,no,,0.0000,60,2024-04-08T06:21:00+00:00,CDUS41 KOKX 080621,nhigh: first final report with data,no,no,True,True,False,
2024-04-07,HIGHNY-24APR07,HIGHNY-24APR07-B55.5,between,55,56,nws_climatological_report_daily,1fd611f12a3bba48,no,,0.0000,60,2024-04-08T06:21:00+00:00,CDUS41 KOKX 080621,nhigh: first final report with data,no,no,True,True,False,
2024-04-07,HIGHNY-24APR07,HIGHNY-24APR07-B57.5,between,57,58,nws_climatological_report_daily,1fd611f12a3bba48,no,,0.0000,60,2024-04-08T06:21:00+00:00,CDUS41 KOKX 080621,nhigh: first final report with data,no,no,True,True,False,
2024-04-07,HIGHNY-24APR07,HIGHNY-24APR07-T51,less,,51,nws_climatological_report_daily,1fd611f12a3bba48,no,,0.0000,60,2024-04-08T06:21:00+00:00,CDUS41 KOKX 080621,nhigh: first final report with data,no,no,True,True,False,
2024-04-07,HIGHNY-24APR07,HIGHNY-24APR07-T58,greater,58,,nws_climatological_report_daily,1fd611f12a3bba48,yes,60.00,1.0000,60,2024-04-08T06:21:00+00:00,CDUS41 KOKX 080621,nhigh: first final report with data,yes,yes,True,True,False,
2024-04-08,HIGHNY-24APR08,HIGHNY-24APR08-B60.5,between,60,61,nws_climatological_report_daily,1fd611f12a3bba48,no,,0.0000,69,2024-04-09T06:42:00+00:00,CDUS41 KOKX 090642,nhigh: first final report with data,no,no,True,True,False,
2024-04-08,HIGHNY-24APR08,HIGHNY-24APR08-B62.5,between,62,63,nws_climatological_report_daily,1fd611f12a3bba48,no,,0.0000,69,2024-04-09T06:42:00+00:00,CDUS41 KOKX 090642,nhigh: first final report with data,no,no,True,True,False,
2024-04-08,HIGHNY-24APR08,HIGHNY-24APR08-B64.5,between,64,65,nws_climatological_report_daily,1fd611f12a3bba48,no,,0.0000,69,2024-04-09T06:42:00+00:00,CDUS41 KOKX 090642,nhigh: first final report with data,no,no,True,True,False,
2024-04-08,HIGHNY-24APR08,HIGHNY-24APR08-B66.5,between,66,67,nws_climatological_report_daily,1fd611f12a3bba48,no,,0.0000,69,2024-04-09T06:42:00+00:00,CDUS41 KOKX 090642,nhigh: first final report with data,no,no,True,True,False,
2024-04-08,HIGHNY-24APR08,HIGHNY-24APR08-T60,less,,60,nws_climatological_report_daily,1fd611f12a3bba48,no,,0.0000,69,2024-04-09T06:42:00+00:00,CDUS41 KOKX 090642,nhigh: first final report with data,no,no,True,True,False,
2024-04-08,HIGHNY-24APR08,HIGHNY-24APR08-T67,greater,67,,nws_climatological_report_daily,1fd611f12a3bba48,yes,69.00,1.0000,69,2024-04-09T06:42:00+00:00,CDUS41 KOKX 090642,nhigh: first final report with data,yes,yes,True,True,False,
2024-04-09,HIGHNY-24APR09,HIGHNY-24APR09-B68.5,between,68,69,nws_climatological_report_daily,1fd611f12a3bba48,no,,0.0000,80,2024-04-10T06:23:00+00:00,CDUS41 KOKX 100623,nhigh: first final report with data,no,no,True,True,False,
2024-04-09,HIGHNY-24APR09,HIGHNY-24APR09-B70.5,between,70,71,nws_climatological_report_daily,1fd611f12a3bba48,no,,0.0000,80,2024-04-10T06:23:00+00:00,CDUS41 KOKX 100623,nhigh: first final report with data,no,no,True,True,False,
2024-04-09,HIGHNY-24APR09,HIGHNY-24APR09-B72.5,between,72,73,nws_climatological_report_daily,1fd611f12a3bba48,no,,0.0000,80,2024-04-10T06:23:00+00:00,CDUS41 KOKX 100623,nhigh: first final report with data,no,no,True,True,False,
2024-04-09,HIGHNY-24APR09,HIGHNY-24APR09-B74.5,between,74,75,nws_climatological_report_daily,1fd611f12a3bba48,no,,0.0000,80,2024-04-10T06:23:00+00:00,CDUS41 KOKX 100623,nhigh: first final report with data,no,no,True,True,False,
2024-04-09,HIGHNY-24APR09,HIGHNY-24APR09-T68,less,,68,nws_climatological_report_daily,1fd611f12a3bba48,no,,0.0000,80,2024-04-10T06:23:00+00:00,CDUS41 KOKX 100623,nhigh: first final report with data,no,no,True,True,False,
2024-04-09,HIGHNY-24APR09,HIGHNY-24APR09-T75,greater,75,,nws_climatological_report_daily,1fd611f12a3bba48,yes,80.00,1.0000,80,2024-04-10T06:23:00+00:00,CDUS41 KOKX 100623,nhigh: first final report with data,yes,yes,True,True,False,
2024-04-10,HIGHNY-24APR10,HIGHNY-24APR10-B56.5,between,56,57,nws_climatological_report_daily,1fd611f12a3bba48,no,,0.0000,67,2024-04-11T06:48:00+00:00,CDUS41 KOKX 110648,nhigh: first final report with data,no,no,True,True,False,
2024-04-10,HIGHNY-24APR10,HIGHNY-24APR10-B58.5,between,58,59,nws_climatological_report_daily,1fd611f12a3bba48,no,,0.0000,67,2024-04-11T06:48:00+00:00,CDUS41 KOKX 110648,nhigh: first final report with data,no,no,True,True,False,
2024-04-10,HIGHNY-24APR10,HIGHNY-24APR10-B60.5,between,60,61,nws_climatological_report_daily,1fd611f12a3bba48,no,,0.0000,67,2024-04-11T06:48:00+00:00,CDUS41 KOKX 110648,nhigh: first final report with data,no,no,True,True,False,
2024-04-10,HIGHNY-24APR10,HIGHNY-24APR10-B62.5,between,62,63,nws_climatological_report_daily,1fd611f12a3bba48,no,,0.0000,67,2024-04-11T06:48:00+00:00,CDUS41 KOKX 110648,nhigh: first final report with data,no,no,True,True,False,
2024-04-10,HIGHNY-24APR10,HIGHNY-24APR10-T56,less,,56,nws_climatological_report_daily,1fd611f12a3bba48,no,,0.0000,67,2024-04-11T06:48:00+00:00,CDUS41 KOKX 110648,nhigh: first final report with data,no,no,True,True,False,
2024-04-10,HIGHNY-24APR10,HIGHNY-24APR10-T63,greater,63,,nws_climatological_report_daily,1fd611f12a3bba48,yes,67.00,1.0000,67,2024-04-11T06:48:00+00:00,CDUS41 KOKX 110648,nhigh: first final report with data,yes,yes,True,True,False,
2024-04-11,HIGHNY-24APR11,HIGHNY-24APR11-B60.5,between,60,61,nws_climatological_report_daily,1fd611f12a3bba48,yes,61.00,1.0000,61,2024-04-12T06:20:00+00:00,CDUS41 KOKX 120620,nhigh: first final report with data,yes,yes,True,True,False,
2024-04-11,HIGHNY-24APR11,HIGHNY-24APR11-B62.5,between,62,63,nws_climatological_report_daily,1fd611f12a3bba48,no,,0.0000,61,2024-04-12T06:20:00+00:00,CDUS41 KOKX 120620,nhigh: first final report with data,no,no,True,True,False,
2024-04-11,HIGHNY-24APR11,HIGHNY-24APR11-B64.5,between,64,65,nws_climatological_report_daily,1fd611f12a3bba48,no,,0.0000,61,2024-04-12T06:20:00+00:00,CDUS41 KOKX 120620,nhigh: first final report with data,no,no,True,True,False,
2024-04-11,HIGHNY-24APR11,HIGHNY-24APR11-B66.5,between,66,67,nws_climatological_report_daily,1fd611f12a3bba48,no,,0.0000,61,2024-04-12T06:20:00+00:00,CDUS41 KOKX 120620,nhigh: first final report with data,no,no,True,True,False,
2024-04-11,HIGHNY-24APR11,HIGHNY-24APR11-T60,less,,60,nws_climatological_report_daily,1fd611f12a3bba48,no,,0.0000,61,2024-04-12T06:20:00+00:00,CDUS41 KOKX 120620,nhigh: first final report with data,no,no,True,True,False,
2024-04-11,HIGHNY-24APR11,HIGHNY-24APR11-T67,greater,67,,nws_climatological_report_daily,1fd611f12a3bba48,no,,0.0000,61,2024-04-12T06:20:00+00:00,CDUS41 KOKX 120620,nhigh: first final report with data,no,no,True,True,False,
2024-04-12,HIGHNY-24APR12,HIGHNY-24APR12-B62.5,between,62,63,nws_climatological_report_daily,1fd611f12a3bba48,yes,63.00,1.0000,63,2024-04-13T06:19:00+00:00,CDUS41 KOKX 130619,nhigh: first final report with data,yes,yes,True,True,False,
2024-04-12,HIGHNY-24APR12,HIGHNY-24APR12-B64.5,between,64,65,nws_climatological_report_daily,1fd611f12a3bba48,no,,0.0000,63,2024-04-13T06:19:00+00:00,CDUS41 KOKX 130619,nhigh: first final report with data,no,no,True,True,False,
2024-04-12,HIGHNY-24APR12,HIGHNY-24APR12-B66.5,between,66,67,nws_climatological_report_daily,1fd611f12a3bba48,no,,0.0000,63,2024-04-13T06:19:00+00:00,CDUS41 KOKX 130619,nhigh: first final report with data,no,no,True,True,False,
2024-04-12,HIGHNY-24APR12,HIGHNY-24APR12-B68.5,between,68,69,nws_climatological_report_daily,1fd611f12a3bba48,no,,0.0000,63,2024-04-13T06:19:00+00:00,CDUS41 KOKX 130619,nhigh: first final report with data,no,no,True,True,False,
2024-04-12,HIGHNY-24APR12,HIGHNY-24APR12-T62,less,,62,nws_climatological_report_daily,1fd611f12a3bba48,no,,0.0000,63,2024-04-13T06:19:00+00:00,CDUS41 KOKX 130619,nhigh: first final report with data,no,no,True,True,False,
2024-04-12,HIGHNY-24APR12,HIGHNY-24APR12-T69,greater,69,,nws_climatological_report_daily,1fd611f12a3bba48,no,,0.0000,63,2024-04-13T06:19:00+00:00,CDUS41 KOKX 130619,nhigh: first final report with data,no,no,True,True,False,
2024-04-13,HIGHNY-24APR13,HIGHNY-24APR13-B52.5,between,52,53,nws_climatological_report_daily,1fd611f12a3bba48,no,,0.0000,56,2024-04-14T06:22:00+00:00,CDUS41 KOKX 140622,nhigh: first final report with data,no,no,True,True,False,
2024-04-13,HIGHNY-24APR13,HIGHNY-24APR13-B54.5,between,54,55,nws_climatological_report_daily,1fd611f12a3bba48,no,,0.0000,56,2024-04-14T06:22:00+00:00,CDUS41 KOKX 140622,nhigh: first final report with data,no,no,True,True,False,
2024-04-13,HIGHNY-24APR13,HIGHNY-24APR13-B56.5,between,56,57,nws_climatological_report_daily,1fd611f12a3bba48,yes,56.00,1.0000,56,2024-04-14T06:22:00+00:00,CDUS41 KOKX 140622,nhigh: first final report with data,yes,yes,True,True,False,
2024-04-13,HIGHNY-24APR13,HIGHNY-24APR13-B58.5,between,58,59,nws_climatological_report_daily,1fd611f12a3bba48,no,,0.0000,56,2024-04-14T06:22:00+00:00,CDUS41 KOKX 140622,nhigh: first final report with data,no,no,True,True,False,
2024-04-13,HIGHNY-24APR13,HIGHNY-24APR13-T52,less,,52,nws_climatological_report_daily,1fd611f12a3bba48,no,,0.0000,56,2024-04-14T06:22:00+00:00,CDUS41 KOKX 140622,nhigh: first final report with data,no,no,True,True,False,
2024-04-13,HIGHNY-24APR13,HIGHNY-24APR13-T59,greater,59,,nws_climatological_report_daily,1fd611f12a3bba48,no,,0.0000,56,2024-04-14T06:22:00+00:00,CDUS41 KOKX 140622,nhigh: first final report with data,no,no,True,True,False,
2024-04-14,HIGHNY-24APR14,HIGHNY-24APR14-B65.5,between,65,66,nws_climatological_report_daily,1fd611f12a3bba48,no,,0.0000,75,2024-04-15T06:18:00+00:00,CDUS41 KOKX 150709,nhigh: first final report with data,no,no,True,True,False,
2024-04-14,HIGHNY-24APR14,HIGHNY-24APR14-B67.5,between,67,68,nws_climatological_report_daily,1fd611f12a3bba48,no,,0.0000,75,2024-04-15T06:18:00+00:00,CDUS41 KOKX 150709,nhigh: first final report with data,no,no,True,True,False,
2024-04-14,HIGHNY-24APR14,HIGHNY-24APR14-B69.5,between,69,70,nws_climatological_report_daily,1fd611f12a3bba48,no,,0.0000,75,2024-04-15T06:18:00+00:00,CDUS41 KOKX 150709,nhigh: first final report with data,no,no,True,True,False,
2024-04-14,HIGHNY-24APR14,HIGHNY-24APR14-B71.5,between,71,72,nws_climatological_report_daily,1fd611f12a3bba48,no,,0.0000,75,2024-04-15T06:18:00+00:00,CDUS41 KOKX 150709,nhigh: first final report with data,no,no,True,True,False,
2024-04-14,HIGHNY-24APR14,HIGHNY-24APR14-T65,less,,65,nws_climatological_report_daily,1fd611f12a3bba48,no,,0.0000,75,2024-04-15T06:18:00+00:00,CDUS41 KOKX 150709,nhigh: first final report with data,no,no,True,True,False,
2024-04-14,HIGHNY-24APR14,HIGHNY-24APR14-T72,greater,72,,nws_climatological_report_daily,1fd611f12a3bba48,yes,75.00,1.0000,75,2024-04-15T06:18:00+00:00,CDUS41 KOKX 150709,nhigh: first final report with data,yes,yes,True,True,False,
2024-04-15,HIGHNY-24APR15,HIGHNY-24APR15-B68.5,between,68,69,nws_climatological_report_daily,1fd611f12a3bba48,no,,0.0000,82,2024-04-16T06:31:00+00:00,CDUS41 KOKX 160631,nhigh: first final report with data,no,no,True,True,False,
2024-04-15,HIGHNY-24APR15,HIGHNY-24APR15-B70.5,between,70,71,nws_climatological_report_daily,1fd611f12a3bba48,no,,0.0000,82,2024-04-16T06:31:00+00:00,CDUS41 KOKX 160631,nhigh: first final report with data,no,no,True,True,False,
2024-04-15,HIGHNY-24APR15,HIGHNY-24APR15-B72.5,between,72,73,nws_climatological_report_daily,1fd611f12a3bba48,no,,0.0000,82,2024-04-16T06:31:00+00:00,CDUS41 KOKX 160631,nhigh: first final report with data,no,no,True,True,False,
2024-04-15,HIGHNY-24APR15,HIGHNY-24APR15-B74.5,between,74,75,nws_climatological_report_daily,1fd611f12a3bba48,no,,0.0000,82,2024-04-16T06:31:00+00:00,CDUS41 KOKX 160631,nhigh: first final report with data,no,no,True,True,False,
2024-04-15,HIGHNY-24APR15,HIGHNY-24APR15-T68,less,,68,nws_climatological_report_daily,1fd611f12a3bba48,no,,0.0000,82,2024-04-16T06:31:00+00:00,CDUS41 KOKX 160631,nhigh: first final report with data,no,no,True,True,False,
2024-04-15,HIGHNY-24APR15,HIGHNY-24APR15-T75,greater,75,,nws_climatological_report_daily,1fd611f12a3bba48,yes,82.00,1.0000,82,2024-04-16T06:31:00+00:00,CDUS41 KOKX 160631,nhigh: first final report with data,yes,yes,True,True,False,
2024-04-16,HIGHNY-24APR16,HIGHNY-24APR16-B66.5,between,66,67,nws_climatological_report_daily,1fd611f12a3bba48,no,,0.0000,73,2024-04-17T06:19:00+00:00,CDUS41 KOKX 170619,nhigh: first final report with data,no,no,True,True,False,
2024-04-16,HIGHNY-24APR16,HIGHNY-24APR16-B68.5,between,68,69,nws_climatological_report_daily,1fd611f12a3bba48,no,,0.0000,73,2024-04-17T06:19:00+00:00,CDUS41 KOKX 170619,nhigh: first final report with data,no,no,True,True,False,
2024-04-16,HIGHNY-24APR16,HIGHNY-24APR16-B70.5,between,70,71,nws_climatological_report_daily,1fd611f12a3bba48,no,,0.0000,73,2024-04-17T06:19:00+00:00,CDUS41 KOKX 170619,nhigh: first final report with data,no,no,True,True,False,
2024-04-16,HIGHNY-24APR16,HIGHNY-24APR16-B72.5,between,72,73,nws_climatological_report_daily,1fd611f12a3bba48,yes,73.00,1.0000,73,2024-04-17T06:19:00+00:00,CDUS41 KOKX 170619,nhigh: first final report with data,yes,yes,True,True,False,
2024-04-16,HIGHNY-24APR16,HIGHNY-24APR16-T66,less,,66,nws_climatological_report_daily,1fd611f12a3bba48,no,,0.0000,73,2024-04-17T06:19:00+00:00,CDUS41 KOKX 170619,nhigh: first final report with data,no,no,True,True,False,
2024-04-16,HIGHNY-24APR16,HIGHNY-24APR16-T73,greater,73,,nws_climatological_report_daily,1fd611f12a3bba48,no,,0.0000,73,2024-04-17T06:19:00+00:00,CDUS41 KOKX 170619,nhigh: first final report with data,no,no,True,True,False,
2024-04-17,HIGHNY-24APR17,HIGHNY-24APR17-B57.5,between,57,58,nws_climatological_report_daily,1fd611f12a3bba48,no,,0.0000,62,2024-04-18T06:19:00+00:00,CDUS41 KOKX 180619,nhigh: first final report with data,no,no,True,True,False,
2024-04-17,HIGHNY-24APR17,HIGHNY-24APR17-B59.5,between,59,60,nws_climatological_report_daily,1fd611f12a3bba48,no,,0.0000,62,2024-04-18T06:19:00+00:00,CDUS41 KOKX 180619,nhigh: first final report with data,no,no,True,True,False,
2024-04-17,HIGHNY-24APR17,HIGHNY-24APR17-B61.5,between,61,62,nws_climatological_report_daily,1fd611f12a3bba48,yes,62.00,1.0000,62,2024-04-18T06:19:00+00:00,CDUS41 KOKX 180619,nhigh: first final report with data,yes,yes,True,True,False,
2024-04-17,HIGHNY-24APR17,HIGHNY-24APR17-B63.5,between,63,64,nws_climatological_report_daily,1fd611f12a3bba48,no,,0.0000,62,2024-04-18T06:19:00+00:00,CDUS41 KOKX 180619,nhigh: first final report with data,no,no,True,True,False,
2024-04-17,HIGHNY-24APR17,HIGHNY-24APR17-T57,less,,57,nws_climatological_report_daily,1fd611f12a3bba48,no,,0.0000,62,2024-04-18T06:19:00+00:00,CDUS41 KOKX 180619,nhigh: first final report with data,no,no,True,True,False,
2024-04-17,HIGHNY-24APR17,HIGHNY-24APR17-T64,greater,64,,nws_climatological_report_daily,1fd611f12a3bba48,no,,0.0000,62,2024-04-18T06:19:00+00:00,CDUS41 KOKX 180619,nhigh: first final report with data,no,no,True,True,False,
2024-04-18,HIGHNY-24APR18,HIGHNY-24APR18-B49.5,between,49,50,nws_climatological_report_daily,1fd611f12a3bba48,yes,50.00,1.0000,50,2024-04-19T06:18:00+00:00,CDUS41 KOKX 190618,nhigh: first final report with data,yes,yes,True,True,False,
2024-04-18,HIGHNY-24APR18,HIGHNY-24APR18-B51.5,between,51,52,nws_climatological_report_daily,1fd611f12a3bba48,no,,0.0000,50,2024-04-19T06:18:00+00:00,CDUS41 KOKX 190618,nhigh: first final report with data,no,no,True,True,False,
2024-04-18,HIGHNY-24APR18,HIGHNY-24APR18-B53.5,between,53,54,nws_climatological_report_daily,1fd611f12a3bba48,no,,0.0000,50,2024-04-19T06:18:00+00:00,CDUS41 KOKX 190618,nhigh: first final report with data,no,no,True,True,False,
2024-04-18,HIGHNY-24APR18,HIGHNY-24APR18-B55.5,between,55,56,nws_climatological_report_daily,1fd611f12a3bba48,no,,0.0000,50,2024-04-19T06:18:00+00:00,CDUS41 KOKX 190618,nhigh: first final report with data,no,no,True,True,False,
2024-04-18,HIGHNY-24APR18,HIGHNY-24APR18-T49,less,,49,nws_climatological_report_daily,1fd611f12a3bba48,no,,0.0000,50,2024-04-19T06:18:00+00:00,CDUS41 KOKX 190618,nhigh: first final report with data,no,no,True,True,False,
2024-04-18,HIGHNY-24APR18,HIGHNY-24APR18-T56,greater,56,,nws_climatological_report_daily,1fd611f12a3bba48,no,,0.0000,50,2024-04-19T06:18:00+00:00,CDUS41 KOKX 190618,nhigh: first final report with data,no,no,True,True,False,
2024-04-19,HIGHNY-24APR19,HIGHNY-24APR19-B54.5,between,54,55,nws_climatological_report_daily,1fd611f12a3bba48,no,,0.0000,60,2024-04-20T06:20:00+00:00,CDUS41 KOKX 200620,nhigh: first final report with data,no,no,True,True,False,
2024-04-19,HIGHNY-24APR19,HIGHNY-24APR19-B56.5,between,56,57,nws_climatological_report_daily,1fd611f12a3bba48,no,,0.0000,60,2024-04-20T06:20:00+00:00,CDUS41 KOKX 200620,nhigh: first final report with data,no,no,True,True,False,
2024-04-19,HIGHNY-24APR19,HIGHNY-24APR19-B58.5,between,58,59,nws_climatological_report_daily,1fd611f12a3bba48,no,,0.0000,60,2024-04-20T06:20:00+00:00,CDUS41 KOKX 200620,nhigh: first final report with data,no,no,True,True,False,
2024-04-19,HIGHNY-24APR19,HIGHNY-24APR19-B60.5,between,60,61,nws_climatological_report_daily,1fd611f12a3bba48,yes,60.00,1.0000,60,2024-04-20T06:20:00+00:00,CDUS41 KOKX 200620,nhigh: first final report with data,yes,yes,True,True,False,
2024-04-19,HIGHNY-24APR19,HIGHNY-24APR19-T54,less,,54,nws_climatological_report_daily,1fd611f12a3bba48,no,,0.0000,60,2024-04-20T06:20:00+00:00,CDUS41 KOKX 200620,nhigh: first final report with data,no,no,True,True,False,
2024-04-19,HIGHNY-24APR19,HIGHNY-24APR19-T61,greater,61,,nws_climatological_report_daily,1fd611f12a3bba48,no,,0.0000,60,2024-04-20T06:20:00+00:00,CDUS41 KOKX 200620,nhigh: first final report with data,no,no,True,True,False,
2024-04-20,HIGHNY-24APR20,HIGHNY-24APR20-B64.5,between,64,65,nws_climatological_report_daily,1fd611f12a3bba48,no,,0.0000,71,2024-04-21T06:22:00+00:00,CDUS41 KOKX 210622,nhigh: first final report with data,no,no,True,True,False,
2024-04-20,HIGHNY-24APR20,HIGHNY-24APR20-B66.5,between,66,67,nws_climatological_report_daily,1fd611f12a3bba48,no,,0.0000,71,2024-04-21T06:22:00+00:00,CDUS41 KOKX 210622,nhigh: first final report with data,no,no,True,True,False,
2024-04-20,HIGHNY-24APR20,HIGHNY-24APR20-B68.5,between,68,69,nws_climatological_report_daily,1fd611f12a3bba48,no,,0.0000,71,2024-04-21T06:22:00+00:00,CDUS41 KOKX 210622,nhigh: first final report with data,no,no,True,True,False,
2024-04-20,HIGHNY-24APR20,HIGHNY-24APR20-B70.5,between,70,71,nws_climatological_report_daily,1fd611f12a3bba48,yes,71.00,1.0000,71,2024-04-21T06:22:00+00:00,CDUS41 KOKX 210622,nhigh: first final report with data,yes,yes,True,True,False,
2024-04-20,HIGHNY-24APR20,HIGHNY-24APR20-T64,less,,64,nws_climatological_report_daily,1fd611f12a3bba48,no,,0.0000,71,2024-04-21T06:22:00+00:00,CDUS41 KOKX 210622,nhigh: first final report with data,no,no,True,True,False,
2024-04-20,HIGHNY-24APR20,HIGHNY-24APR20-T71,greater,71,,nws_climatological_report_daily,1fd611f12a3bba48,no,,0.0000,71,2024-04-21T06:22:00+00:00,CDUS41 KOKX 210622,nhigh: first final report with data,no,no,True,True,False,
2024-04-21,HIGHNY-24APR21,HIGHNY-24APR21-B56.5,between,56,57,nws_climatological_report_daily,1fd611f12a3bba48,no,,0.0000,54,2024-04-22T06:21:00+00:00,CDUS41 KOKX 220621,nhigh: first final report with data,no,no,True,True,False,
2024-04-21,HIGHNY-24APR21,HIGHNY-24APR21-B58.5,between,58,59,nws_climatological_report_daily,1fd611f12a3bba48,no,,0.0000,54,2024-04-22T06:21:00+00:00,CDUS41 KOKX 220621,nhigh: first final report with data,no,no,True,True,False,
2024-04-21,HIGHNY-24APR21,HIGHNY-24APR21-B60.5,between,60,61,nws_climatological_report_daily,1fd611f12a3bba48,no,,0.0000,54,2024-04-22T06:21:00+00:00,CDUS41 KOKX 220621,nhigh: first final report with data,no,no,True,True,False,
2024-04-21,HIGHNY-24APR21,HIGHNY-24APR21-B62.5,between,62,63,nws_climatological_report_daily,1fd611f12a3bba48,no,,0.0000,54,2024-04-22T06:21:00+00:00,CDUS41 KOKX 220621,nhigh: first final report with data,no,no,True,True,False,
2024-04-21,HIGHNY-24APR21,HIGHNY-24APR21-T56,less,,56,nws_climatological_report_daily,1fd611f12a3bba48,yes,54.00,1.0000,54,2024-04-22T06:21:00+00:00,CDUS41 KOKX 220621,nhigh: first final report with data,yes,yes,True,True,False,
2024-04-21,HIGHNY-24APR21,HIGHNY-24APR21-T63,greater,63,,nws_climatological_report_daily,1fd611f12a3bba48,no,,0.0000,54,2024-04-22T06:21:00+00:00,CDUS41 KOKX 220621,nhigh: first final report with data,no,no,True,True,False,
2024-04-22,HIGHNY-24APR22,HIGHNY-24APR22-B58.5,between,58,59,nws_climatological_report_daily,1fd611f12a3bba48,no,,0.0000,64,2024-04-23T06:20:00+00:00,CDUS41 KOKX 230620,nhigh: first final report with data,no,no,True,True,False,
2024-04-22,HIGHNY-24APR22,HIGHNY-24APR22-B60.5,between,60,61,nws_climatological_report_daily,1fd611f12a3bba48,no,,0.0000,64,2024-04-23T06:20:00+00:00,CDUS41 KOKX 230620,nhigh: first final report with data,no,no,True,True,False,
2024-04-22,HIGHNY-24APR22,HIGHNY-24APR22-B62.5,between,62,63,nws_climatological_report_daily,1fd611f12a3bba48,no,,0.0000,64,2024-04-23T06:20:00+00:00,CDUS41 KOKX 230620,nhigh: first final report with data,no,no,True,True,False,
2024-04-22,HIGHNY-24APR22,HIGHNY-24APR22-B64.5,between,64,65,nws_climatological_report_daily,1fd611f12a3bba48,yes,64.00,1.0000,64,2024-04-23T06:20:00+00:00,CDUS41 KOKX 230620,nhigh: first final report with data,yes,yes,True,True,False,
2024-04-22,HIGHNY-24APR22,HIGHNY-24APR22-T58,less,,58,nws_climatological_report_daily,1fd611f12a3bba48,no,,0.0000,64,2024-04-23T06:20:00+00:00,CDUS41 KOKX 230620,nhigh: first final report with data,no,no,True,True,False,
2024-04-22,HIGHNY-24APR22,HIGHNY-24APR22-T65,greater,65,,nws_climatological_report_daily,1fd611f12a3bba48,no,,0.0000,64,2024-04-23T06:20:00+00:00,CDUS41 KOKX 230620,nhigh: first final report with data,no,no,True,True,False,
2024-04-23,HIGHNY-24APR23,HIGHNY-24APR23-B59.5,between,59,60,nws_climatological_report_daily,1fd611f12a3bba48,no,,0.0000,65,2024-04-24T08:06:00+00:00,CDUS41 KOKX 240806,nhigh: first final report with data,no,no,True,True,False,
2024-04-23,HIGHNY-24APR23,HIGHNY-24APR23-B61.5,between,61,62,nws_climatological_report_daily,1fd611f12a3bba48,no,,0.0000,65,2024-04-24T08:06:00+00:00,CDUS41 KOKX 240806,nhigh: first final report with data,no,no,True,True,False,
2024-04-23,HIGHNY-24APR23,HIGHNY-24APR23-B63.5,between,63,64,nws_climatological_report_daily,1fd611f12a3bba48,no,,0.0000,65,2024-04-24T08:06:00+00:00,CDUS41 KOKX 240806,nhigh: first final report with data,no,no,True,True,False,
2024-04-23,HIGHNY-24APR23,HIGHNY-24APR23-B65.5,between,65,66,nws_climatological_report_daily,1fd611f12a3bba48,yes,65.00,1.0000,65,2024-04-24T08:06:00+00:00,CDUS41 KOKX 240806,nhigh: first final report with data,yes,yes,True,True,False,
2024-04-23,HIGHNY-24APR23,HIGHNY-24APR23-T59,less,,59,nws_climatological_report_daily,1fd611f12a3bba48,no,,0.0000,65,2024-04-24T08:06:00+00:00,CDUS41 KOKX 240806,nhigh: first final report with data,no,no,True,True,False,
2024-04-23,HIGHNY-24APR23,HIGHNY-24APR23-T66,greater,66,,nws_climatological_report_daily,1fd611f12a3bba48,no,,0.0000,65,2024-04-24T08:06:00+00:00,CDUS41 KOKX 240806,nhigh: first final report with data,no,no,True,True,False,
2024-04-24,HIGHNY-24APR24,HIGHNY-24APR24-B61.5,between,61,62,nws_climatological_report_daily,1fd611f12a3bba48,no,,0.0000,74,2024-04-25T06:36:00+00:00,CDUS41 KOKX 250636,nhigh: first final report with data,no,no,True,True,False,
2024-04-24,HIGHNY-24APR24,HIGHNY-24APR24-B63.5,between,63,64,nws_climatological_report_daily,1fd611f12a3bba48,no,,0.0000,74,2024-04-25T06:36:00+00:00,CDUS41 KOKX 250636,nhigh: first final report with data,no,no,True,True,False,
2024-04-24,HIGHNY-24APR24,HIGHNY-24APR24-B65.5,between,65,66,nws_climatological_report_daily,1fd611f12a3bba48,no,,0.0000,74,2024-04-25T06:36:00+00:00,CDUS41 KOKX 250636,nhigh: first final report with data,no,no,True,True,False,
2024-04-24,HIGHNY-24APR24,HIGHNY-24APR24-B67.5,between,67,68,nws_climatological_report_daily,1fd611f12a3bba48,no,,0.0000,74,2024-04-25T06:36:00+00:00,CDUS41 KOKX 250636,nhigh: first final report with data,no,no,True,True,False,
2024-04-24,HIGHNY-24APR24,HIGHNY-24APR24-T61,less,,61,nws_climatological_report_daily,1fd611f12a3bba48,no,,0.0000,74,2024-04-25T06:36:00+00:00,CDUS41 KOKX 250636,nhigh: first final report with data,no,no,True,True,False,
2024-04-24,HIGHNY-24APR24,HIGHNY-24APR24-T68,greater,68,,nws_climatological_report_daily,1fd611f12a3bba48,yes,74.00,1.0000,74,2024-04-25T06:36:00+00:00,CDUS41 KOKX 250636,nhigh: first final report with data,yes,yes,True,True,False,
2024-04-25,HIGHNY-24APR25,HIGHNY-24APR25-B53.5,between,53,54,nws_climatological_report_daily,1fd611f12a3bba48,no,,0.0000,60,2024-04-26T06:17:00+00:00,CDUS41 KOKX 260617,nhigh: first final report with data,no,no,True,True,False,
2024-04-25,HIGHNY-24APR25,HIGHNY-24APR25-B55.5,between,55,56,nws_climatological_report_daily,1fd611f12a3bba48,no,,0.0000,60,2024-04-26T06:17:00+00:00,CDUS41 KOKX 260617,nhigh: first final report with data,no,no,True,True,False,
2024-04-25,HIGHNY-24APR25,HIGHNY-24APR25-B57.5,between,57,58,nws_climatological_report_daily,1fd611f12a3bba48,no,,0.0000,60,2024-04-26T06:17:00+00:00,CDUS41 KOKX 260617,nhigh: first final report with data,no,no,True,True,False,
2024-04-25,HIGHNY-24APR25,HIGHNY-24APR25-B59.5,between,59,60,nws_climatological_report_daily,1fd611f12a3bba48,yes,60.00,1.0000,60,2024-04-26T06:17:00+00:00,CDUS41 KOKX 260617,nhigh: first final report with data,yes,yes,True,True,False,
2024-04-25,HIGHNY-24APR25,HIGHNY-24APR25-T53,less,,53,nws_climatological_report_daily,1fd611f12a3bba48,no,,0.0000,60,2024-04-26T06:17:00+00:00,CDUS41 KOKX 260617,nhigh: first final report with data,no,no,True,True,False,
2024-04-25,HIGHNY-24APR25,HIGHNY-24APR25-T60,greater,60,,nws_climatological_report_daily,1fd611f12a3bba48,no,,0.0000,60,2024-04-26T06:17:00+00:00,CDUS41 KOKX 260617,nhigh: first final report with data,no,no,True,True,False,
2024-04-26,HIGHNY-24APR26,HIGHNY-24APR26-B56.5,between,56,57,nws_climatological_report_daily,1fd611f12a3bba48,no,,0.0000,65,2024-04-27T06:17:00+00:00,CDUS41 KOKX 270617,nhigh: first final report with data,no,no,True,True,False,
2024-04-26,HIGHNY-24APR26,HIGHNY-24APR26-B58.5,between,58,59,nws_climatological_report_daily,1fd611f12a3bba48,no,,0.0000,65,2024-04-27T06:17:00+00:00,CDUS41 KOKX 270617,nhigh: first final report with data,no,no,True,True,False,
2024-04-26,HIGHNY-24APR26,HIGHNY-24APR26-B60.5,between,60,61,nws_climatological_report_daily,1fd611f12a3bba48,no,,0.0000,65,2024-04-27T06:17:00+00:00,CDUS41 KOKX 270617,nhigh: first final report with data,no,no,True,True,False,
2024-04-26,HIGHNY-24APR26,HIGHNY-24APR26-B62.5,between,62,63,nws_climatological_report_daily,1fd611f12a3bba48,no,,0.0000,65,2024-04-27T06:17:00+00:00,CDUS41 KOKX 270617,nhigh: first final report with data,no,no,True,True,False,
2024-04-26,HIGHNY-24APR26,HIGHNY-24APR26-T56,less,,56,nws_climatological_report_daily,1fd611f12a3bba48,no,,0.0000,65,2024-04-27T06:17:00+00:00,CDUS41 KOKX 270617,nhigh: first final report with data,no,no,True,True,False,
2024-04-26,HIGHNY-24APR26,HIGHNY-24APR26-T63,greater,63,,nws_climatological_report_daily,1fd611f12a3bba48,yes,65.00,1.0000,65,2024-04-27T06:17:00+00:00,CDUS41 KOKX 270617,nhigh: first final report with data,yes,yes,True,True,False,
2024-04-27,HIGHNY-24APR27,HIGHNY-24APR27-B57.5,between,57,58,nws_climatological_report_daily,1fd611f12a3bba48,no,,0.0000,64,2024-04-28T06:21:00+00:00,CDUS41 KOKX 280621,nhigh: first final report with data,no,no,True,True,False,
2024-04-27,HIGHNY-24APR27,HIGHNY-24APR27-B59.5,between,59,60,nws_climatological_report_daily,1fd611f12a3bba48,no,,0.0000,64,2024-04-28T06:21:00+00:00,CDUS41 KOKX 280621,nhigh: first final report with data,no,no,True,True,False,
2024-04-27,HIGHNY-24APR27,HIGHNY-24APR27-B61.5,between,61,62,nws_climatological_report_daily,1fd611f12a3bba48,no,,0.0000,64,2024-04-28T06:21:00+00:00,CDUS41 KOKX 280621,nhigh: first final report with data,no,no,True,True,False,
2024-04-27,HIGHNY-24APR27,HIGHNY-24APR27-B63.5,between,63,64,nws_climatological_report_daily,1fd611f12a3bba48,yes,64.00,1.0000,64,2024-04-28T06:21:00+00:00,CDUS41 KOKX 280621,nhigh: first final report with data,yes,yes,True,True,False,
2024-04-27,HIGHNY-24APR27,HIGHNY-24APR27-T57,less,,57,nws_climatological_report_daily,1fd611f12a3bba48,no,,0.0000,64,2024-04-28T06:21:00+00:00,CDUS41 KOKX 280621,nhigh: first final report with data,no,no,True,True,False,
2024-04-27,HIGHNY-24APR27,HIGHNY-24APR27-T64,greater,64,,nws_climatological_report_daily,1fd611f12a3bba48,no,,0.0000,64,2024-04-28T06:21:00+00:00,CDUS41 KOKX 280621,nhigh: first final report with data,no,no,True,True,False,
2024-04-28,HIGHNY-24APR28,HIGHNY-24APR28-B72.5,between,72,73,nws_climatological_report_daily,1fd611f12a3bba48,no,,0.0000,79,2024-04-29T06:16:00+00:00,CDUS41 KOKX 290616,nhigh: first final report with data,no,no,True,True,False,
2024-04-28,HIGHNY-24APR28,HIGHNY-24APR28-B74.5,between,74,75,nws_climatological_report_daily,1fd611f12a3bba48,no,,0.0000,79,2024-04-29T06:16:00+00:00,CDUS41 KOKX 290616,nhigh: first final report with data,no,no,True,True,False,
2024-04-28,HIGHNY-24APR28,HIGHNY-24APR28-B76.5,between,76,77,nws_climatological_report_daily,1fd611f12a3bba48,no,,0.0000,79,2024-04-29T06:16:00+00:00,CDUS41 KOKX 290616,nhigh: first final report with data,no,no,True,True,False,
2024-04-28,HIGHNY-24APR28,HIGHNY-24APR28-B78.5,between,78,79,nws_climatological_report_daily,1fd611f12a3bba48,yes,79.00,1.0000,79,2024-04-29T06:16:00+00:00,CDUS41 KOKX 290616,nhigh: first final report with data,yes,yes,True,True,False,
2024-04-28,HIGHNY-24APR28,HIGHNY-24APR28-T72,less,,72,nws_climatological_report_daily,1fd611f12a3bba48,no,,0.0000,79,2024-04-29T06:16:00+00:00,CDUS41 KOKX 290616,nhigh: first final report with data,no,no,True,True,False,
2024-04-28,HIGHNY-24APR28,HIGHNY-24APR28-T79,greater,79,,nws_climatological_report_daily,1fd611f12a3bba48,no,,0.0000,79,2024-04-29T06:16:00+00:00,CDUS41 KOKX 290616,nhigh: first final report with data,no,no,True,True,False,
2024-04-29,HIGHNY-24APR29,HIGHNY-24APR29-B81.5,between,81,82,nws_climatological_report_daily,1fd611f12a3bba48,no,,0.0000,87,2024-04-30T06:18:00+00:00,CDUS41 KOKX 300618,nhigh: first final report with data,no,no,True,True,False,
2024-04-29,HIGHNY-24APR29,HIGHNY-24APR29-B83.5,between,83,84,nws_climatological_report_daily,1fd611f12a3bba48,no,,0.0000,87,2024-04-30T06:18:00+00:00,CDUS41 KOKX 300618,nhigh: first final report with data,no,no,True,True,False,
2024-04-29,HIGHNY-24APR29,HIGHNY-24APR29-B85.5,between,85,86,nws_climatological_report_daily,1fd611f12a3bba48,no,,0.0000,87,2024-04-30T06:18:00+00:00,CDUS41 KOKX 300618,nhigh: first final report with data,no,no,True,True,False,
2024-04-29,HIGHNY-24APR29,HIGHNY-24APR29-B87.5,between,87,88,nws_climatological_report_daily,1fd611f12a3bba48,yes,87.00,1.0000,87,2024-04-30T06:18:00+00:00,CDUS41 KOKX 300618,nhigh: first final report with data,yes,yes,True,True,False,
2024-04-29,HIGHNY-24APR29,HIGHNY-24APR29-T81,less,,81,nws_climatological_report_daily,1fd611f12a3bba48,no,,0.0000,87,2024-04-30T06:18:00+00:00,CDUS41 KOKX 300618,nhigh: first final report with data,no,no,True,True,False,
2024-04-29,HIGHNY-24APR29,HIGHNY-24APR29-T88,greater,88,,nws_climatological_report_daily,1fd611f12a3bba48,no,,0.0000,87,2024-04-30T06:18:00+00:00,CDUS41 KOKX 300618,nhigh: first final report with data,no,no,True,True,False,
2024-04-30,HIGHNY-24APR30,HIGHNY-24APR30-B67.5,between,67,68,nws_climatological_report_daily,1fd611f12a3bba48,no,,0.0000,66,2024-05-01T06:21:00+00:00,CDUS41 KOKX 010621,nhigh: first final report with data,no,no,True,True,False,
2024-04-30,HIGHNY-24APR30,HIGHNY-24APR30-B69.5,between,69,70,nws_climatological_report_daily,1fd611f12a3bba48,no,,0.0000,66,2024-05-01T06:21:00+00:00,CDUS41 KOKX 010621,nhigh: first final report with data,no,no,True,True,False,
2024-04-30,HIGHNY-24APR30,HIGHNY-24APR30-B71.5,between,71,72,nws_climatological_report_daily,1fd611f12a3bba48,no,,0.0000,66,2024-05-01T06:21:00+00:00,CDUS41 KOKX 010621,nhigh: first final report with data,no,no,True,True,False,
2024-04-30,HIGHNY-24APR30,HIGHNY-24APR30-B73.5,between,73,74,nws_climatological_report_daily,1fd611f12a3bba48,no,,0.0000,66,2024-05-01T06:21:00+00:00,CDUS41 KOKX 010621,nhigh: first final report with data,no,no,True,True,False,
2024-04-30,HIGHNY-24APR30,HIGHNY-24APR30-T67,less,,67,nws_climatological_report_daily,1fd611f12a3bba48,yes,66.00,1.0000,66,2024-05-01T06:21:00+00:00,CDUS41 KOKX 010621,nhigh: first final report with data,yes,yes,True,True,False,
2024-04-30,HIGHNY-24APR30,HIGHNY-24APR30-T74,greater,74,,nws_climatological_report_daily,1fd611f12a3bba48,no,,0.0000,66,2024-05-01T06:21:00+00:00,CDUS41 KOKX 010621,nhigh: first final report with data,no,no,True,True,False,
2024-05-01,HIGHNY-24MAY01,HIGHNY-24MAY01-B66.5,between,66,67,nws_climatological_report_daily,1fd611f12a3bba48,no,,0.0000,80,2024-05-02T06:21:00+00:00,CDUS41 KOKX 020621,nhigh: first final report with data,no,no,True,True,False,
2024-05-01,HIGHNY-24MAY01,HIGHNY-24MAY01-B68.5,between,68,69,nws_climatological_report_daily,1fd611f12a3bba48,no,,0.0000,80,2024-05-02T06:21:00+00:00,CDUS41 KOKX 020621,nhigh: first final report with data,no,no,True,True,False,
2024-05-01,HIGHNY-24MAY01,HIGHNY-24MAY01-B70.5,between,70,71,nws_climatological_report_daily,1fd611f12a3bba48,no,,0.0000,80,2024-05-02T06:21:00+00:00,CDUS41 KOKX 020621,nhigh: first final report with data,no,no,True,True,False,
2024-05-01,HIGHNY-24MAY01,HIGHNY-24MAY01-B72.5,between,72,73,nws_climatological_report_daily,1fd611f12a3bba48,no,,0.0000,80,2024-05-02T06:21:00+00:00,CDUS41 KOKX 020621,nhigh: first final report with data,no,no,True,True,False,
2024-05-01,HIGHNY-24MAY01,HIGHNY-24MAY01-T66,less,,66,nws_climatological_report_daily,1fd611f12a3bba48,no,,0.0000,80,2024-05-02T06:21:00+00:00,CDUS41 KOKX 020621,nhigh: first final report with data,no,no,True,True,False,
2024-05-01,HIGHNY-24MAY01,HIGHNY-24MAY01-T73,greater,73,,nws_climatological_report_daily,1fd611f12a3bba48,yes,80.00,1.0000,80,2024-05-02T06:21:00+00:00,CDUS41 KOKX 020621,nhigh: first final report with data,yes,yes,True,True,False,
2024-05-02,HIGHNY-24MAY02,HIGHNY-24MAY02-B80.5,between,80,81,nws_climatological_report_daily,1fd611f12a3bba48,no,,0.0000,79,2024-05-03T06:18:00+00:00,CDUS41 KOKX 030618,nhigh: first final report with data,no,no,True,True,False,
2024-05-02,HIGHNY-24MAY02,HIGHNY-24MAY02-B82.5,between,82,83,nws_climatological_report_daily,1fd611f12a3bba48,no,,0.0000,79,2024-05-03T06:18:00+00:00,CDUS41 KOKX 030618,nhigh: first final report with data,no,no,True,True,False,
2024-05-02,HIGHNY-24MAY02,HIGHNY-24MAY02-B84.5,between,84,85,nws_climatological_report_daily,1fd611f12a3bba48,no,,0.0000,79,2024-05-03T06:18:00+00:00,CDUS41 KOKX 030618,nhigh: first final report with data,no,no,True,True,False,
2024-05-02,HIGHNY-24MAY02,HIGHNY-24MAY02-B86.5,between,86,87,nws_climatological_report_daily,1fd611f12a3bba48,no,,0.0000,79,2024-05-03T06:18:00+00:00,CDUS41 KOKX 030618,nhigh: first final report with data,no,no,True,True,False,
2024-05-02,HIGHNY-24MAY02,HIGHNY-24MAY02-T80,less,,80,nws_climatological_report_daily,1fd611f12a3bba48,yes,79.00,1.0000,79,2024-05-03T06:18:00+00:00,CDUS41 KOKX 030618,nhigh: first final report with data,yes,yes,True,True,False,
2024-05-02,HIGHNY-24MAY02,HIGHNY-24MAY02-T87,greater,87,,nws_climatological_report_daily,1fd611f12a3bba48,no,,0.0000,79,2024-05-03T06:18:00+00:00,CDUS41 KOKX 030618,nhigh: first final report with data,no,no,True,True,False,
2024-05-03,HIGHNY-24MAY03,HIGHNY-24MAY03-B63.5,between,63,64,nws_climatological_report_daily,1fd611f12a3bba48,no,,0.0000,65,2024-05-04T06:17:00+00:00,CDUS41 KOKX 040617,nhigh: first final report with data,no,no,True,True,False,
2024-05-03,HIGHNY-24MAY03,HIGHNY-24MAY03-B65.5,between,65,66,nws_climatological_report_daily,1fd611f12a3bba48,yes,65.00,1.0000,65,2024-05-04T06:17:00+00:00,CDUS41 KOKX 040617,nhigh: first final report with data,yes,yes,True,True,False,
2024-05-03,HIGHNY-24MAY03,HIGHNY-24MAY03-B67.5,between,67,68,nws_climatological_report_daily,1fd611f12a3bba48,no,,0.0000,65,2024-05-04T06:17:00+00:00,CDUS41 KOKX 040617,nhigh: first final report with data,no,no,True,True,False,
2024-05-03,HIGHNY-24MAY03,HIGHNY-24MAY03-B69.5,between,69,70,nws_climatological_report_daily,1fd611f12a3bba48,no,,0.0000,65,2024-05-04T06:17:00+00:00,CDUS41 KOKX 040617,nhigh: first final report with data,no,no,True,True,False,
2024-05-03,HIGHNY-24MAY03,HIGHNY-24MAY03-T63,less,,63,nws_climatological_report_daily,1fd611f12a3bba48,no,,0.0000,65,2024-05-04T06:17:00+00:00,CDUS41 KOKX 040617,nhigh: first final report with data,no,no,True,True,False,
2024-05-03,HIGHNY-24MAY03,HIGHNY-24MAY03-T70,greater,70,,nws_climatological_report_daily,1fd611f12a3bba48,no,,0.0000,65,2024-05-04T06:17:00+00:00,CDUS41 KOKX 040617,nhigh: first final report with data,no,no,True,True,False,
2024-05-04,HIGHNY-24MAY04,HIGHNY-24MAY04-B59.5,between,59,60,nws_climatological_report_daily,1fd611f12a3bba48,no,,0.0000,63,2024-05-05T06:17:00+00:00,CDUS41 KOKX 050617,nhigh: first final report with data,no,no,True,True,False,
2024-05-04,HIGHNY-24MAY04,HIGHNY-24MAY04-B61.5,between,61,62,nws_climatological_report_daily,1fd611f12a3bba48,no,,0.0000,63,2024-05-05T06:17:00+00:00,CDUS41 KOKX 050617,nhigh: first final report with data,no,no,True,True,False,
2024-05-04,HIGHNY-24MAY04,HIGHNY-24MAY04-B63.5,between,63,64,nws_climatological_report_daily,1fd611f12a3bba48,yes,63.00,1.0000,63,2024-05-05T06:17:00+00:00,CDUS41 KOKX 050617,nhigh: first final report with data,yes,yes,True,True,False,
2024-05-04,HIGHNY-24MAY04,HIGHNY-24MAY04-B65.5,between,65,66,nws_climatological_report_daily,1fd611f12a3bba48,no,,0.0000,63,2024-05-05T06:17:00+00:00,CDUS41 KOKX 050617,nhigh: first final report with data,no,no,True,True,False,
2024-05-04,HIGHNY-24MAY04,HIGHNY-24MAY04-T59,less,,59,nws_climatological_report_daily,1fd611f12a3bba48,no,,0.0000,63,2024-05-05T06:17:00+00:00,CDUS41 KOKX 050617,nhigh: first final report with data,no,no,True,True,False,
2024-05-04,HIGHNY-24MAY04,HIGHNY-24MAY04-T66,greater,66,,nws_climatological_report_daily,1fd611f12a3bba48,no,,0.0000,63,2024-05-05T06:17:00+00:00,CDUS41 KOKX 050617,nhigh: first final report with data,no,no,True,True,False,
2024-05-05,HIGHNY-24MAY05,HIGHNY-24MAY05-B55.5,between,55,56,nws_climatological_report_daily,1fd611f12a3bba48,no,,0.0000,54,2024-05-06T06:18:00+00:00,CDUS41 KOKX 060618,nhigh: first final report with data,no,no,True,True,False,
2024-05-05,HIGHNY-24MAY05,HIGHNY-24MAY05-B57.5,between,57,58,nws_climatological_report_daily,1fd611f12a3bba48,no,,0.0000,54,2024-05-06T06:18:00+00:00,CDUS41 KOKX 060618,nhigh: first final report with data,no,no,True,True,False,
2024-05-05,HIGHNY-24MAY05,HIGHNY-24MAY05-B59.5,between,59,60,nws_climatological_report_daily,1fd611f12a3bba48,no,,0.0000,54,2024-05-06T06:18:00+00:00,CDUS41 KOKX 060618,nhigh: first final report with data,no,no,True,True,False,
2024-05-05,HIGHNY-24MAY05,HIGHNY-24MAY05-B61.5,between,61,62,nws_climatological_report_daily,1fd611f12a3bba48,no,,0.0000,54,2024-05-06T06:18:00+00:00,CDUS41 KOKX 060618,nhigh: first final report with data,no,no,True,True,False,
2024-05-05,HIGHNY-24MAY05,HIGHNY-24MAY05-T55,less,,55,nws_climatological_report_daily,1fd611f12a3bba48,yes,54.00,1.0000,54,2024-05-06T06:18:00+00:00,CDUS41 KOKX 060618,nhigh: first final report with data,yes,yes,True,True,False,
2024-05-05,HIGHNY-24MAY05,HIGHNY-24MAY05-T62,greater,62,,nws_climatological_report_daily,1fd611f12a3bba48,no,,0.0000,54,2024-05-06T06:18:00+00:00,CDUS41 KOKX 060618,nhigh: first final report with data,no,no,True,True,False,
2024-05-06,HIGHNY-24MAY06,HIGHNY-24MAY06-B73.5,between,73,74,nws_climatological_report_daily,1fd611f12a3bba48,yes,74.00,1.0000,74,2024-05-07T06:19:00+00:00,CDUS41 KOKX 070619,nhigh: first final report with data,yes,yes,True,True,False,
2024-05-06,HIGHNY-24MAY06,HIGHNY-24MAY06-B75.5,between,75,76,nws_climatological_report_daily,1fd611f12a3bba48,no,,0.0000,74,2024-05-07T06:19:00+00:00,CDUS41 KOKX 070619,nhigh: first final report with data,no,no,True,True,False,
2024-05-06,HIGHNY-24MAY06,HIGHNY-24MAY06-B77.5,between,77,78,nws_climatological_report_daily,1fd611f12a3bba48,no,,0.0000,74,2024-05-07T06:19:00+00:00,CDUS41 KOKX 070619,nhigh: first final report with data,no,no,True,True,False,
2024-05-06,HIGHNY-24MAY06,HIGHNY-24MAY06-B79.5,between,79,80,nws_climatological_report_daily,1fd611f12a3bba48,no,,0.0000,74,2024-05-07T06:19:00+00:00,CDUS41 KOKX 070619,nhigh: first final report with data,no,no,True,True,False,
2024-05-06,HIGHNY-24MAY06,HIGHNY-24MAY06-T73,less,,73,nws_climatological_report_daily,1fd611f12a3bba48,no,,0.0000,74,2024-05-07T06:19:00+00:00,CDUS41 KOKX 070619,nhigh: first final report with data,no,no,True,True,False,
2024-05-06,HIGHNY-24MAY06,HIGHNY-24MAY06-T80,greater,80,,nws_climatological_report_daily,1fd611f12a3bba48,no,,0.0000,74,2024-05-07T06:19:00+00:00,CDUS41 KOKX 070619,nhigh: first final report with data,no,no,True,True,False,
2024-05-07,HIGHNY-24MAY07,HIGHNY-24MAY07-B75.5,between,75,76,nws_climatological_report_daily,1fd611f12a3bba48,no,,0.0000,80,2024-05-08T06:45:00+00:00,CDUS41 KOKX 080645,nhigh: first final report with data,no,no,True,True,False,
2024-05-07,HIGHNY-24MAY07,HIGHNY-24MAY07-B77.5,between,77,78,nws_climatological_report_daily,1fd611f12a3bba48,no,,0.0000,80,2024-05-08T06:45:00+00:00,CDUS41 KOKX 080645,nhigh: first final report with data,no,no,True,True,False,
2024-05-07,HIGHNY-24MAY07,HIGHNY-24MAY07-B79.5,between,79,80,nws_climatological_report_daily,1fd611f12a3bba48,yes,80.00,1.0000,80,2024-05-08T06:45:00+00:00,CDUS41 KOKX 080645,nhigh: first final report with data,yes,yes,True,True,False,
2024-05-07,HIGHNY-24MAY07,HIGHNY-24MAY07-B81.5,between,81,82,nws_climatological_report_daily,1fd611f12a3bba48,no,,0.0000,80,2024-05-08T06:45:00+00:00,CDUS41 KOKX 080645,nhigh: first final report with data,no,no,True,True,False,
2024-05-07,HIGHNY-24MAY07,HIGHNY-24MAY07-T75,less,,75,nws_climatological_report_daily,1fd611f12a3bba48,no,,0.0000,80,2024-05-08T06:45:00+00:00,CDUS41 KOKX 080645,nhigh: first final report with data,no,no,True,True,False,
2024-05-07,HIGHNY-24MAY07,HIGHNY-24MAY07-T82,greater,82,,nws_climatological_report_daily,1fd611f12a3bba48,no,,0.0000,80,2024-05-08T06:45:00+00:00,CDUS41 KOKX 080645,nhigh: first final report with data,no,no,True,True,False,
2024-05-08,HIGHNY-24MAY08,HIGHNY-24MAY08-B76.5,between,76,77,nws_climatological_report_daily,1fd611f12a3bba48,no,,0.0000,84,2024-05-09T06:32:00+00:00,CDUS41 KOKX 090632,nhigh: first final report with data,no,no,True,True,False,
2024-05-08,HIGHNY-24MAY08,HIGHNY-24MAY08-B78.5,between,78,79,nws_climatological_report_daily,1fd611f12a3bba48,no,,0.0000,84,2024-05-09T06:32:00+00:00,CDUS41 KOKX 090632,nhigh: first final report with data,no,no,True,True,False,
2024-05-08,HIGHNY-24MAY08,HIGHNY-24MAY08-B80.5,between,80,81,nws_climatological_report_daily,1fd611f12a3bba48,no,,0.0000,84,2024-05-09T06:32:00+00:00,CDUS41 KOKX 090632,nhigh: first final report with data,no,no,True,True,False,
2024-05-08,HIGHNY-24MAY08,HIGHNY-24MAY08-B82.5,between,82,83,nws_climatological_report_daily,1fd611f12a3bba48,no,,0.0000,84,2024-05-09T06:32:00+00:00,CDUS41 KOKX 090632,nhigh: first final report with data,no,no,True,True,False,
2024-05-08,HIGHNY-24MAY08,HIGHNY-24MAY08-T76,less,,76,nws_climatological_report_daily,1fd611f12a3bba48,no,,0.0000,84,2024-05-09T06:32:00+00:00,CDUS41 KOKX 090632,nhigh: first final report with data,no,no,True,True,False,
2024-05-08,HIGHNY-24MAY08,HIGHNY-24MAY08-T83,greater,83,,nws_climatological_report_daily,1fd611f12a3bba48,yes,84.00,1.0000,84,2024-05-09T06:32:00+00:00,CDUS41 KOKX 090632,nhigh: first final report with data,yes,yes,True,True,False,
2024-05-09,HIGHNY-24MAY09,HIGHNY-24MAY09-B67.5,between,67,68,nws_climatological_report_daily,1fd611f12a3bba48,no,,0.0000,70,2024-05-10T06:18:00+00:00,CDUS41 KOKX 100618,nhigh: first final report with data,no,no,True,True,False,
2024-05-09,HIGHNY-24MAY09,HIGHNY-24MAY09-B69.5,between,69,70,nws_climatological_report_daily,1fd611f12a3bba48,yes,70.00,1.0000,70,2024-05-10T06:18:00+00:00,CDUS41 KOKX 100618,nhigh: first final report with data,yes,yes,True,True,False,
2024-05-09,HIGHNY-24MAY09,HIGHNY-24MAY09-B71.5,between,71,72,nws_climatological_report_daily,1fd611f12a3bba48,no,,0.0000,70,2024-05-10T06:18:00+00:00,CDUS41 KOKX 100618,nhigh: first final report with data,no,no,True,True,False,
2024-05-09,HIGHNY-24MAY09,HIGHNY-24MAY09-B73.5,between,73,74,nws_climatological_report_daily,1fd611f12a3bba48,no,,0.0000,70,2024-05-10T06:18:00+00:00,CDUS41 KOKX 100618,nhigh: first final report with data,no,no,True,True,False,
2024-05-09,HIGHNY-24MAY09,HIGHNY-24MAY09-T67,less,,67,nws_climatological_report_daily,1fd611f12a3bba48,no,,0.0000,70,2024-05-10T06:18:00+00:00,CDUS41 KOKX 100618,nhigh: first final report with data,no,no,True,True,False,
2024-05-09,HIGHNY-24MAY09,HIGHNY-24MAY09-T74,greater,74,,nws_climatological_report_daily,1fd611f12a3bba48,no,,0.0000,70,2024-05-10T06:18:00+00:00,CDUS41 KOKX 100618,nhigh: first final report with data,no,no,True,True,False,
2024-05-10,HIGHNY-24MAY10,HIGHNY-24MAY10-B53.5,between,53,54,nws_climatological_report_daily,1fd611f12a3bba48,no,,0.0000,56,2024-05-11T06:26:00+00:00,CDUS41 KOKX 110626,nhigh: first final report with data,no,no,True,True,False,
2024-05-10,HIGHNY-24MAY10,HIGHNY-24MAY10-B55.5,between,55,56,nws_climatological_report_daily,1fd611f12a3bba48,yes,56.00,1.0000,56,2024-05-11T06:26:00+00:00,CDUS41 KOKX 110626,nhigh: first final report with data,yes,yes,True,True,False,
2024-05-10,HIGHNY-24MAY10,HIGHNY-24MAY10-B57.5,between,57,58,nws_climatological_report_daily,1fd611f12a3bba48,no,,0.0000,56,2024-05-11T06:26:00+00:00,CDUS41 KOKX 110626,nhigh: first final report with data,no,no,True,True,False,
2024-05-10,HIGHNY-24MAY10,HIGHNY-24MAY10-B59.5,between,59,60,nws_climatological_report_daily,1fd611f12a3bba48,no,,0.0000,56,2024-05-11T06:26:00+00:00,CDUS41 KOKX 110626,nhigh: first final report with data,no,no,True,True,False,
2024-05-10,HIGHNY-24MAY10,HIGHNY-24MAY10-T53,less,,53,nws_climatological_report_daily,1fd611f12a3bba48,no,,0.0000,56,2024-05-11T06:26:00+00:00,CDUS41 KOKX 110626,nhigh: first final report with data,no,no,True,True,False,
2024-05-10,HIGHNY-24MAY10,HIGHNY-24MAY10-T60,greater,60,,nws_climatological_report_daily,1fd611f12a3bba48,no,,0.0000,56,2024-05-11T06:26:00+00:00,CDUS41 KOKX 110626,nhigh: first final report with data,no,no,True,True,False,
2024-05-11,HIGHNY-24MAY11,HIGHNY-24MAY11-B60.5,between,60,61,nws_climatological_report_daily,1fd611f12a3bba48,no,,0.0000,64,2024-05-12T06:23:00+00:00,CDUS41 KOKX 120623,nhigh: first final report with data,no,no,True,True,False,
2024-05-11,HIGHNY-24MAY11,HIGHNY-24MAY11-B62.5,between,62,63,nws_climatological_report_daily,1fd611f12a3bba48,no,,0.0000,64,2024-05-12T06:23:00+00:00,CDUS41 KOKX 120623,nhigh: first final report with data,no,no,True,True,False,
2024-05-11,HIGHNY-24MAY11,HIGHNY-24MAY11-B64.5,between,64,65,nws_climatological_report_daily,1fd611f12a3bba48,yes,64.00,1.0000,64,2024-05-12T06:23:00+00:00,CDUS41 KOKX 120623,nhigh: first final report with data,yes,yes,True,True,False,
2024-05-11,HIGHNY-24MAY11,HIGHNY-24MAY11-B66.5,between,66,67,nws_climatological_report_daily,1fd611f12a3bba48,no,,0.0000,64,2024-05-12T06:23:00+00:00,CDUS41 KOKX 120623,nhigh: first final report with data,no,no,True,True,False,
2024-05-11,HIGHNY-24MAY11,HIGHNY-24MAY11-T60,less,,60,nws_climatological_report_daily,1fd611f12a3bba48,no,,0.0000,64,2024-05-12T06:23:00+00:00,CDUS41 KOKX 120623,nhigh: first final report with data,no,no,True,True,False,
2024-05-11,HIGHNY-24MAY11,HIGHNY-24MAY11-T67,greater,67,,nws_climatological_report_daily,1fd611f12a3bba48,no,,0.0000,64,2024-05-12T06:23:00+00:00,CDUS41 KOKX 120623,nhigh: first final report with data,no,no,True,True,False,
2024-05-12,HIGHNY-24MAY12,HIGHNY-24MAY12-B53.5,between,53,54,nws_climatological_report_daily,1fd611f12a3bba48,no,,0.0000,57,2024-05-13T06:32:00+00:00,CDUS41 KOKX 130632,nhigh: first final report with data,no,no,True,True,False,
2024-05-12,HIGHNY-24MAY12,HIGHNY-24MAY12-B55.5,between,55,56,nws_climatological_report_daily,1fd611f12a3bba48,no,,0.0000,57,2024-05-13T06:32:00+00:00,CDUS41 KOKX 130632,nhigh: first final report with data,no,no,True,True,False,
2024-05-12,HIGHNY-24MAY12,HIGHNY-24MAY12-B57.5,between,57,58,nws_climatological_report_daily,1fd611f12a3bba48,yes,57.00,1.0000,57,2024-05-13T06:32:00+00:00,CDUS41 KOKX 130632,nhigh: first final report with data,yes,yes,True,True,False,
2024-05-12,HIGHNY-24MAY12,HIGHNY-24MAY12-B59.5,between,59,60,nws_climatological_report_daily,1fd611f12a3bba48,no,,0.0000,57,2024-05-13T06:32:00+00:00,CDUS41 KOKX 130632,nhigh: first final report with data,no,no,True,True,False,
2024-05-12,HIGHNY-24MAY12,HIGHNY-24MAY12-T53,less,,53,nws_climatological_report_daily,1fd611f12a3bba48,no,,0.0000,57,2024-05-13T06:32:00+00:00,CDUS41 KOKX 130632,nhigh: first final report with data,no,no,True,True,False,
2024-05-12,HIGHNY-24MAY12,HIGHNY-24MAY12-T60,greater,60,,nws_climatological_report_daily,1fd611f12a3bba48,no,,0.0000,57,2024-05-13T06:32:00+00:00,CDUS41 KOKX 130632,nhigh: first final report with data,no,no,True,True,False,
2024-05-13,HIGHNY-24MAY13,HIGHNY-24MAY13-B64.5,between,64,65,nws_climatological_report_daily,1fd611f12a3bba48,yes,65.00,1.0000,65,2024-05-14T06:19:00+00:00,CDUS41 KOKX 140619,nhigh: first final report with data,yes,yes,True,True,False,
2024-05-13,HIGHNY-24MAY13,HIGHNY-24MAY13-B66.5,between,66,67,nws_climatological_report_daily,1fd611f12a3bba48,no,,0.0000,65,2024-05-14T06:19:00+00:00,CDUS41 KOKX 140619,nhigh: first final report with data,no,no,True,True,False,
2024-05-13,HIGHNY-24MAY13,HIGHNY-24MAY13-B68.5,between,68,69,nws_climatological_report_daily,1fd611f12a3bba48,no,,0.0000,65,2024-05-14T06:19:00+00:00,CDUS41 KOKX 140619,nhigh: first final report with data,no,no,True,True,False,
2024-05-13,HIGHNY-24MAY13,HIGHNY-24MAY13-B70.5,between,70,71,nws_climatological_report_daily,1fd611f12a3bba48,no,,0.0000,65,2024-05-14T06:19:00+00:00,CDUS41 KOKX 140619,nhigh: first final report with data,no,no,True,True,False,
2024-05-13,HIGHNY-24MAY13,HIGHNY-24MAY13-T64,less,,64,nws_climatological_report_daily,1fd611f12a3bba48,no,,0.0000,65,2024-05-14T06:19:00+00:00,CDUS41 KOKX 140619,nhigh: first final report with data,no,no,True,True,False,
2024-05-13,HIGHNY-24MAY13,HIGHNY-24MAY13-T71,greater,71,,nws_climatological_report_daily,1fd611f12a3bba48,no,,0.0000,65,2024-05-14T06:19:00+00:00,CDUS41 KOKX 140619,nhigh: first final report with data,no,no,True,True,False,
2024-05-14,HIGHNY-24MAY14,HIGHNY-24MAY14-B71.5,between,71,72,nws_climatological_report_daily,1fd611f12a3bba48,yes,72.00,1.0000,72,2024-05-15T06:24:00+00:00,CDUS41 KOKX 150624,nhigh: first final report with data,yes,yes,True,True,False,
2024-05-14,HIGHNY-24MAY14,HIGHNY-24MAY14-B73.5,between,73,74,nws_climatological_report_daily,1fd611f12a3bba48,no,,0.0000,72,2024-05-15T06:24:00+00:00,CDUS41 KOKX 150624,nhigh: first final report with data,no,no,True,True,False,
2024-05-14,HIGHNY-24MAY14,HIGHNY-24MAY14-B75.5,between,75,76,nws_climatological_report_daily,1fd611f12a3bba48,no,,0.0000,72,2024-05-15T06:24:00+00:00,CDUS41 KOKX 150624,nhigh: first final report with data,no,no,True,True,False,
2024-05-14,HIGHNY-24MAY14,HIGHNY-24MAY14-B77.5,between,77,78,nws_climatological_report_daily,1fd611f12a3bba48,no,,0.0000,72,2024-05-15T06:24:00+00:00,CDUS41 KOKX 150624,nhigh: first final report with data,no,no,True,True,False,
2024-05-14,HIGHNY-24MAY14,HIGHNY-24MAY14-T71,less,,71,nws_climatological_report_daily,1fd611f12a3bba48,no,,0.0000,72,2024-05-15T06:24:00+00:00,CDUS41 KOKX 150624,nhigh: first final report with data,no,no,True,True,False,
2024-05-14,HIGHNY-24MAY14,HIGHNY-24MAY14-T78,greater,78,,nws_climatological_report_daily,1fd611f12a3bba48,no,,0.0000,72,2024-05-15T06:24:00+00:00,CDUS41 KOKX 150624,nhigh: first final report with data,no,no,True,True,False,
2024-05-15,HIGHNY-24MAY15,HIGHNY-24MAY15-B65.5,between,65,66,nws_climatological_report_daily,1fd611f12a3bba48,no,,0.0000,64,2024-05-16T06:24:00+00:00,CDUS41 KOKX 160624,nhigh: first final report with data,no,no,True,True,False,
2024-05-15,HIGHNY-24MAY15,HIGHNY-24MAY15-B67.5,between,67,68,nws_climatological_report_daily,1fd611f12a3bba48,no,,0.0000,64,2024-05-16T06:24:00+00:00,CDUS41 KOKX 160624,nhigh: first final report with data,no,no,True,True,False,
2024-05-15,HIGHNY-24MAY15,HIGHNY-24MAY15-B69.5,between,69,70,nws_climatological_report_daily,1fd611f12a3bba48,no,,0.0000,64,2024-05-16T06:24:00+00:00,CDUS41 KOKX 160624,nhigh: first final report with data,no,no,True,True,False,
2024-05-15,HIGHNY-24MAY15,HIGHNY-24MAY15-B71.5,between,71,72,nws_climatological_report_daily,1fd611f12a3bba48,no,,0.0000,64,2024-05-16T06:24:00+00:00,CDUS41 KOKX 160624,nhigh: first final report with data,no,no,True,True,False,
2024-05-15,HIGHNY-24MAY15,HIGHNY-24MAY15-T65,less,,65,nws_climatological_report_daily,1fd611f12a3bba48,yes,64.00,1.0000,64,2024-05-16T06:24:00+00:00,CDUS41 KOKX 160624,nhigh: first final report with data,yes,yes,True,True,False,
2024-05-15,HIGHNY-24MAY15,HIGHNY-24MAY15-T72,greater,72,,nws_climatological_report_daily,1fd611f12a3bba48,no,,0.0000,64,2024-05-16T06:24:00+00:00,CDUS41 KOKX 160624,nhigh: first final report with data,no,no,True,True,False,
2024-05-16,HIGHNY-24MAY16,HIGHNY-24MAY16-B61.5,between,61,62,nws_climatological_report_daily,1fd611f12a3bba48,no,,0.0000,64,2024-05-17T06:29:00+00:00,CDUS41 KOKX 170629,nhigh: first final report with data,no,no,True,True,False,
2024-05-16,HIGHNY-24MAY16,HIGHNY-24MAY16-B63.5,between,63,64,nws_climatological_report_daily,1fd611f12a3bba48,yes,64.00,1.0000,64,2024-05-17T06:29:00+00:00,CDUS41 KOKX 170629,nhigh: first final report with data,yes,yes,True,True,False,
2024-05-16,HIGHNY-24MAY16,HIGHNY-24MAY16-B65.5,between,65,66,nws_climatological_report_daily,1fd611f12a3bba48,no,,0.0000,64,2024-05-17T06:29:00+00:00,CDUS41 KOKX 170629,nhigh: first final report with data,no,no,True,True,False,
2024-05-16,HIGHNY-24MAY16,HIGHNY-24MAY16-B67.5,between,67,68,nws_climatological_report_daily,1fd611f12a3bba48,no,,0.0000,64,2024-05-17T06:29:00+00:00,CDUS41 KOKX 170629,nhigh: first final report with data,no,no,True,True,False,
2024-05-16,HIGHNY-24MAY16,HIGHNY-24MAY16-T61,less,,61,nws_climatological_report_daily,1fd611f12a3bba48,no,,0.0000,64,2024-05-17T06:29:00+00:00,CDUS41 KOKX 170629,nhigh: first final report with data,no,no,True,True,False,
2024-05-16,HIGHNY-24MAY16,HIGHNY-24MAY16-T68,greater,68,,nws_climatological_report_daily,1fd611f12a3bba48,no,,0.0000,64,2024-05-17T06:29:00+00:00,CDUS41 KOKX 170629,nhigh: first final report with data,no,no,True,True,False,
2024-05-17,HIGHNY-24MAY17,HIGHNY-24MAY17-B70.5,between,70,71,nws_climatological_report_daily,1fd611f12a3bba48,no,,0.0000,72,2024-05-18T06:43:00+00:00,CDUS41 KOKX 180643,nhigh: first final report with data,no,no,True,True,False,
2024-05-17,HIGHNY-24MAY17,HIGHNY-24MAY17-B72.5,between,72,73,nws_climatological_report_daily,1fd611f12a3bba48,yes,72.00,1.0000,72,2024-05-18T06:43:00+00:00,CDUS41 KOKX 180643,nhigh: first final report with data,yes,yes,True,True,False,
2024-05-17,HIGHNY-24MAY17,HIGHNY-24MAY17-B74.5,between,74,75,nws_climatological_report_daily,1fd611f12a3bba48,no,,0.0000,72,2024-05-18T06:43:00+00:00,CDUS41 KOKX 180643,nhigh: first final report with data,no,no,True,True,False,
2024-05-17,HIGHNY-24MAY17,HIGHNY-24MAY17-B76.5,between,76,77,nws_climatological_report_daily,1fd611f12a3bba48,no,,0.0000,72,2024-05-18T06:43:00+00:00,CDUS41 KOKX 180643,nhigh: first final report with data,no,no,True,True,False,
2024-05-17,HIGHNY-24MAY17,HIGHNY-24MAY17-T70,less,,70,nws_climatological_report_daily,1fd611f12a3bba48,no,,0.0000,72,2024-05-18T06:43:00+00:00,CDUS41 KOKX 180643,nhigh: first final report with data,no,no,True,True,False,
2024-05-17,HIGHNY-24MAY17,HIGHNY-24MAY17-T77,greater,77,,nws_climatological_report_daily,1fd611f12a3bba48,no,,0.0000,72,2024-05-18T06:43:00+00:00,CDUS41 KOKX 180643,nhigh: first final report with data,no,no,True,True,False,
2024-05-18,HIGHNY-24MAY18,HIGHNY-24MAY18-B66.5,between,66,67,nws_climatological_report_daily,1fd611f12a3bba48,no,,0.0000,69,2024-05-19T06:21:00+00:00,CDUS41 KOKX 190621,nhigh: first final report with data,no,no,True,True,False,
2024-05-18,HIGHNY-24MAY18,HIGHNY-24MAY18-B68.5,between,68,69,nws_climatological_report_daily,1fd611f12a3bba48,yes,69.00,1.0000,69,2024-05-19T06:21:00+00:00,CDUS41 KOKX 190621,nhigh: first final report with data,yes,yes,True,True,False,
2024-05-18,HIGHNY-24MAY18,HIGHNY-24MAY18-B70.5,between,70,71,nws_climatological_report_daily,1fd611f12a3bba48,no,,0.0000,69,2024-05-19T06:21:00+00:00,CDUS41 KOKX 190621,nhigh: first final report with data,no,no,True,True,False,
2024-05-18,HIGHNY-24MAY18,HIGHNY-24MAY18-B72.5,between,72,73,nws_climatological_report_daily,1fd611f12a3bba48,no,,0.0000,69,2024-05-19T06:21:00+00:00,CDUS41 KOKX 190621,nhigh: first final report with data,no,no,True,True,False,
2024-05-18,HIGHNY-24MAY18,HIGHNY-24MAY18-T66,less,,66,nws_climatological_report_daily,1fd611f12a3bba48,no,,0.0000,69,2024-05-19T06:21:00+00:00,CDUS41 KOKX 190621,nhigh: first final report with data,no,no,True,True,False,
2024-05-18,HIGHNY-24MAY18,HIGHNY-24MAY18-T73,greater,73,,nws_climatological_report_daily,1fd611f12a3bba48,no,,0.0000,69,2024-05-19T06:21:00+00:00,CDUS41 KOKX 190621,nhigh: first final report with data,no,no,True,True,False,
2024-05-19,HIGHNY-24MAY19,HIGHNY-24MAY19-B67.5,between,67,68,nws_climatological_report_daily,1fd611f12a3bba48,no,,0.0000,75,2024-05-20T06:23:00+00:00,CDUS41 KOKX 200623,nhigh: first final report with data,no,no,True,True,False,
2024-05-19,HIGHNY-24MAY19,HIGHNY-24MAY19-B69.5,between,69,70,nws_climatological_report_daily,1fd611f12a3bba48,no,,0.0000,75,2024-05-20T06:23:00+00:00,CDUS41 KOKX 200623,nhigh: first final report with data,no,no,True,True,False,
2024-05-19,HIGHNY-24MAY19,HIGHNY-24MAY19-B71.5,between,71,72,nws_climatological_report_daily,1fd611f12a3bba48,no,,0.0000,75,2024-05-20T06:23:00+00:00,CDUS41 KOKX 200623,nhigh: first final report with data,no,no,True,True,False,
2024-05-19,HIGHNY-24MAY19,HIGHNY-24MAY19-B73.5,between,73,74,nws_climatological_report_daily,1fd611f12a3bba48,no,,0.0000,75,2024-05-20T06:23:00+00:00,CDUS41 KOKX 200623,nhigh: first final report with data,no,no,True,True,False,
2024-05-19,HIGHNY-24MAY19,HIGHNY-24MAY19-T67,less,,67,nws_climatological_report_daily,1fd611f12a3bba48,no,,0.0000,75,2024-05-20T06:23:00+00:00,CDUS41 KOKX 200623,nhigh: first final report with data,no,no,True,True,False,
2024-05-19,HIGHNY-24MAY19,HIGHNY-24MAY19-T74,greater,74,,nws_climatological_report_daily,1fd611f12a3bba48,yes,75.00,1.0000,75,2024-05-20T06:23:00+00:00,CDUS41 KOKX 200623,nhigh: first final report with data,yes,yes,True,True,False,
2024-05-20,HIGHNY-24MAY20,HIGHNY-24MAY20-B71.5,between,71,72,nws_climatological_report_daily,1fd611f12a3bba48,no,,0.0000,74,2024-05-21T06:21:00+00:00,CDUS41 KOKX 210621,nhigh: first final report with data,no,no,True,True,False,
2024-05-20,HIGHNY-24MAY20,HIGHNY-24MAY20-B73.5,between,73,74,nws_climatological_report_daily,1fd611f12a3bba48,yes,74.00,1.0000,74,2024-05-21T06:21:00+00:00,CDUS41 KOKX 210621,nhigh: first final report with data,yes,yes,True,True,False,
2024-05-20,HIGHNY-24MAY20,HIGHNY-24MAY20-B75.5,between,75,76,nws_climatological_report_daily,1fd611f12a3bba48,no,,0.0000,74,2024-05-21T06:21:00+00:00,CDUS41 KOKX 210621,nhigh: first final report with data,no,no,True,True,False,
2024-05-20,HIGHNY-24MAY20,HIGHNY-24MAY20-B77.5,between,77,78,nws_climatological_report_daily,1fd611f12a3bba48,no,,0.0000,74,2024-05-21T06:21:00+00:00,CDUS41 KOKX 210621,nhigh: first final report with data,no,no,True,True,False,
2024-05-20,HIGHNY-24MAY20,HIGHNY-24MAY20-T71,less,,71,nws_climatological_report_daily,1fd611f12a3bba48,no,,0.0000,74,2024-05-21T06:21:00+00:00,CDUS41 KOKX 210621,nhigh: first final report with data,no,no,True,True,False,
2024-05-20,HIGHNY-24MAY20,HIGHNY-24MAY20-T78,greater,78,,nws_climatological_report_daily,1fd611f12a3bba48,no,,0.0000,74,2024-05-21T06:21:00+00:00,CDUS41 KOKX 210621,nhigh: first final report with data,no,no,True,True,False,
2024-05-21,HIGHNY-24MAY21,HIGHNY-24MAY21-B81.5,between,81,82,nws_climatological_report_daily,1fd611f12a3bba48,no,,0.0000,83,2024-05-22T06:16:00+00:00,CDUS41 KOKX 220616,nhigh: first final report with data,no,no,True,True,False,
2024-05-21,HIGHNY-24MAY21,HIGHNY-24MAY21-B83.5,between,83,84,nws_climatological_report_daily,1fd611f12a3bba48,yes,83.00,1.0000,83,2024-05-22T06:16:00+00:00,CDUS41 KOKX 220616,nhigh: first final report with data,yes,yes,True,True,False,
2024-05-21,HIGHNY-24MAY21,HIGHNY-24MAY21-B85.5,between,85,86,nws_climatological_report_daily,1fd611f12a3bba48,no,,0.0000,83,2024-05-22T06:16:00+00:00,CDUS41 KOKX 220616,nhigh: first final report with data,no,no,True,True,False,
2024-05-21,HIGHNY-24MAY21,HIGHNY-24MAY21-B87.5,between,87,88,nws_climatological_report_daily,1fd611f12a3bba48,no,,0.0000,83,2024-05-22T06:16:00+00:00,CDUS41 KOKX 220616,nhigh: first final report with data,no,no,True,True,False,
2024-05-21,HIGHNY-24MAY21,HIGHNY-24MAY21-T81,less,,81,nws_climatological_report_daily,1fd611f12a3bba48,no,,0.0000,83,2024-05-22T06:16:00+00:00,CDUS41 KOKX 220616,nhigh: first final report with data,no,no,True,True,False,
2024-05-21,HIGHNY-24MAY21,HIGHNY-24MAY21-T88,greater,88,,nws_climatological_report_daily,1fd611f12a3bba48,no,,0.0000,83,2024-05-22T06:16:00+00:00,CDUS41 KOKX 220616,nhigh: first final report with data,no,no,True,True,False,
2024-05-22,HIGHNY-24MAY22,HIGHNY-24MAY22-B83.5,between,83,84,nws_climatological_report_daily,1fd611f12a3bba48,yes,84.00,1.0000,84,2024-05-23T06:23:00+00:00,CDUS41 KOKX 230623,nhigh: first final report with data,yes,yes,True,True,False,
2024-05-22,HIGHNY-24MAY22,HIGHNY-24MAY22-B85.5,between,85,86,nws_climatological_report_daily,1fd611f12a3bba48,no,,0.0000,84,2024-05-23T06:23:00+00:00,CDUS41 KOKX 230623,nhigh: first final report with data,no,no,True,True,False,
2024-05-22,HIGHNY-24MAY22,HIGHNY-24MAY22-B87.5,between,87,88,nws_climatological_report_daily,1fd611f12a3bba48,no,,0.0000,84,2024-05-23T06:23:00+00:00,CDUS41 KOKX 230623,nhigh: first final report with data,no,no,True,True,False,
2024-05-22,HIGHNY-24MAY22,HIGHNY-24MAY22-B89.5,between,89,90,nws_climatological_report_daily,1fd611f12a3bba48,no,,0.0000,84,2024-05-23T06:23:00+00:00,CDUS41 KOKX 230623,nhigh: first final report with data,no,no,True,True,False,
2024-05-22,HIGHNY-24MAY22,HIGHNY-24MAY22-T83,less,,83,nws_climatological_report_daily,1fd611f12a3bba48,no,,0.0000,84,2024-05-23T06:23:00+00:00,CDUS41 KOKX 230623,nhigh: first final report with data,no,no,True,True,False,
2024-05-22,HIGHNY-24MAY22,HIGHNY-24MAY22-T90,greater,90,,nws_climatological_report_daily,1fd611f12a3bba48,no,,0.0000,84,2024-05-23T06:23:00+00:00,CDUS41 KOKX 230623,nhigh: first final report with data,no,no,True,True,False,
2024-05-23,HIGHNY-24MAY23,HIGHNY-24MAY23-B81.5,between,81,82,nws_climatological_report_daily,1fd611f12a3bba48,no,,0.0000,79,2024-05-24T06:35:00+00:00,CDUS41 KOKX 240635,nhigh: first final report with data,no,no,True,True,False,
2024-05-23,HIGHNY-24MAY23,HIGHNY-24MAY23-B83.5,between,83,84,nws_climatological_report_daily,1fd611f12a3bba48,no,,0.0000,79,2024-05-24T06:35:00+00:00,CDUS41 KOKX 240635,nhigh: first final report with data,no,no,True,True,False,
2024-05-23,HIGHNY-24MAY23,HIGHNY-24MAY23-B85.5,between,85,86,nws_climatological_report_daily,1fd611f12a3bba48,no,,0.0000,79,2024-05-24T06:35:00+00:00,CDUS41 KOKX 240635,nhigh: first final report with data,no,no,True,True,False,
2024-05-23,HIGHNY-24MAY23,HIGHNY-24MAY23-B87.5,between,87,88,nws_climatological_report_daily,1fd611f12a3bba48,no,,0.0000,79,2024-05-24T06:35:00+00:00,CDUS41 KOKX 240635,nhigh: first final report with data,no,no,True,True,False,
2024-05-23,HIGHNY-24MAY23,HIGHNY-24MAY23-T81,less,,81,nws_climatological_report_daily,1fd611f12a3bba48,yes,79.00,1.0000,79,2024-05-24T06:35:00+00:00,CDUS41 KOKX 240635,nhigh: first final report with data,yes,yes,True,True,False,
2024-05-23,HIGHNY-24MAY23,HIGHNY-24MAY23-T88,greater,88,,nws_climatological_report_daily,1fd611f12a3bba48,no,,0.0000,79,2024-05-24T06:35:00+00:00,CDUS41 KOKX 240635,nhigh: first final report with data,no,no,True,True,False,
2024-05-24,HIGHNY-24MAY24,HIGHNY-24MAY24-B81.5,between,81,82,nws_climatological_report_daily,1fd611f12a3bba48,no,,0.0000,84,2024-05-25T06:16:00+00:00,CDUS41 KOKX 250616,nhigh: first final report with data,no,no,True,True,False,
2024-05-24,HIGHNY-24MAY24,HIGHNY-24MAY24-B83.5,between,83,84,nws_climatological_report_daily,1fd611f12a3bba48,yes,84.00,1.0000,84,2024-05-25T06:16:00+00:00,CDUS41 KOKX 250616,nhigh: first final report with data,yes,yes,True,True,False,
2024-05-24,HIGHNY-24MAY24,HIGHNY-24MAY24-B85.5,between,85,86,nws_climatological_report_daily,1fd611f12a3bba48,no,,0.0000,84,2024-05-25T06:16:00+00:00,CDUS41 KOKX 250616,nhigh: first final report with data,no,no,True,True,False,
2024-05-24,HIGHNY-24MAY24,HIGHNY-24MAY24-B87.5,between,87,88,nws_climatological_report_daily,1fd611f12a3bba48,no,,0.0000,84,2024-05-25T06:16:00+00:00,CDUS41 KOKX 250616,nhigh: first final report with data,no,no,True,True,False,
2024-05-24,HIGHNY-24MAY24,HIGHNY-24MAY24-T81,less,,81,nws_climatological_report_daily,1fd611f12a3bba48,no,,0.0000,84,2024-05-25T06:16:00+00:00,CDUS41 KOKX 250616,nhigh: first final report with data,no,no,True,True,False,
2024-05-24,HIGHNY-24MAY24,HIGHNY-24MAY24-T88,greater,88,,nws_climatological_report_daily,1fd611f12a3bba48,no,,0.0000,84,2024-05-25T06:16:00+00:00,CDUS41 KOKX 250616,nhigh: first final report with data,no,no,True,True,False,
2024-05-25,HIGHNY-24MAY25,HIGHNY-24MAY25-B78.5,between,78,79,nws_climatological_report_daily,1fd611f12a3bba48,no,,0.0000,81,2024-05-26T06:17:00+00:00,CDUS41 KOKX 260617,nhigh: first final report with data,no,no,True,True,False,
2024-05-25,HIGHNY-24MAY25,HIGHNY-24MAY25-B80.5,between,80,81,nws_climatological_report_daily,1fd611f12a3bba48,yes,81.00,1.0000,81,2024-05-26T06:17:00+00:00,CDUS41 KOKX 260617,nhigh: first final report with data,yes,yes,True,True,False,
2024-05-25,HIGHNY-24MAY25,HIGHNY-24MAY25-B82.5,between,82,83,nws_climatological_report_daily,1fd611f12a3bba48,no,,0.0000,81,2024-05-26T06:17:00+00:00,CDUS41 KOKX 260617,nhigh: first final report with data,no,no,True,True,False,
2024-05-25,HIGHNY-24MAY25,HIGHNY-24MAY25-B84.5,between,84,85,nws_climatological_report_daily,1fd611f12a3bba48,no,,0.0000,81,2024-05-26T06:17:00+00:00,CDUS41 KOKX 260617,nhigh: first final report with data,no,no,True,True,False,
2024-05-25,HIGHNY-24MAY25,HIGHNY-24MAY25-T78,less,,78,nws_climatological_report_daily,1fd611f12a3bba48,no,,0.0000,81,2024-05-26T06:17:00+00:00,CDUS41 KOKX 260617,nhigh: first final report with data,no,no,True,True,False,
2024-05-25,HIGHNY-24MAY25,HIGHNY-24MAY25-T85,greater,85,,nws_climatological_report_daily,1fd611f12a3bba48,no,,0.0000,81,2024-05-26T06:17:00+00:00,CDUS41 KOKX 260617,nhigh: first final report with data,no,no,True,True,False,
2024-05-26,HIGHNY-24MAY26,HIGHNY-24MAY26-B79.5,between,79,80,nws_climatological_report_daily,1fd611f12a3bba48,no,,0.0000,82,2024-05-27T06:26:00+00:00,CDUS41 KOKX 270626,nhigh: first final report with data,no,no,True,True,False,
2024-05-26,HIGHNY-24MAY26,HIGHNY-24MAY26-B81.5,between,81,82,nws_climatological_report_daily,1fd611f12a3bba48,yes,82.00,1.0000,82,2024-05-27T06:26:00+00:00,CDUS41 KOKX 270626,nhigh: first final report with data,yes,yes,True,True,False,
2024-05-26,HIGHNY-24MAY26,HIGHNY-24MAY26-B83.5,between,83,84,nws_climatological_report_daily,1fd611f12a3bba48,no,,0.0000,82,2024-05-27T06:26:00+00:00,CDUS41 KOKX 270626,nhigh: first final report with data,no,no,True,True,False,
2024-05-26,HIGHNY-24MAY26,HIGHNY-24MAY26-B85.5,between,85,86,nws_climatological_report_daily,1fd611f12a3bba48,no,,0.0000,82,2024-05-27T06:26:00+00:00,CDUS41 KOKX 270626,nhigh: first final report with data,no,no,True,True,False,
2024-05-26,HIGHNY-24MAY26,HIGHNY-24MAY26-T79,less,,79,nws_climatological_report_daily,1fd611f12a3bba48,no,,0.0000,82,2024-05-27T06:26:00+00:00,CDUS41 KOKX 270626,nhigh: first final report with data,no,no,True,True,False,
2024-05-26,HIGHNY-24MAY26,HIGHNY-24MAY26-T86,greater,86,,nws_climatological_report_daily,1fd611f12a3bba48,no,,0.0000,82,2024-05-27T06:26:00+00:00,CDUS41 KOKX 270626,nhigh: first final report with data,no,no,True,True,False,
2024-05-27,HIGHNY-24MAY27,HIGHNY-24MAY27-B71.5,between,71,72,nws_climatological_report_daily,1fd611f12a3bba48,no,,0.0000,73,2024-05-28T06:32:00+00:00,CDUS41 KOKX 280632,nhigh: first final report with data,no,no,True,True,False,
2024-05-27,HIGHNY-24MAY27,HIGHNY-24MAY27-B73.5,between,73,74,nws_climatological_report_daily,1fd611f12a3bba48,yes,73.00,1.0000,73,2024-05-28T06:32:00+00:00,CDUS41 KOKX 280632,nhigh: first final report with data,yes,yes,True,True,False,
2024-05-27,HIGHNY-24MAY27,HIGHNY-24MAY27-B75.5,between,75,76,nws_climatological_report_daily,1fd611f12a3bba48,no,,0.0000,73,2024-05-28T06:32:00+00:00,CDUS41 KOKX 280632,nhigh: first final report with data,no,no,True,True,False,
2024-05-27,HIGHNY-24MAY27,HIGHNY-24MAY27-B77.5,between,77,78,nws_climatological_report_daily,1fd611f12a3bba48,no,,0.0000,73,2024-05-28T06:32:00+00:00,CDUS41 KOKX 280632,nhigh: first final report with data,no,no,True,True,False,
2024-05-27,HIGHNY-24MAY27,HIGHNY-24MAY27-T71,less,,71,nws_climatological_report_daily,1fd611f12a3bba48,no,,0.0000,73,2024-05-28T06:32:00+00:00,CDUS41 KOKX 280632,nhigh: first final report with data,no,no,True,True,False,
2024-05-27,HIGHNY-24MAY27,HIGHNY-24MAY27-T78,greater,78,,nws_climatological_report_daily,1fd611f12a3bba48,no,,0.0000,73,2024-05-28T06:32:00+00:00,CDUS41 KOKX 280632,nhigh: first final report with data,no,no,True,True,False,
2024-05-28,HIGHNY-24MAY28,HIGHNY-24MAY28-B80.5,between,80,81,nws_climatological_report_daily,1fd611f12a3bba48,no,,0.0000,79,2024-05-29T06:34:00+00:00,CDUS41 KOKX 290634,nhigh: first final report with data,no,no,True,True,False,
2024-05-28,HIGHNY-24MAY28,HIGHNY-24MAY28-B82.5,between,82,83,nws_climatological_report_daily,1fd611f12a3bba48,no,,0.0000,79,2024-05-29T06:34:00+00:00,CDUS41 KOKX 290634,nhigh: first final report with data,no,no,True,True,False,
2024-05-28,HIGHNY-24MAY28,HIGHNY-24MAY28-B84.5,between,84,85,nws_climatological_report_daily,1fd611f12a3bba48,no,,0.0000,79,2024-05-29T06:34:00+00:00,CDUS41 KOKX 290634,nhigh: first final report with data,no,no,True,True,False,
2024-05-28,HIGHNY-24MAY28,HIGHNY-24MAY28-B86.5,between,86,87,nws_climatological_report_daily,1fd611f12a3bba48,no,,0.0000,79,2024-05-29T06:34:00+00:00,CDUS41 KOKX 290634,nhigh: first final report with data,no,no,True,True,False,
2024-05-28,HIGHNY-24MAY28,HIGHNY-24MAY28-T80,less,,80,nws_climatological_report_daily,1fd611f12a3bba48,yes,79.00,1.0000,79,2024-05-29T06:34:00+00:00,CDUS41 KOKX 290634,nhigh: first final report with data,yes,yes,True,True,False,
2024-05-28,HIGHNY-24MAY28,HIGHNY-24MAY28-T87,greater,87,,nws_climatological_report_daily,1fd611f12a3bba48,no,,0.0000,79,2024-05-29T06:34:00+00:00,CDUS41 KOKX 290634,nhigh: first final report with data,no,no,True,True,False,
2024-05-29,HIGHNY-24MAY29,HIGHNY-24MAY29-B74.5,between,74,75,nws_climatological_report_daily,1fd611f12a3bba48,no,,0.0000,76,2024-05-30T06:20:00+00:00,CDUS41 KOKX 300620,nhigh: first final report with data,no,no,True,True,False,
2024-05-29,HIGHNY-24MAY29,HIGHNY-24MAY29-B76.5,between,76,77,nws_climatological_report_daily,1fd611f12a3bba48,yes,76.00,1.0000,76,2024-05-30T06:20:00+00:00,CDUS41 KOKX 300620,nhigh: first final report with data,yes,yes,True,True,False,
2024-05-29,HIGHNY-24MAY29,HIGHNY-24MAY29-B78.5,between,78,79,nws_climatological_report_daily,1fd611f12a3bba48,no,,0.0000,76,2024-05-30T06:20:00+00:00,CDUS41 KOKX 300620,nhigh: first final report with data,no,no,True,True,False,
2024-05-29,HIGHNY-24MAY29,HIGHNY-24MAY29-B80.5,between,80,81,nws_climatological_report_daily,1fd611f12a3bba48,no,,0.0000,76,2024-05-30T06:20:00+00:00,CDUS41 KOKX 300620,nhigh: first final report with data,no,no,True,True,False,
2024-05-29,HIGHNY-24MAY29,HIGHNY-24MAY29-T74,less,,74,nws_climatological_report_daily,1fd611f12a3bba48,no,,0.0000,76,2024-05-30T06:20:00+00:00,CDUS41 KOKX 300620,nhigh: first final report with data,no,no,True,True,False,
2024-05-29,HIGHNY-24MAY29,HIGHNY-24MAY29-T81,greater,81,,nws_climatological_report_daily,1fd611f12a3bba48,no,,0.0000,76,2024-05-30T06:20:00+00:00,CDUS41 KOKX 300620,nhigh: first final report with data,no,no,True,True,False,
2024-05-30,HIGHNY-24MAY30,HIGHNY-24MAY30-B69.5,between,69,70,nws_climatological_report_daily,1fd611f12a3bba48,no,,0.0000,71,2024-05-31T06:16:00+00:00,CDUS41 KOKX 310616,nhigh: first final report with data,no,no,True,True,False,
2024-05-30,HIGHNY-24MAY30,HIGHNY-24MAY30-B71.5,between,71,72,nws_climatological_report_daily,1fd611f12a3bba48,yes,71.00,1.0000,71,2024-05-31T06:16:00+00:00,CDUS41 KOKX 310616,nhigh: first final report with data,yes,yes,True,True,False,
2024-05-30,HIGHNY-24MAY30,HIGHNY-24MAY30-B73.5,between,73,74,nws_climatological_report_daily,1fd611f12a3bba48,no,,0.0000,71,2024-05-31T06:16:00+00:00,CDUS41 KOKX 310616,nhigh: first final report with data,no,no,True,True,False,
2024-05-30,HIGHNY-24MAY30,HIGHNY-24MAY30-B75.5,between,75,76,nws_climatological_report_daily,1fd611f12a3bba48,no,,0.0000,71,2024-05-31T06:16:00+00:00,CDUS41 KOKX 310616,nhigh: first final report with data,no,no,True,True,False,
2024-05-30,HIGHNY-24MAY30,HIGHNY-24MAY30-T69,less,,69,nws_climatological_report_daily,1fd611f12a3bba48,no,,0.0000,71,2024-05-31T06:16:00+00:00,CDUS41 KOKX 310616,nhigh: first final report with data,no,no,True,True,False,
2024-05-30,HIGHNY-24MAY30,HIGHNY-24MAY30-T76,greater,76,,nws_climatological_report_daily,1fd611f12a3bba48,no,,0.0000,71,2024-05-31T06:16:00+00:00,CDUS41 KOKX 310616,nhigh: first final report with data,no,no,True,True,False,
2024-05-31,HIGHNY-24MAY31,HIGHNY-24MAY31-B73.5,between,73,74,nws_climatological_report_daily,1fd611f12a3bba48,no,,0.0000,75,2024-06-01T06:26:00+00:00,CDUS41 KOKX 010626,nhigh: first final report with data,no,no,True,True,False,
2024-05-31,HIGHNY-24MAY31,HIGHNY-24MAY31-B75.5,between,75,76,nws_climatological_report_daily,1fd611f12a3bba48,yes,75.00,1.0000,75,2024-06-01T06:26:00+00:00,CDUS41 KOKX 010626,nhigh: first final report with data,yes,yes,True,True,False,
2024-05-31,HIGHNY-24MAY31,HIGHNY-24MAY31-B77.5,between,77,78,nws_climatological_report_daily,1fd611f12a3bba48,no,,0.0000,75,2024-06-01T06:26:00+00:00,CDUS41 KOKX 010626,nhigh: first final report with data,no,no,True,True,False,
2024-05-31,HIGHNY-24MAY31,HIGHNY-24MAY31-B79.5,between,79,80,nws_climatological_report_daily,1fd611f12a3bba48,no,,0.0000,75,2024-06-01T06:26:00+00:00,CDUS41 KOKX 010626,nhigh: first final report with data,no,no,True,True,False,
2024-05-31,HIGHNY-24MAY31,HIGHNY-24MAY31-T73,less,,73,nws_climatological_report_daily,1fd611f12a3bba48,no,,0.0000,75,2024-06-01T06:26:00+00:00,CDUS41 KOKX 010626,nhigh: first final report with data,no,no,True,True,False,
2024-05-31,HIGHNY-24MAY31,HIGHNY-24MAY31-T80,greater,80,,nws_climatological_report_daily,1fd611f12a3bba48,no,,0.0000,75,2024-06-01T06:26:00+00:00,CDUS41 KOKX 010626,nhigh: first final report with data,no,no,True,True,False,
2024-06-01,HIGHNY-24JUN01,HIGHNY-24JUN01-B80.5,between,80,81,nws_climatological_report_daily,1fd611f12a3bba48,no,,0.0000,83,2024-06-02T06:24:00+00:00,CDUS41 KOKX 020624,nhigh: first final report with data,no,no,True,True,False,
2024-06-01,HIGHNY-24JUN01,HIGHNY-24JUN01-B82.5,between,82,83,nws_climatological_report_daily,1fd611f12a3bba48,yes,83.00,1.0000,83,2024-06-02T06:24:00+00:00,CDUS41 KOKX 020624,nhigh: first final report with data,yes,yes,True,True,False,
2024-06-01,HIGHNY-24JUN01,HIGHNY-24JUN01-B84.5,between,84,85,nws_climatological_report_daily,1fd611f12a3bba48,no,,0.0000,83,2024-06-02T06:24:00+00:00,CDUS41 KOKX 020624,nhigh: first final report with data,no,no,True,True,False,
2024-06-01,HIGHNY-24JUN01,HIGHNY-24JUN01-B86.5,between,86,87,nws_climatological_report_daily,1fd611f12a3bba48,no,,0.0000,83,2024-06-02T06:24:00+00:00,CDUS41 KOKX 020624,nhigh: first final report with data,no,no,True,True,False,
2024-06-01,HIGHNY-24JUN01,HIGHNY-24JUN01-T80,less,,80,nws_climatological_report_daily,1fd611f12a3bba48,no,,0.0000,83,2024-06-02T06:24:00+00:00,CDUS41 KOKX 020624,nhigh: first final report with data,no,no,True,True,False,
2024-06-01,HIGHNY-24JUN01,HIGHNY-24JUN01-T87,greater,87,,nws_climatological_report_daily,1fd611f12a3bba48,no,,0.0000,83,2024-06-02T06:24:00+00:00,CDUS41 KOKX 020624,nhigh: first final report with data,no,no,True,True,False,
2024-06-02,HIGHNY-24JUN02,HIGHNY-24JUN02-B79.5,between,79,80,nws_climatological_report_daily,1fd611f12a3bba48,no,,0.0000,81,2024-06-03T06:30:00+00:00,CDUS41 KOKX 030630,nhigh: first final report with data,no,no,True,True,False,
2024-06-02,HIGHNY-24JUN02,HIGHNY-24JUN02-B81.5,between,81,82,nws_climatological_report_daily,1fd611f12a3bba48,yes,81.00,1.0000,81,2024-06-03T06:30:00+00:00,CDUS41 KOKX 030630,nhigh: first final report with data,yes,yes,True,True,False,
2024-06-02,HIGHNY-24JUN02,HIGHNY-24JUN02-B83.5,between,83,84,nws_climatological_report_daily,1fd611f12a3bba48,no,,0.0000,81,2024-06-03T06:30:00+00:00,CDUS41 KOKX 030630,nhigh: first final report with data,no,no,True,True,False,
2024-06-02,HIGHNY-24JUN02,HIGHNY-24JUN02-B85.5,between,85,86,nws_climatological_report_daily,1fd611f12a3bba48,no,,0.0000,81,2024-06-03T06:30:00+00:00,CDUS41 KOKX 030630,nhigh: first final report with data,no,no,True,True,False,
2024-06-02,HIGHNY-24JUN02,HIGHNY-24JUN02-T79,less,,79,nws_climatological_report_daily,1fd611f12a3bba48,no,,0.0000,81,2024-06-03T06:30:00+00:00,CDUS41 KOKX 030630,nhigh: first final report with data,no,no,True,True,False,
2024-06-02,HIGHNY-24JUN02,HIGHNY-24JUN02-T86,greater,86,,nws_climatological_report_daily,1fd611f12a3bba48,no,,0.0000,81,2024-06-03T06:30:00+00:00,CDUS41 KOKX 030630,nhigh: first final report with data,no,no,True,True,False,
2024-06-03,HIGHNY-24JUN03,HIGHNY-24JUN03-B78.5,between,78,79,nws_climatological_report_daily,1fd611f12a3bba48,no,,0.0000,86,2024-06-04T06:17:00+00:00,CDUS41 KOKX 040617,nhigh: first final report with data,no,no,True,True,False,
2024-06-03,HIGHNY-24JUN03,HIGHNY-24JUN03-B80.5,between,80,81,nws_climatological_report_daily,1fd611f12a3bba48,no,,0.0000,86,2024-06-04T06:17:00+00:00,CDUS41 KOKX 040617,nhigh: first final report with data,no,no,True,True,False,
2024-06-03,HIGHNY-24JUN03,HIGHNY-24JUN03-B82.5,between,82,83,nws_climatological_report_daily,1fd611f12a3bba48,no,,0.0000,86,2024-06-04T06:17:00+00:00,CDUS41 KOKX 040617,nhigh: first final report with data,no,no,True,True,False,
2024-06-03,HIGHNY-24JUN03,HIGHNY-24JUN03-B84.5,between,84,85,nws_climatological_report_daily,1fd611f12a3bba48,no,,0.0000,86,2024-06-04T06:17:00+00:00,CDUS41 KOKX 040617,nhigh: first final report with data,no,no,True,True,False,
2024-06-03,HIGHNY-24JUN03,HIGHNY-24JUN03-T78,less,,78,nws_climatological_report_daily,1fd611f12a3bba48,no,,0.0000,86,2024-06-04T06:17:00+00:00,CDUS41 KOKX 040617,nhigh: first final report with data,no,no,True,True,False,
2024-06-03,HIGHNY-24JUN03,HIGHNY-24JUN03-T85,greater,85,,nws_climatological_report_daily,1fd611f12a3bba48,yes,86.00,1.0000,86,2024-06-04T06:17:00+00:00,CDUS41 KOKX 040617,nhigh: first final report with data,yes,yes,True,True,False,
2024-06-04,HIGHNY-24JUN04,HIGHNY-24JUN04-B74.5,between,74,75,nws_climatological_report_daily,1fd611f12a3bba48,no,,0.0000,79,2024-06-05T06:16:00+00:00,CDUS41 KOKX 050616,nhigh: first final report with data,no,no,True,True,False,
2024-06-04,HIGHNY-24JUN04,HIGHNY-24JUN04-B76.5,between,76,77,nws_climatological_report_daily,1fd611f12a3bba48,no,,0.0000,79,2024-06-05T06:16:00+00:00,CDUS41 KOKX 050616,nhigh: first final report with data,no,no,True,True,False,
2024-06-04,HIGHNY-24JUN04,HIGHNY-24JUN04-B78.5,between,78,79,nws_climatological_report_daily,1fd611f12a3bba48,yes,79.00,1.0000,79,2024-06-05T06:16:00+00:00,CDUS41 KOKX 050616,nhigh: first final report with data,yes,yes,True,True,False,
2024-06-04,HIGHNY-24JUN04,HIGHNY-24JUN04-B80.5,between,80,81,nws_climatological_report_daily,1fd611f12a3bba48,no,,0.0000,79,2024-06-05T06:16:00+00:00,CDUS41 KOKX 050616,nhigh: first final report with data,no,no,True,True,False,
2024-06-04,HIGHNY-24JUN04,HIGHNY-24JUN04-T74,less,,74,nws_climatological_report_daily,1fd611f12a3bba48,no,,0.0000,79,2024-06-05T06:16:00+00:00,CDUS41 KOKX 050616,nhigh: first final report with data,no,no,True,True,False,
2024-06-04,HIGHNY-24JUN04,HIGHNY-24JUN04-T81,greater,81,,nws_climatological_report_daily,1fd611f12a3bba48,no,,0.0000,79,2024-06-05T06:16:00+00:00,CDUS41 KOKX 050616,nhigh: first final report with data,no,no,True,True,False,
2024-06-05,HIGHNY-24JUN05,HIGHNY-24JUN05-B76.5,between,76,77,nws_climatological_report_daily,1fd611f12a3bba48,no,,0.0000,79,2024-06-06T06:16:00+00:00,CDUS41 KOKX 060616,nhigh: first final report with data,no,no,True,True,False,
2024-06-05,HIGHNY-24JUN05,HIGHNY-24JUN05-B78.5,between,78,79,nws_climatological_report_daily,1fd611f12a3bba48,yes,79.00,1.0000,79,2024-06-06T06:16:00+00:00,CDUS41 KOKX 060616,nhigh: first final report with data,yes,yes,True,True,False,
2024-06-05,HIGHNY-24JUN05,HIGHNY-24JUN05-B80.5,between,80,81,nws_climatological_report_daily,1fd611f12a3bba48,no,,0.0000,79,2024-06-06T06:16:00+00:00,CDUS41 KOKX 060616,nhigh: first final report with data,no,no,True,True,False,
2024-06-05,HIGHNY-24JUN05,HIGHNY-24JUN05-B82.5,between,82,83,nws_climatological_report_daily,1fd611f12a3bba48,no,,0.0000,79,2024-06-06T06:16:00+00:00,CDUS41 KOKX 060616,nhigh: first final report with data,no,no,True,True,False,
2024-06-05,HIGHNY-24JUN05,HIGHNY-24JUN05-T76,less,,76,nws_climatological_report_daily,1fd611f12a3bba48,no,,0.0000,79,2024-06-06T06:16:00+00:00,CDUS41 KOKX 060616,nhigh: first final report with data,no,no,True,True,False,
2024-06-05,HIGHNY-24JUN05,HIGHNY-24JUN05-T83,greater,83,,nws_climatological_report_daily,1fd611f12a3bba48,no,,0.0000,79,2024-06-06T06:16:00+00:00,CDUS41 KOKX 060616,nhigh: first final report with data,no,no,True,True,False,
2024-06-06,HIGHNY-24JUN06,HIGHNY-24JUN06-B78.5,between,78,79,nws_climatological_report_daily,1fd611f12a3bba48,no,,0.0000,81,2024-06-07T06:21:00+00:00,CDUS41 KOKX 070621,nhigh: first final report with data,no,no,True,True,False,
2024-06-06,HIGHNY-24JUN06,HIGHNY-24JUN06-B80.5,between,80,81,nws_climatological_report_daily,1fd611f12a3bba48,yes,81.00,1.0000,81,2024-06-07T06:21:00+00:00,CDUS41 KOKX 070621,nhigh: first final report with data,yes,yes,True,True,False,
2024-06-06,HIGHNY-24JUN06,HIGHNY-24JUN06-B82.5,between,82,83,nws_climatological_report_daily,1fd611f12a3bba48,no,,0.0000,81,2024-06-07T06:21:00+00:00,CDUS41 KOKX 070621,nhigh: first final report with data,no,no,True,True,False,
2024-06-06,HIGHNY-24JUN06,HIGHNY-24JUN06-B84.5,between,84,85,nws_climatological_report_daily,1fd611f12a3bba48,no,,0.0000,81,2024-06-07T06:21:00+00:00,CDUS41 KOKX 070621,nhigh: first final report with data,no,no,True,True,False,
2024-06-06,HIGHNY-24JUN06,HIGHNY-24JUN06-T78,less,,78,nws_climatological_report_daily,1fd611f12a3bba48,no,,0.0000,81,2024-06-07T06:21:00+00:00,CDUS41 KOKX 070621,nhigh: first final report with data,no,no,True,True,False,
2024-06-06,HIGHNY-24JUN06,HIGHNY-24JUN06-T85,greater,85,,nws_climatological_report_daily,1fd611f12a3bba48,no,,0.0000,81,2024-06-07T06:21:00+00:00,CDUS41 KOKX 070621,nhigh: first final report with data,no,no,True,True,False,
2024-06-07,HIGHNY-24JUN07,HIGHNY-24JUN07-B80.5,between,80,81,nws_climatological_report_daily,1fd611f12a3bba48,no,,0.0000,82,2024-06-08T06:20:00+00:00,CDUS41 KOKX 080620,nhigh: first final report with data,no,no,True,True,False,
2024-06-07,HIGHNY-24JUN07,HIGHNY-24JUN07-B82.5,between,82,83,nws_climatological_report_daily,1fd611f12a3bba48,yes,82.00,1.0000,82,2024-06-08T06:20:00+00:00,CDUS41 KOKX 080620,nhigh: first final report with data,yes,yes,True,True,False,
2024-06-07,HIGHNY-24JUN07,HIGHNY-24JUN07-B84.5,between,84,85,nws_climatological_report_daily,1fd611f12a3bba48,no,,0.0000,82,2024-06-08T06:20:00+00:00,CDUS41 KOKX 080620,nhigh: first final report with data,no,no,True,True,False,
2024-06-07,HIGHNY-24JUN07,HIGHNY-24JUN07-B86.5,between,86,87,nws_climatological_report_daily,1fd611f12a3bba48,no,,0.0000,82,2024-06-08T06:20:00+00:00,CDUS41 KOKX 080620,nhigh: first final report with data,no,no,True,True,False,
2024-06-07,HIGHNY-24JUN07,HIGHNY-24JUN07-T80,less,,80,nws_climatological_report_daily,1fd611f12a3bba48,no,,0.0000,82,2024-06-08T06:20:00+00:00,CDUS41 KOKX 080620,nhigh: first final report with data,no,no,True,True,False,
2024-06-07,HIGHNY-24JUN07,HIGHNY-24JUN07-T87,greater,87,,nws_climatological_report_daily,1fd611f12a3bba48,no,,0.0000,82,2024-06-08T06:20:00+00:00,CDUS41 KOKX 080620,nhigh: first final report with data,no,no,True,True,False,
2024-06-08,HIGHNY-24JUN08,HIGHNY-24JUN08-B76.5,between,76,77,nws_climatological_report_daily,1fd611f12a3bba48,yes,76.00,1.0000,76,2024-06-09T06:50:00+00:00,CDUS41 KOKX 090650,nhigh: first final report with data,yes,yes,True,True,False,
2024-06-08,HIGHNY-24JUN08,HIGHNY-24JUN08-B78.5,between,78,79,nws_climatological_report_daily,1fd611f12a3bba48,no,,0.0000,76,2024-06-09T06:50:00+00:00,CDUS41 KOKX 090650,nhigh: first final report with data,no,no,True,True,False,
2024-06-08,HIGHNY-24JUN08,HIGHNY-24JUN08-B80.5,between,80,81,nws_climatological_report_daily,1fd611f12a3bba48,no,,0.0000,76,2024-06-09T06:50:00+00:00,CDUS41 KOKX 090650,nhigh: first final report with data,no,no,True,True,False,
2024-06-08,HIGHNY-24JUN08,HIGHNY-24JUN08-B82.5,between,82,83,nws_climatological_report_daily,1fd611f12a3bba48,no,,0.0000,76,2024-06-09T06:50:00+00:00,CDUS41 KOKX 090650,nhigh: first final report with data,no,no,True,True,False,
2024-06-08,HIGHNY-24JUN08,HIGHNY-24JUN08-T76,less,,76,nws_climatological_report_daily,1fd611f12a3bba48,no,,0.0000,76,2024-06-09T06:50:00+00:00,CDUS41 KOKX 090650,nhigh: first final report with data,no,no,True,True,False,
2024-06-08,HIGHNY-24JUN08,HIGHNY-24JUN08-T83,greater,83,,nws_climatological_report_daily,1fd611f12a3bba48,no,,0.0000,76,2024-06-09T06:50:00+00:00,CDUS41 KOKX 090650,nhigh: first final report with data,no,no,True,True,False,
2024-06-09,HIGHNY-24JUN09,HIGHNY-24JUN09-B76.5,between,76,77,nws_climatological_report_daily,1fd611f12a3bba48,no,,0.0000,74,2024-06-10T06:19:00+00:00,CDUS41 KOKX 100619,nhigh: first final report with data,no,no,True,True,False,
2024-06-09,HIGHNY-24JUN09,HIGHNY-24JUN09-B78.5,between,78,79,nws_climatological_report_daily,1fd611f12a3bba48,no,,0.0000,74,2024-06-10T06:19:00+00:00,CDUS41 KOKX 100619,nhigh: first final report with data,no,no,True,True,False,
2024-06-09,HIGHNY-24JUN09,HIGHNY-24JUN09-B80.5,between,80,81,nws_climatological_report_daily,1fd611f12a3bba48,no,,0.0000,74,2024-06-10T06:19:00+00:00,CDUS41 KOKX 100619,nhigh: first final report with data,no,no,True,True,False,
2024-06-09,HIGHNY-24JUN09,HIGHNY-24JUN09-B82.5,between,82,83,nws_climatological_report_daily,1fd611f12a3bba48,no,,0.0000,74,2024-06-10T06:19:00+00:00,CDUS41 KOKX 100619,nhigh: first final report with data,no,no,True,True,False,
2024-06-09,HIGHNY-24JUN09,HIGHNY-24JUN09-T76,less,,76,nws_climatological_report_daily,1fd611f12a3bba48,yes,74.00,1.0000,74,2024-06-10T06:19:00+00:00,CDUS41 KOKX 100619,nhigh: first final report with data,yes,yes,True,True,False,
2024-06-09,HIGHNY-24JUN09,HIGHNY-24JUN09-T83,greater,83,,nws_climatological_report_daily,1fd611f12a3bba48,no,,0.0000,74,2024-06-10T06:19:00+00:00,CDUS41 KOKX 100619,nhigh: first final report with data,no,no,True,True,False,
2024-06-10,HIGHNY-24JUN10,HIGHNY-24JUN10-B74.5,between,74,75,nws_climatological_report_daily,1fd611f12a3bba48,yes,75.00,1.0000,75,2024-06-11T06:36:00+00:00,CDUS41 KOKX 110636,nhigh: first final report with data,yes,yes,True,True,False,
2024-06-10,HIGHNY-24JUN10,HIGHNY-24JUN10-B76.5,between,76,77,nws_climatological_report_daily,1fd611f12a3bba48,no,,0.0000,75,2024-06-11T06:36:00+00:00,CDUS41 KOKX 110636,nhigh: first final report with data,no,no,True,True,False,
2024-06-10,HIGHNY-24JUN10,HIGHNY-24JUN10-B78.5,between,78,79,nws_climatological_report_daily,1fd611f12a3bba48,no,,0.0000,75,2024-06-11T06:36:00+00:00,CDUS41 KOKX 110636,nhigh: first final report with data,no,no,True,True,False,
2024-06-10,HIGHNY-24JUN10,HIGHNY-24JUN10-B80.5,between,80,81,nws_climatological_report_daily,1fd611f12a3bba48,no,,0.0000,75,2024-06-11T06:36:00+00:00,CDUS41 KOKX 110636,nhigh: first final report with data,no,no,True,True,False,
2024-06-10,HIGHNY-24JUN10,HIGHNY-24JUN10-T74,less,,74,nws_climatological_report_daily,1fd611f12a3bba48,no,,0.0000,75,2024-06-11T06:36:00+00:00,CDUS41 KOKX 110636,nhigh: first final report with data,no,no,True,True,False,
2024-06-10,HIGHNY-24JUN10,HIGHNY-24JUN10-T81,greater,81,,nws_climatological_report_daily,1fd611f12a3bba48,no,,0.0000,75,2024-06-11T06:36:00+00:00,CDUS41 KOKX 110636,nhigh: first final report with data,no,no,True,True,False,
2024-06-11,HIGHNY-24JUN11,HIGHNY-24JUN11-B74.5,between,74,75,nws_climatological_report_daily,1fd611f12a3bba48,no,,0.0000,73,2024-06-12T08:39:00+00:00,CDUS41 KOKX 120839,nhigh: first final report with data,no,no,True,True,False,
2024-06-11,HIGHNY-24JUN11,HIGHNY-24JUN11-B76.5,between,76,77,nws_climatological_report_daily,1fd611f12a3bba48,no,,0.0000,73,2024-06-12T08:39:00+00:00,CDUS41 KOKX 120839,nhigh: first final report with data,no,no,True,True,False,
2024-06-11,HIGHNY-24JUN11,HIGHNY-24JUN11-B78.5,between,78,79,nws_climatological_report_daily,1fd611f12a3bba48,no,,0.0000,73,2024-06-12T08:39:00+00:00,CDUS41 KOKX 120839,nhigh: first final report with data,no,no,True,True,False,
2024-06-11,HIGHNY-24JUN11,HIGHNY-24JUN11-B80.5,between,80,81,nws_climatological_report_daily,1fd611f12a3bba48,no,,0.0000,73,2024-06-12T08:39:00+00:00,CDUS41 KOKX 120839,nhigh: first final report with data,no,no,True,True,False,
2024-06-11,HIGHNY-24JUN11,HIGHNY-24JUN11-T74,less,,74,nws_climatological_report_daily,1fd611f12a3bba48,yes,73.00,1.0000,73,2024-06-12T08:39:00+00:00,CDUS41 KOKX 120839,nhigh: first final report with data,yes,yes,True,True,False,
2024-06-11,HIGHNY-24JUN11,HIGHNY-24JUN11-T81,greater,81,,nws_climatological_report_daily,1fd611f12a3bba48,no,,0.0000,73,2024-06-12T08:39:00+00:00,CDUS41 KOKX 120839,nhigh: first final report with data,no,no,True,True,False,
2024-06-12,HIGHNY-24JUN12,HIGHNY-24JUN12-B76.5,between,76,77,nws_climatological_report_daily,1fd611f12a3bba48,yes,76.00,1.0000,76,2024-06-13T06:20:00+00:00,CDUS41 KOKX 130620,nhigh: first final report with data,yes,yes,True,True,False,
2024-06-12,HIGHNY-24JUN12,HIGHNY-24JUN12-B78.5,between,78,79,nws_climatological_report_daily,1fd611f12a3bba48,no,,0.0000,76,2024-06-13T06:20:00+00:00,CDUS41 KOKX 130620,nhigh: first final report with data,no,no,True,True,False,
2024-06-12,HIGHNY-24JUN12,HIGHNY-24JUN12-B80.5,between,80,81,nws_climatological_report_daily,1fd611f12a3bba48,no,,0.0000,76,2024-06-13T06:20:00+00:00,CDUS41 KOKX 130620,nhigh: first final report with data,no,no,True,True,False,
2024-06-12,HIGHNY-24JUN12,HIGHNY-24JUN12-B82.5,between,82,83,nws_climatological_report_daily,1fd611f12a3bba48,no,,0.0000,76,2024-06-13T06:20:00+00:00,CDUS41 KOKX 130620,nhigh: first final report with data,no,no,True,True,False,
2024-06-12,HIGHNY-24JUN12,HIGHNY-24JUN12-T76,less,,76,nws_climatological_report_daily,1fd611f12a3bba48,no,,0.0000,76,2024-06-13T06:20:00+00:00,CDUS41 KOKX 130620,nhigh: first final report with data,no,no,True,True,False,
2024-06-12,HIGHNY-24JUN12,HIGHNY-24JUN12-T83,greater,83,,nws_climatological_report_daily,1fd611f12a3bba48,no,,0.0000,76,2024-06-13T06:20:00+00:00,CDUS41 KOKX 130620,nhigh: first final report with data,no,no,True,True,False,
2024-06-13,HIGHNY-24JUN13,HIGHNY-24JUN13-B81.5,between,81,82,nws_climatological_report_daily,1fd611f12a3bba48,no,,0.0000,84,2024-06-14T06:25:00+00:00,CDUS41 KOKX 140625,nhigh: first final report with data,no,no,True,True,False,
2024-06-13,HIGHNY-24JUN13,HIGHNY-24JUN13-B83.5,between,83,84,nws_climatological_report_daily,1fd611f12a3bba48,yes,84.00,1.0000,84,2024-06-14T06:25:00+00:00,CDUS41 KOKX 140625,nhigh: first final report with data,yes,yes,True,True,False,
2024-06-13,HIGHNY-24JUN13,HIGHNY-24JUN13-B85.5,between,85,86,nws_climatological_report_daily,1fd611f12a3bba48,no,,0.0000,84,2024-06-14T06:25:00+00:00,CDUS41 KOKX 140625,nhigh: first final report with data,no,no,True,True,False,
2024-06-13,HIGHNY-24JUN13,HIGHNY-24JUN13-B87.5,between,87,88,nws_climatological_report_daily,1fd611f12a3bba48,no,,0.0000,84,2024-06-14T06:25:00+00:00,CDUS41 KOKX 140625,nhigh: first final report with data,no,no,True,True,False,
2024-06-13,HIGHNY-24JUN13,HIGHNY-24JUN13-T81,less,,81,nws_climatological_report_daily,1fd611f12a3bba48,no,,0.0000,84,2024-06-14T06:25:00+00:00,CDUS41 KOKX 140625,nhigh: first final report with data,no,no,True,True,False,
2024-06-13,HIGHNY-24JUN13,HIGHNY-24JUN13-T88,greater,88,,nws_climatological_report_daily,1fd611f12a3bba48,no,,0.0000,84,2024-06-14T06:25:00+00:00,CDUS41 KOKX 140625,nhigh: first final report with data,no,no,True,True,False,
2024-06-14,HIGHNY-24JUN14,HIGHNY-24JUN14-B82.5,between,82,83,nws_climatological_report_daily,1fd611f12a3bba48,no,,0.0000,85,2024-06-15T06:28:00+00:00,CDUS41 KOKX 150628,nhigh: first final report with data,no,no,True,True,False,
2024-06-14,HIGHNY-24JUN14,HIGHNY-24JUN14-B84.5,between,84,85,nws_climatological_report_daily,1fd611f12a3bba48,yes,85.00,1.0000,85,2024-06-15T06:28:00+00:00,CDUS41 KOKX 150628,nhigh: first final report with data,yes,yes,True,True,False,
2024-06-14,HIGHNY-24JUN14,HIGHNY-24JUN14-B86.5,between,86,87,nws_climatological_report_daily,1fd611f12a3bba48,no,,0.0000,85,2024-06-15T06:28:00+00:00,CDUS41 KOKX 150628,nhigh: first final report with data,no,no,True,True,False,
2024-06-14,HIGHNY-24JUN14,HIGHNY-24JUN14-B88.5,between,88,89,nws_climatological_report_daily,1fd611f12a3bba48,no,,0.0000,85,2024-06-15T06:28:00+00:00,CDUS41 KOKX 150628,nhigh: first final report with data,no,no,True,True,False,
2024-06-14,HIGHNY-24JUN14,HIGHNY-24JUN14-T82,less,,82,nws_climatological_report_daily,1fd611f12a3bba48,no,,0.0000,85,2024-06-15T06:28:00+00:00,CDUS41 KOKX 150628,nhigh: first final report with data,no,no,True,True,False,
2024-06-14,HIGHNY-24JUN14,HIGHNY-24JUN14-T89,greater,89,,nws_climatological_report_daily,1fd611f12a3bba48,no,,0.0000,85,2024-06-15T06:28:00+00:00,CDUS41 KOKX 150628,nhigh: first final report with data,no,no,True,True,False,
2024-06-15,HIGHNY-24JUN15,HIGHNY-24JUN15-B78.5,between,78,79,nws_climatological_report_daily,1fd611f12a3bba48,no,,0.0000,80,2024-06-16T06:37:00+00:00,CDUS41 KOKX 160637,nhigh: first final report with data,no,no,True,True,False,
2024-06-15,HIGHNY-24JUN15,HIGHNY-24JUN15-B80.5,between,80,81,nws_climatological_report_daily,1fd611f12a3bba48,yes,80.00,1.0000,80,2024-06-16T06:37:00+00:00,CDUS41 KOKX 160637,nhigh: first final report with data,yes,yes,True,True,False,
2024-06-15,HIGHNY-24JUN15,HIGHNY-24JUN15-B82.5,between,82,83,nws_climatological_report_daily,1fd611f12a3bba48,no,,0.0000,80,2024-06-16T06:37:00+00:00,CDUS41 KOKX 160637,nhigh: first final report with data,no,no,True,True,False,
2024-06-15,HIGHNY-24JUN15,HIGHNY-24JUN15-B84.5,between,84,85,nws_climatological_report_daily,1fd611f12a3bba48,no,,0.0000,80,2024-06-16T06:37:00+00:00,CDUS41 KOKX 160637,nhigh: first final report with data,no,no,True,True,False,
2024-06-15,HIGHNY-24JUN15,HIGHNY-24JUN15-T78,less,,78,nws_climatological_report_daily,1fd611f12a3bba48,no,,0.0000,80,2024-06-16T06:37:00+00:00,CDUS41 KOKX 160637,nhigh: first final report with data,no,no,True,True,False,
2024-06-15,HIGHNY-24JUN15,HIGHNY-24JUN15-T85,greater,85,,nws_climatological_report_daily,1fd611f12a3bba48,no,,0.0000,80,2024-06-16T06:37:00+00:00,CDUS41 KOKX 160637,nhigh: first final report with data,no,no,True,True,False,
2024-06-16,HIGHNY-24JUN16,HIGHNY-24JUN16-B73.5,between,73,74,nws_climatological_report_daily,1fd611f12a3bba48,no,,0.0000,78,2024-06-17T06:21:00+00:00,CDUS41 KOKX 170621,nhigh: first final report with data,no,no,True,True,False,
2024-06-16,HIGHNY-24JUN16,HIGHNY-24JUN16-B75.5,between,75,76,nws_climatological_report_daily,1fd611f12a3bba48,no,,0.0000,78,2024-06-17T06:21:00+00:00,CDUS41 KOKX 170621,nhigh: first final report with data,no,no,True,True,False,
2024-06-16,HIGHNY-24JUN16,HIGHNY-24JUN16-B77.5,between,77,78,nws_climatological_report_daily,1fd611f12a3bba48,yes,78.00,1.0000,78,2024-06-17T06:21:00+00:00,CDUS41 KOKX 170621,nhigh: first final report with data,yes,yes,True,True,False,
2024-06-16,HIGHNY-24JUN16,HIGHNY-24JUN16-B79.5,between,79,80,nws_climatological_report_daily,1fd611f12a3bba48,no,,0.0000,78,2024-06-17T06:21:00+00:00,CDUS41 KOKX 170621,nhigh: first final report with data,no,no,True,True,False,
2024-06-16,HIGHNY-24JUN16,HIGHNY-24JUN16-T73,less,,73,nws_climatological_report_daily,1fd611f12a3bba48,no,,0.0000,78,2024-06-17T06:21:00+00:00,CDUS41 KOKX 170621,nhigh: first final report with data,no,no,True,True,False,
2024-06-16,HIGHNY-24JUN16,HIGHNY-24JUN16-T80,greater,80,,nws_climatological_report_daily,1fd611f12a3bba48,no,,0.0000,78,2024-06-17T06:21:00+00:00,CDUS41 KOKX 170621,nhigh: first final report with data,no,no,True,True,False,
2024-06-17,HIGHNY-24JUN17,HIGHNY-24JUN17-B80.5,between,80,81,nws_climatological_report_daily,1fd611f12a3bba48,no,,0.0000,83,2024-06-18T06:24:00+00:00,CDUS41 KOKX 180624,nhigh: first final report with data,no,no,True,True,False,
2024-06-17,HIGHNY-24JUN17,HIGHNY-24JUN17-B82.5,between,82,83,nws_climatological_report_daily,1fd611f12a3bba48,yes,83.00,1.0000,83,2024-06-18T06:24:00+00:00,CDUS41 KOKX 180624,nhigh: first final report with data,yes,yes,True,True,False,
2024-06-17,HIGHNY-24JUN17,HIGHNY-24JUN17-B84.5,between,84,85,nws_climatological_report_daily,1fd611f12a3bba48,no,,0.0000,83,2024-06-18T06:24:00+00:00,CDUS41 KOKX 180624,nhigh: first final report with data,no,no,True,True,False,
2024-06-17,HIGHNY-24JUN17,HIGHNY-24JUN17-B86.5,between,86,87,nws_climatological_report_daily,1fd611f12a3bba48,no,,0.0000,83,2024-06-18T06:24:00+00:00,CDUS41 KOKX 180624,nhigh: first final report with data,no,no,True,True,False,
2024-06-17,HIGHNY-24JUN17,HIGHNY-24JUN17-T80,less,,80,nws_climatological_report_daily,1fd611f12a3bba48,no,,0.0000,83,2024-06-18T06:24:00+00:00,CDUS41 KOKX 180624,nhigh: first final report with data,no,no,True,True,False,
2024-06-17,HIGHNY-24JUN17,HIGHNY-24JUN17-T87,greater,87,,nws_climatological_report_daily,1fd611f12a3bba48,no,,0.0000,83,2024-06-18T06:24:00+00:00,CDUS41 KOKX 180624,nhigh: first final report with data,no,no,True,True,False,
2024-06-18,HIGHNY-24JUN18,HIGHNY-24JUN18-B86.5,between,86,87,nws_climatological_report_daily,1fd611f12a3bba48,yes,86.00,1.0000,86,2024-06-19T06:17:00+00:00,CDUS41 KOKX 190617,nhigh: first final report with data,yes,yes,True,True,False,
2024-06-18,HIGHNY-24JUN18,HIGHNY-24JUN18-B88.5,between,88,89,nws_climatological_report_daily,1fd611f12a3bba48,no,,0.0000,86,2024-06-19T06:17:00+00:00,CDUS41 KOKX 190617,nhigh: first final report with data,no,no,True,True,False,
2024-06-18,HIGHNY-24JUN18,HIGHNY-24JUN18-B90.5,between,90,91,nws_climatological_report_daily,1fd611f12a3bba48,no,,0.0000,86,2024-06-19T06:17:00+00:00,CDUS41 KOKX 190617,nhigh: first final report with data,no,no,True,True,False,
2024-06-18,HIGHNY-24JUN18,HIGHNY-24JUN18-B92.5,between,92,93,nws_climatological_report_daily,1fd611f12a3bba48,no,,0.0000,86,2024-06-19T06:17:00+00:00,CDUS41 KOKX 190617,nhigh: first final report with data,no,no,True,True,False,
2024-06-18,HIGHNY-24JUN18,HIGHNY-24JUN18-T86,less,,86,nws_climatological_report_daily,1fd611f12a3bba48,no,,0.0000,86,2024-06-19T06:17:00+00:00,CDUS41 KOKX 190617,nhigh: first final report with data,no,no,True,True,False,
2024-06-18,HIGHNY-24JUN18,HIGHNY-24JUN18-T93,greater,93,,nws_climatological_report_daily,1fd611f12a3bba48,no,,0.0000,86,2024-06-19T06:17:00+00:00,CDUS41 KOKX 190617,nhigh: first final report with data,no,no,True,True,False,
2024-06-19,HIGHNY-24JUN19,HIGHNY-24JUN19-B87.5,between,87,88,nws_climatological_report_daily,1fd611f12a3bba48,no,,0.0000,89,2024-06-20T06:18:00+00:00,CDUS41 KOKX 200618,nhigh: first final report with data,no,no,True,True,False,
2024-06-19,HIGHNY-24JUN19,HIGHNY-24JUN19-B89.5,between,89,90,nws_climatological_report_daily,1fd611f12a3bba48,yes,89.00,1.0000,89,2024-06-20T06:18:00+00:00,CDUS41 KOKX 200618,nhigh: first final report with data,yes,yes,True,True,False,
2024-06-19,HIGHNY-24JUN19,HIGHNY-24JUN19-B91.5,between,91,92,nws_climatological_report_daily,1fd611f12a3bba48,no,,0.0000,89,2024-06-20T06:18:00+00:00,CDUS41 KOKX 200618,nhigh: first final report with data,no,no,True,True,False,
2024-06-19,HIGHNY-24JUN19,HIGHNY-24JUN19-B93.5,between,93,94,nws_climatological_report_daily,1fd611f12a3bba48,no,,0.0000,89,2024-06-20T06:18:00+00:00,CDUS41 KOKX 200618,nhigh: first final report with data,no,no,True,True,False,
2024-06-19,HIGHNY-24JUN19,HIGHNY-24JUN19-T87,less,,87,nws_climatological_report_daily,1fd611f12a3bba48,no,,0.0000,89,2024-06-20T06:18:00+00:00,CDUS41 KOKX 200618,nhigh: first final report with data,no,no,True,True,False,
2024-06-19,HIGHNY-24JUN19,HIGHNY-24JUN19-T94,greater,94,,nws_climatological_report_daily,1fd611f12a3bba48,no,,0.0000,89,2024-06-20T06:18:00+00:00,CDUS41 KOKX 200618,nhigh: first final report with data,no,no,True,True,False,
2024-06-20,HIGHNY-24JUN20,HIGHNY-24JUN20-B87.5,between,87,88,nws_climatological_report_daily,1fd611f12a3bba48,no,,0.0000,91,2024-06-21T06:17:00+00:00,CDUS41 KOKX 210617,nhigh: first final report with data,no,no,True,True,False,
2024-06-20,HIGHNY-24JUN20,HIGHNY-24JUN20-B89.5,between,89,90,nws_climatological_report_daily,1fd611f12a3bba48,no,,0.0000,91,2024-06-21T06:17:00+00:00,CDUS41 KOKX 210617,nhigh: first final report with data,no,no,True,True,False,
2024-06-20,HIGHNY-24JUN20,HIGHNY-24JUN20-B91.5,between,91,92,nws_climatological_report_daily,1fd611f12a3bba48,yes,91.00,1.0000,91,2024-06-21T06:17:00+00:00,CDUS41 KOKX 210617,nhigh: first final report with data,yes,yes,True,True,False,
2024-06-20,HIGHNY-24JUN20,HIGHNY-24JUN20-B93.5,between,93,94,nws_climatological_report_daily,1fd611f12a3bba48,no,,0.0000,91,2024-06-21T06:17:00+00:00,CDUS41 KOKX 210617,nhigh: first final report with data,no,no,True,True,False,
2024-06-20,HIGHNY-24JUN20,HIGHNY-24JUN20-T87,less,,87,nws_climatological_report_daily,1fd611f12a3bba48,no,,0.0000,91,2024-06-21T06:17:00+00:00,CDUS41 KOKX 210617,nhigh: first final report with data,no,no,True,True,False,
2024-06-20,HIGHNY-24JUN20,HIGHNY-24JUN20-T94,greater,94,,nws_climatological_report_daily,1fd611f12a3bba48,no,,0.0000,91,2024-06-21T06:17:00+00:00,CDUS41 KOKX 210617,nhigh: first final report with data,no,no,True,True,False,
2024-06-21,HIGHNY-24JUN21,HIGHNY-24JUN21-B88.5,between,88,89,nws_climatological_report_daily,1fd611f12a3bba48,no,,0.0000,94,2024-06-22T06:16:00+00:00,CDUS41 KOKX 220616,nhigh: first final report with data,no,no,True,True,False,
2024-06-21,HIGHNY-24JUN21,HIGHNY-24JUN21-B90.5,between,90,91,nws_climatological_report_daily,1fd611f12a3bba48,no,,0.0000,94,2024-06-22T06:16:00+00:00,CDUS41 KOKX 220616,nhigh: first final report with data,no,no,True,True,False,
2024-06-21,HIGHNY-24JUN21,HIGHNY-24JUN21-B92.5,between,92,93,nws_climatological_report_daily,1fd611f12a3bba48,no,,0.0000,94,2024-06-22T06:16:00+00:00,CDUS41 KOKX 220616,nhigh: first final report with data,no,no,True,True,False,
2024-06-21,HIGHNY-24JUN21,HIGHNY-24JUN21-B94.5,between,94,95,nws_climatological_report_daily,1fd611f12a3bba48,yes,94.00,1.0000,94,2024-06-22T06:16:00+00:00,CDUS41 KOKX 220616,nhigh: first final report with data,yes,yes,True,True,False,
2024-06-21,HIGHNY-24JUN21,HIGHNY-24JUN21-T88,less,,88,nws_climatological_report_daily,1fd611f12a3bba48,no,,0.0000,94,2024-06-22T06:16:00+00:00,CDUS41 KOKX 220616,nhigh: first final report with data,no,no,True,True,False,
2024-06-21,HIGHNY-24JUN21,HIGHNY-24JUN21-T95,greater,95,,nws_climatological_report_daily,1fd611f12a3bba48,no,,0.0000,94,2024-06-22T06:16:00+00:00,CDUS41 KOKX 220616,nhigh: first final report with data,no,no,True,True,False,
2024-06-22,HIGHNY-24JUN22,HIGHNY-24JUN22-B88.5,between,88,89,nws_climatological_report_daily,1fd611f12a3bba48,no,,0.0000,93,2024-06-23T06:19:00+00:00,CDUS41 KOKX 230619,nhigh: first final report with data,no,no,True,True,False,
2024-06-22,HIGHNY-24JUN22,HIGHNY-24JUN22-B90.5,between,90,91,nws_climatological_report_daily,1fd611f12a3bba48,no,,0.0000,93,2024-06-23T06:19:00+00:00,CDUS41 KOKX 230619,nhigh: first final report with data,no,no,True,True,False,
2024-06-22,HIGHNY-24JUN22,HIGHNY-24JUN22-B92.5,between,92,93,nws_climatological_report_daily,1fd611f12a3bba48,yes,93.00,1.0000,93,2024-06-23T06:19:00+00:00,CDUS41 KOKX 230619,nhigh: first final report with data,yes,yes,True,True,False,
2024-06-22,HIGHNY-24JUN22,HIGHNY-24JUN22-B94.5,between,94,95,nws_climatological_report_daily,1fd611f12a3bba48,no,,0.0000,93,2024-06-23T06:19:00+00:00,CDUS41 KOKX 230619,nhigh: first final report with data,no,no,True,True,False,
2024-06-22,HIGHNY-24JUN22,HIGHNY-24JUN22-T88,less,,88,nws_climatological_report_daily,1fd611f12a3bba48,no,,0.0000,93,2024-06-23T06:19:00+00:00,CDUS41 KOKX 230619,nhigh: first final report with data,no,no,True,True,False,
2024-06-22,HIGHNY-24JUN22,HIGHNY-24JUN22-T95,greater,95,,nws_climatological_report_daily,1fd611f12a3bba48,no,,0.0000,93,2024-06-23T06:19:00+00:00,CDUS41 KOKX 230619,nhigh: first final report with data,no,no,True,True,False,
2024-06-23,HIGHNY-24JUN23,HIGHNY-24JUN23-B91.5,between,91,92,nws_climatological_report_daily,1fd611f12a3bba48,yes,92.00,1.0000,92,2024-06-24T06:20:00+00:00,CDUS41 KOKX 240620,nhigh: first final report with data,yes,yes,True,True,False,
2024-06-23,HIGHNY-24JUN23,HIGHNY-24JUN23-B93.5,between,93,94,nws_climatological_report_daily,1fd611f12a3bba48,no,,0.0000,92,2024-06-24T06:20:00+00:00,CDUS41 KOKX 240620,nhigh: first final report with data,no,no,True,True,False,
2024-06-23,HIGHNY-24JUN23,HIGHNY-24JUN23-B95.5,between,95,96,nws_climatological_report_daily,1fd611f12a3bba48,no,,0.0000,92,2024-06-24T06:20:00+00:00,CDUS41 KOKX 240620,nhigh: first final report with data,no,no,True,True,False,
2024-06-23,HIGHNY-24JUN23,HIGHNY-24JUN23-B97.5,between,97,98,nws_climatological_report_daily,1fd611f12a3bba48,no,,0.0000,92,2024-06-24T06:20:00+00:00,CDUS41 KOKX 240620,nhigh: first final report with data,no,no,True,True,False,
2024-06-23,HIGHNY-24JUN23,HIGHNY-24JUN23-T91,less,,91,nws_climatological_report_daily,1fd611f12a3bba48,no,,0.0000,92,2024-06-24T06:20:00+00:00,CDUS41 KOKX 240620,nhigh: first final report with data,no,no,True,True,False,
2024-06-23,HIGHNY-24JUN23,HIGHNY-24JUN23-T98,greater,98,,nws_climatological_report_daily,1fd611f12a3bba48,no,,0.0000,92,2024-06-24T06:20:00+00:00,CDUS41 KOKX 240620,nhigh: first final report with data,no,no,True,True,False,
2024-06-24,HIGHNY-24JUN24,HIGHNY-24JUN24-B82.5,between,82,83,nws_climatological_report_daily,1fd611f12a3bba48,no,,0.0000,80,2024-06-25T06:28:00+00:00,CDUS41 KOKX 250628,nhigh: first final report with data,no,no,True,True,False,
2024-06-24,HIGHNY-24JUN24,HIGHNY-24JUN24-B84.5,between,84,85,nws_climatological_report_daily,1fd611f12a3bba48,no,,0.0000,80,2024-06-25T06:28:00+00:00,CDUS41 KOKX 250628,nhigh: first final report with data,no,no,True,True,False,
2024-06-24,HIGHNY-24JUN24,HIGHNY-24JUN24-B86.5,between,86,87,nws_climatological_report_daily,1fd611f12a3bba48,no,,0.0000,80,2024-06-25T06:28:00+00:00,CDUS41 KOKX 250628,nhigh: first final report with data,no,no,True,True,False,
2024-06-24,HIGHNY-24JUN24,HIGHNY-24JUN24-B88.5,between,88,89,nws_climatological_report_daily,1fd611f12a3bba48,no,,0.0000,80,2024-06-25T06:28:00+00:00,CDUS41 KOKX 250628,nhigh: first final report with data,no,no,True,True,False,
2024-06-24,HIGHNY-24JUN24,HIGHNY-24JUN24-T82,less,,82,nws_climatological_report_daily,1fd611f12a3bba48,yes,80.00,1.0000,80,2024-06-25T06:28:00+00:00,CDUS41 KOKX 250628,nhigh: first final report with data,yes,yes,True,True,False,
2024-06-24,HIGHNY-24JUN24,HIGHNY-24JUN24-T89,greater,89,,nws_climatological_report_daily,1fd611f12a3bba48,no,,0.0000,80,2024-06-25T06:28:00+00:00,CDUS41 KOKX 250628,nhigh: first final report with data,no,no,True,True,False,
2024-06-25,HIGHNY-24JUN25,HIGHNY-24JUN25-B87.5,between,87,88,nws_climatological_report_daily,1fd611f12a3bba48,no,,0.0000,90,2024-06-26T06:33:00+00:00,CDUS41 KOKX 260633,nhigh: first final report with data,no,no,True,True,False,
2024-06-25,HIGHNY-24JUN25,HIGHNY-24JUN25-B89.5,between,89,90,nws_climatological_report_daily,1fd611f12a3bba48,yes,90.00,1.0000,90,2024-06-26T06:33:00+00:00,CDUS41 KOKX 260633,nhigh: first final report with data,yes,yes,True,True,False,
2024-06-25,HIGHNY-24JUN25,HIGHNY-24JUN25-B91.5,between,91,92,nws_climatological_report_daily,1fd611f12a3bba48,no,,0.0000,90,2024-06-26T06:33:00+00:00,CDUS41 KOKX 260633,nhigh: first final report with data,no,no,True,True,False,
2024-06-25,HIGHNY-24JUN25,HIGHNY-24JUN25-B93.5,between,93,94,nws_climatological_report_daily,1fd611f12a3bba48,no,,0.0000,90,2024-06-26T06:33:00+00:00,CDUS41 KOKX 260633,nhigh: first final report with data,no,no,True,True,False,
2024-06-25,HIGHNY-24JUN25,HIGHNY-24JUN25-T87,less,,87,nws_climatological_report_daily,1fd611f12a3bba48,no,,0.0000,90,2024-06-26T06:33:00+00:00,CDUS41 KOKX 260633,nhigh: first final report with data,no,no,True,True,False,
2024-06-25,HIGHNY-24JUN25,HIGHNY-24JUN25-T94,greater,94,,nws_climatological_report_daily,1fd611f12a3bba48,no,,0.0000,90,2024-06-26T06:33:00+00:00,CDUS41 KOKX 260633,nhigh: first final report with data,no,no,True,True,False,
2024-06-26,HIGHNY-24JUN26,HIGHNY-24JUN26-B84.5,between,84,85,nws_climatological_report_daily,1fd611f12a3bba48,no,,0.0000,93,2024-06-27T06:19:00+00:00,CDUS41 KOKX 270619,nhigh: first final report with data,no,no,True,True,False,
2024-06-26,HIGHNY-24JUN26,HIGHNY-24JUN26-B86.5,between,86,87,nws_climatological_report_daily,1fd611f12a3bba48,no,,0.0000,93,2024-06-27T06:19:00+00:00,CDUS41 KOKX 270619,nhigh: first final report with data,no,no,True,True,False,
2024-06-26,HIGHNY-24JUN26,HIGHNY-24JUN26-B88.5,between,88,89,nws_climatological_report_daily,1fd611f12a3bba48,no,,0.0000,93,2024-06-27T06:19:00+00:00,CDUS41 KOKX 270619,nhigh: first final report with data,no,no,True,True,False,
2024-06-26,HIGHNY-24JUN26,HIGHNY-24JUN26-B90.5,between,90,91,nws_climatological_report_daily,1fd611f12a3bba48,no,,0.0000,93,2024-06-27T06:19:00+00:00,CDUS41 KOKX 270619,nhigh: first final report with data,no,no,True,True,False,
2024-06-26,HIGHNY-24JUN26,HIGHNY-24JUN26-T84,less,,84,nws_climatological_report_daily,1fd611f12a3bba48,no,,0.0000,93,2024-06-27T06:19:00+00:00,CDUS41 KOKX 270619,nhigh: first final report with data,no,no,True,True,False,
2024-06-26,HIGHNY-24JUN26,HIGHNY-24JUN26-T91,greater,91,,nws_climatological_report_daily,1fd611f12a3bba48,yes,93.00,1.0000,93,2024-06-27T06:19:00+00:00,CDUS41 KOKX 270619,nhigh: first final report with data,yes,yes,True,True,False,
2024-06-27,HIGHNY-24JUN27,HIGHNY-24JUN27-B82.5,between,82,83,nws_climatological_report_daily,1fd611f12a3bba48,no,,0.0000,84,2024-06-28T06:18:00+00:00,CDUS41 KOKX 280618,nhigh: first final report with data,no,no,True,True,False,
2024-06-27,HIGHNY-24JUN27,HIGHNY-24JUN27-B84.5,between,84,85,nws_climatological_report_daily,1fd611f12a3bba48,yes,84.00,1.0000,84,2024-06-28T06:18:00+00:00,CDUS41 KOKX 280618,nhigh: first final report with data,yes,yes,True,True,False,
2024-06-27,HIGHNY-24JUN27,HIGHNY-24JUN27-B86.5,between,86,87,nws_climatological_report_daily,1fd611f12a3bba48,no,,0.0000,84,2024-06-28T06:18:00+00:00,CDUS41 KOKX 280618,nhigh: first final report with data,no,no,True,True,False,
2024-06-27,HIGHNY-24JUN27,HIGHNY-24JUN27-B88.5,between,88,89,nws_climatological_report_daily,1fd611f12a3bba48,no,,0.0000,84,2024-06-28T06:18:00+00:00,CDUS41 KOKX 280618,nhigh: first final report with data,no,no,True,True,False,
2024-06-27,HIGHNY-24JUN27,HIGHNY-24JUN27-T82,less,,82,nws_climatological_report_daily,1fd611f12a3bba48,no,,0.0000,84,2024-06-28T06:18:00+00:00,CDUS41 KOKX 280618,nhigh: first final report with data,no,no,True,True,False,
2024-06-27,HIGHNY-24JUN27,HIGHNY-24JUN27-T89,greater,89,,nws_climatological_report_daily,1fd611f12a3bba48,no,,0.0000,84,2024-06-28T06:18:00+00:00,CDUS41 KOKX 280618,nhigh: first final report with data,no,no,True,True,False,
2024-06-28,HIGHNY-24JUN28,HIGHNY-24JUN28-B74.5,between,74,75,nws_climatological_report_daily,1fd611f12a3bba48,no,,0.0000,79,2024-06-29T06:27:00+00:00,CDUS41 KOKX 290627,nhigh: first final report with data,no,no,True,True,False,
2024-06-28,HIGHNY-24JUN28,HIGHNY-24JUN28-B76.5,between,76,77,nws_climatological_report_daily,1fd611f12a3bba48,no,,0.0000,79,2024-06-29T06:27:00+00:00,CDUS41 KOKX 290627,nhigh: first final report with data,no,no,True,True,False,
2024-06-28,HIGHNY-24JUN28,HIGHNY-24JUN28-B78.5,between,78,79,nws_climatological_report_daily,1fd611f12a3bba48,yes,79.00,1.0000,79,2024-06-29T06:27:00+00:00,CDUS41 KOKX 290627,nhigh: first final report with data,yes,yes,True,True,False,
2024-06-28,HIGHNY-24JUN28,HIGHNY-24JUN28-B80.5,between,80,81,nws_climatological_report_daily,1fd611f12a3bba48,no,,0.0000,79,2024-06-29T06:27:00+00:00,CDUS41 KOKX 290627,nhigh: first final report with data,no,no,True,True,False,
2024-06-28,HIGHNY-24JUN28,HIGHNY-24JUN28-T74,less,,74,nws_climatological_report_daily,1fd611f12a3bba48,no,,0.0000,79,2024-06-29T06:27:00+00:00,CDUS41 KOKX 290627,nhigh: first final report with data,no,no,True,True,False,
2024-06-28,HIGHNY-24JUN28,HIGHNY-24JUN28-T81,greater,81,,nws_climatological_report_daily,1fd611f12a3bba48,no,,0.0000,79,2024-06-29T06:27:00+00:00,CDUS41 KOKX 290627,nhigh: first final report with data,no,no,True,True,False,
2024-06-29,HIGHNY-24JUN29,HIGHNY-24JUN29-B76.5,between,76,77,nws_climatological_report_daily,1fd611f12a3bba48,no,,0.0000,79,2024-06-30T06:16:00+00:00,CDUS41 KOKX 300616,nhigh: first final report with data,no,no,True,True,False,
2024-06-29,HIGHNY-24JUN29,HIGHNY-24JUN29-B78.5,between,78,79,nws_climatological_report_daily,1fd611f12a3bba48,yes,79.00,1.0000,79,2024-06-30T06:16:00+00:00,CDUS41 KOKX 300616,nhigh: first final report with data,yes,yes,True,True,False,
2024-06-29,HIGHNY-24JUN29,HIGHNY-24JUN29-B80.5,between,80,81,nws_climatological_report_daily,1fd611f12a3bba48,no,,0.0000,79,2024-06-30T06:16:00+00:00,CDUS41 KOKX 300616,nhigh: first final report with data,no,no,True,True,False,
2024-06-29,HIGHNY-24JUN29,HIGHNY-24JUN29-B82.5,between,82,83,nws_climatological_report_daily,1fd611f12a3bba48,no,,0.0000,79,2024-06-30T06:16:00+00:00,CDUS41 KOKX 300616,nhigh: first final report with data,no,no,True,True,False,
2024-06-29,HIGHNY-24JUN29,HIGHNY-24JUN29-T76,less,,76,nws_climatological_report_daily,1fd611f12a3bba48,no,,0.0000,79,2024-06-30T06:16:00+00:00,CDUS41 KOKX 300616,nhigh: first final report with data,no,no,True,True,False,
2024-06-29,HIGHNY-24JUN29,HIGHNY-24JUN29-T83,greater,83,,nws_climatological_report_daily,1fd611f12a3bba48,no,,0.0000,79,2024-06-30T06:16:00+00:00,CDUS41 KOKX 300616,nhigh: first final report with data,no,no,True,True,False,
2024-06-30,HIGHNY-24JUN30,HIGHNY-24JUN30-B85.5,between,85,86,nws_climatological_report_daily,1fd611f12a3bba48,yes,85.00,1.0000,85,2024-07-01T06:51:00+00:00,CDUS41 KOKX 010651,nhigh: first final report with data,yes,yes,True,True,False,
2024-06-30,HIGHNY-24JUN30,HIGHNY-24JUN30-B87.5,between,87,88,nws_climatological_report_daily,1fd611f12a3bba48,no,,0.0000,85,2024-07-01T06:51:00+00:00,CDUS41 KOKX 010651,nhigh: first final report with data,no,no,True,True,False,
2024-06-30,HIGHNY-24JUN30,HIGHNY-24JUN30-B89.5,between,89,90,nws_climatological_report_daily,1fd611f12a3bba48,no,,0.0000,85,2024-07-01T06:51:00+00:00,CDUS41 KOKX 010651,nhigh: first final report with data,no,no,True,True,False,
2024-06-30,HIGHNY-24JUN30,HIGHNY-24JUN30-B91.5,between,91,92,nws_climatological_report_daily,1fd611f12a3bba48,no,,0.0000,85,2024-07-01T06:51:00+00:00,CDUS41 KOKX 010651,nhigh: first final report with data,no,no,True,True,False,
2024-06-30,HIGHNY-24JUN30,HIGHNY-24JUN30-T85,less,,85,nws_climatological_report_daily,1fd611f12a3bba48,no,,0.0000,85,2024-07-01T06:51:00+00:00,CDUS41 KOKX 010651,nhigh: first final report with data,no,no,True,True,False,
2024-06-30,HIGHNY-24JUN30,HIGHNY-24JUN30-T92,greater,92,,nws_climatological_report_daily,1fd611f12a3bba48,no,,0.0000,85,2024-07-01T06:51:00+00:00,CDUS41 KOKX 010651,nhigh: first final report with data,no,no,True,True,False,
2024-07-01,HIGHNY-24JUL01,HIGHNY-24JUL01-B76.5,between,76,77,nws_climatological_report_daily,1fd611f12a3bba48,no,,0.0000,81,2024-07-02T10:07:00+00:00,CDUS41 KOKX 021007,nhigh: first final report with data,no,no,True,True,False,
2024-07-01,HIGHNY-24JUL01,HIGHNY-24JUL01-B78.5,between,78,79,nws_climatological_report_daily,1fd611f12a3bba48,no,,0.0000,81,2024-07-02T10:07:00+00:00,CDUS41 KOKX 021007,nhigh: first final report with data,no,no,True,True,False,
2024-07-01,HIGHNY-24JUL01,HIGHNY-24JUL01-B80.5,between,80,81,nws_climatological_report_daily,1fd611f12a3bba48,yes,81.00,1.0000,81,2024-07-02T10:07:00+00:00,CDUS41 KOKX 021007,nhigh: first final report with data,yes,yes,True,True,False,
2024-07-01,HIGHNY-24JUL01,HIGHNY-24JUL01-B82.5,between,82,83,nws_climatological_report_daily,1fd611f12a3bba48,no,,0.0000,81,2024-07-02T10:07:00+00:00,CDUS41 KOKX 021007,nhigh: first final report with data,no,no,True,True,False,
2024-07-01,HIGHNY-24JUL01,HIGHNY-24JUL01-T76,less,,76,nws_climatological_report_daily,1fd611f12a3bba48,no,,0.0000,81,2024-07-02T10:07:00+00:00,CDUS41 KOKX 021007,nhigh: first final report with data,no,no,True,True,False,
2024-07-01,HIGHNY-24JUL01,HIGHNY-24JUL01-T83,greater,83,,nws_climatological_report_daily,1fd611f12a3bba48,no,,0.0000,81,2024-07-02T10:07:00+00:00,CDUS41 KOKX 021007,nhigh: first final report with data,no,no,True,True,False,
2024-07-02,HIGHNY-24JUL02,HIGHNY-24JUL02-B80.5,between,80,81,nws_climatological_report_daily,1fd611f12a3bba48,no,,0.0000,86,2024-07-03T06:16:00+00:00,CDUS41 KOKX 030616,nhigh: first final report with data,no,no,True,True,False,
2024-07-02,HIGHNY-24JUL02,HIGHNY-24JUL02-B82.5,between,82,83,nws_climatological_report_daily,1fd611f12a3bba48,no,,0.0000,86,2024-07-03T06:16:00+00:00,CDUS41 KOKX 030616,nhigh: first final report with data,no,no,True,True,False,
2024-07-02,HIGHNY-24JUL02,HIGHNY-24JUL02-B84.5,between,84,85,nws_climatological_report_daily,1fd611f12a3bba48,no,,0.0000,86,2024-07-03T06:16:00+00:00,CDUS41 KOKX 030616,nhigh: first final report with data,no,no,True,True,False,
2024-07-02,HIGHNY-24JUL02,HIGHNY-24JUL02-B86.5,between,86,87,nws_climatological_report_daily,1fd611f12a3bba48,yes,86.00,1.0000,86,2024-07-03T06:16:00+00:00,CDUS41 KOKX 030616,nhigh: first final report with data,yes,yes,True,True,False,
2024-07-02,HIGHNY-24JUL02,HIGHNY-24JUL02-T80,less,,80,nws_climatological_report_daily,1fd611f12a3bba48,no,,0.0000,86,2024-07-03T06:16:00+00:00,CDUS41 KOKX 030616,nhigh: first final report with data,no,no,True,True,False,
2024-07-02,HIGHNY-24JUL02,HIGHNY-24JUL02-T87,greater,87,,nws_climatological_report_daily,1fd611f12a3bba48,no,,0.0000,86,2024-07-03T06:16:00+00:00,CDUS41 KOKX 030616,nhigh: first final report with data,no,no,True,True,False,
2024-07-03,HIGHNY-24JUL03,HIGHNY-24JUL03-B80.5,between,80,81,nws_climatological_report_daily,1fd611f12a3bba48,no,,0.0000,83,2024-07-04T06:41:00+00:00,CDUS41 KOKX 040641,nhigh: first final report with data,no,no,True,True,False,
2024-07-03,HIGHNY-24JUL03,HIGHNY-24JUL03-B82.5,between,82,83,nws_climatological_report_daily,1fd611f12a3bba48,yes,83.00,1.0000,83,2024-07-04T06:41:00+00:00,CDUS41 KOKX 040641,nhigh: first final report with data,yes,yes,True,True,False,
2024-07-03,HIGHNY-24JUL03,HIGHNY-24JUL03-B84.5,between,84,85,nws_climatological_report_daily,1fd611f12a3bba48,no,,0.0000,83,2024-07-04T06:41:00+00:00,CDUS41 KOKX 040641,nhigh: first final report with data,no,no,True,True,False,
2024-07-03,HIGHNY-24JUL03,HIGHNY-24JUL03-B86.5,between,86,87,nws_climatological_report_daily,1fd611f12a3bba48,no,,0.0000,83,2024-07-04T06:41:00+00:00,CDUS41 KOKX 040641,nhigh: first final report with data,no,no,True,True,False,
2024-07-03,HIGHNY-24JUL03,HIGHNY-24JUL03-T80,less,,80,nws_climatological_report_daily,1fd611f12a3bba48,no,,0.0000,83,2024-07-04T06:41:00+00:00,CDUS41 KOKX 040641,nhigh: first final report with data,no,no,True,True,False,
2024-07-03,HIGHNY-24JUL03,HIGHNY-24JUL03-T87,greater,87,,nws_climatological_report_daily,1fd611f12a3bba48,no,,0.0000,83,2024-07-04T06:41:00+00:00,CDUS41 KOKX 040641,nhigh: first final report with data,no,no,True,True,False,
2024-07-04,HIGHNY-24JUL04,HIGHNY-24JUL04-B82.5,between,82,83,nws_climatological_report_daily,1fd611f12a3bba48,no,,0.0000,89,2024-07-05T06:30:00+00:00,CDUS41 KOKX 050630,nhigh: first final report with data,no,no,True,True,False,
2024-07-04,HIGHNY-24JUL04,HIGHNY-24JUL04-B84.5,between,84,85,nws_climatological_report_daily,1fd611f12a3bba48,no,,0.0000,89,2024-07-05T06:30:00+00:00,CDUS41 KOKX 050630,nhigh: first final report with data,no,no,True,True,False,
2024-07-04,HIGHNY-24JUL04,HIGHNY-24JUL04-B86.5,between,86,87,nws_climatological_report_daily,1fd611f12a3bba48,no,,0.0000,89,2024-07-05T06:30:00+00:00,CDUS41 KOKX 050630,nhigh: first final report with data,no,no,True,True,False,
2024-07-04,HIGHNY-24JUL04,HIGHNY-24JUL04-B88.5,between,88,89,nws_climatological_report_daily,1fd611f12a3bba48,yes,89.00,1.0000,89,2024-07-05T06:30:00+00:00,CDUS41 KOKX 050630,nhigh: first final report with data,yes,yes,True,True,False,
2024-07-04,HIGHNY-24JUL04,HIGHNY-24JUL04-T82,less,,82,nws_climatological_report_daily,1fd611f12a3bba48,no,,0.0000,89,2024-07-05T06:30:00+00:00,CDUS41 KOKX 050630,nhigh: first final report with data,no,no,True,True,False,
2024-07-04,HIGHNY-24JUL04,HIGHNY-24JUL04-T89,greater,89,,nws_climatological_report_daily,1fd611f12a3bba48,no,,0.0000,89,2024-07-05T06:30:00+00:00,CDUS41 KOKX 050630,nhigh: first final report with data,no,no,True,True,False,
2024-07-05,HIGHNY-24JUL05,HIGHNY-24JUL05-B83.5,between,83,84,nws_climatological_report_daily,1fd611f12a3bba48,no,,0.0000,90,2024-07-06T06:25:00+00:00,CDUS41 KOKX 060625,nhigh: first final report with data,no,no,True,True,False,
2024-07-05,HIGHNY-24JUL05,HIGHNY-24JUL05-B85.5,between,85,86,nws_climatological_report_daily,1fd611f12a3bba48,no,,0.0000,90,2024-07-06T06:25:00+00:00,CDUS41 KOKX 060625,nhigh: first final report with data,no,no,True,True,False,
2024-07-05,HIGHNY-24JUL05,HIGHNY-24JUL05-B87.5,between,87,88,nws_climatological_report_daily,1fd611f12a3bba48,no,,0.0000,90,2024-07-06T06:25:00+00:00,CDUS41 KOKX 060625,nhigh: first final report with data,no,no,True,True,False,
2024-07-05,HIGHNY-24JUL05,HIGHNY-24JUL05-B89.5,between,89,90,nws_climatological_report_daily,1fd611f12a3bba48,yes,90.00,1.0000,90,2024-07-06T06:25:00+00:00,CDUS41 KOKX 060625,nhigh: first final report with data,yes,yes,True,True,False,
2024-07-05,HIGHNY-24JUL05,HIGHNY-24JUL05-T83,less,,83,nws_climatological_report_daily,1fd611f12a3bba48,no,,0.0000,90,2024-07-06T06:25:00+00:00,CDUS41 KOKX 060625,nhigh: first final report with data,no,no,True,True,False,
2024-07-05,HIGHNY-24JUL05,HIGHNY-24JUL05-T90,greater,90,,nws_climatological_report_daily,1fd611f12a3bba48,no,,0.0000,90,2024-07-06T06:25:00+00:00,CDUS41 KOKX 060625,nhigh: first final report with data,no,no,True,True,False,
2024-07-06,HIGHNY-24JUL06,HIGHNY-24JUL06-B84.5,between,84,85,nws_climatological_report_daily,1fd611f12a3bba48,no,,0.0000,92,2024-07-07T06:22:00+00:00,CDUS41 KOKX 070622,nhigh: first final report with data,no,no,True,True,False,
2024-07-06,HIGHNY-24JUL06,HIGHNY-24JUL06-B86.5,between,86,87,nws_climatological_report_daily,1fd611f12a3bba48,no,,0.0000,92,2024-07-07T06:22:00+00:00,CDUS41 KOKX 070622,nhigh: first final report with data,no,no,True,True,False,
2024-07-06,HIGHNY-24JUL06,HIGHNY-24JUL06-B88.5,between,88,89,nws_climatological_report_daily,1fd611f12a3bba48,no,,0.0000,92,2024-07-07T06:22:00+00:00,CDUS41 KOKX 070622,nhigh: first final report with data,no,no,True,True,False,
2024-07-06,HIGHNY-24JUL06,HIGHNY-24JUL06-B90.5,between,90,91,nws_climatological_report_daily,1fd611f12a3bba48,no,,0.0000,92,2024-07-07T06:22:00+00:00,CDUS41 KOKX 070622,nhigh: first final report with data,no,no,True,True,False,
2024-07-06,HIGHNY-24JUL06,HIGHNY-24JUL06-T84,less,,84,nws_climatological_report_daily,1fd611f12a3bba48,no,,0.0000,92,2024-07-07T06:22:00+00:00,CDUS41 KOKX 070622,nhigh: first final report with data,no,no,True,True,False,
2024-07-06,HIGHNY-24JUL06,HIGHNY-24JUL06-T91,greater,91,,nws_climatological_report_daily,1fd611f12a3bba48,yes,92.00,1.0000,92,2024-07-07T06:22:00+00:00,CDUS41 KOKX 070622,nhigh: first final report with data,yes,yes,True,True,False,
2024-07-07,HIGHNY-24JUL07,HIGHNY-24JUL07-B87.5,between,87,88,nws_climatological_report_daily,1fd611f12a3bba48,no,,0.0000,93,2024-07-08T06:20:00+00:00,CDUS41 KOKX 080620,nhigh: first final report with data,no,no,True,True,False,
2024-07-07,HIGHNY-24JUL07,HIGHNY-24JUL07-B89.5,between,89,90,nws_climatological_report_daily,1fd611f12a3bba48,no,,0.0000,93,2024-07-08T06:20:00+00:00,CDUS41 KOKX 080620,nhigh: first final report with data,no,no,True,True,False,
2024-07-07,HIGHNY-24JUL07,HIGHNY-24JUL07-B91.5,between,91,92,nws_climatological_report_daily,1fd611f12a3bba48,no,,0.0000,93,2024-07-08T06:20:00+00:00,CDUS41 KOKX 080620,nhigh: first final report with data,no,no,True,True,False,
2024-07-07,HIGHNY-24JUL07,HIGHNY-24JUL07-B93.5,between,93,94,nws_climatological_report_daily,1fd611f12a3bba48,yes,93.00,1.0000,93,2024-07-08T06:20:00+00:00,CDUS41 KOKX 080620,nhigh: first final report with data,yes,yes,True,True,False,
2024-07-07,HIGHNY-24JUL07,HIGHNY-24JUL07-T87,less,,87,nws_climatological_report_daily,1fd611f12a3bba48,no,,0.0000,93,2024-07-08T06:20:00+00:00,CDUS41 KOKX 080620,nhigh: first final report with data,no,no,True,True,False,
2024-07-07,HIGHNY-24JUL07,HIGHNY-24JUL07-T94,greater,94,,nws_climatological_report_daily,1fd611f12a3bba48,no,,0.0000,93,2024-07-08T06:20:00+00:00,CDUS41 KOKX 080620,nhigh: first final report with data,no,no,True,True,False,
2024-07-08,HIGHNY-24JUL08,HIGHNY-24JUL08-B86.5,between,86,87,nws_climatological_report_daily,1fd611f12a3bba48,no,,0.0000,95,2024-07-09T06:18:00+00:00,CDUS41 KOKX 090618,nhigh: first final report with data,no,no,True,True,False,
2024-07-08,HIGHNY-24JUL08,HIGHNY-24JUL08-B88.5,between,88,89,nws_climatological_report_daily,1fd611f12a3bba48,no,,0.0000,95,2024-07-09T06:18:00+00:00,CDUS41 KOKX 090618,nhigh: first final report with data,no,no,True,True,False,
2024-07-08,HIGHNY-24JUL08,HIGHNY-24JUL08-B90.5,between,90,91,nws_climatological_report_daily,1fd611f12a3bba48,no,,0.0000,95,2024-07-09T06:18:00+00:00,CDUS41 KOKX 090618,nhigh: first final report with data,no,no,True,True,False,
2024-07-08,HIGHNY-24JUL08,HIGHNY-24JUL08-B92.5,between,92,93,nws_climatological_report_daily,1fd611f12a3bba48,no,,0.0000,95,2024-07-09T06:18:00+00:00,CDUS41 KOKX 090618,nhigh: first final report with data,no,no,True,True,False,
2024-07-08,HIGHNY-24JUL08,HIGHNY-24JUL08-T86,less,,86,nws_climatological_report_daily,1fd611f12a3bba48,no,,0.0000,95,2024-07-09T06:18:00+00:00,CDUS41 KOKX 090618,nhigh: first final report with data,no,no,True,True,False,
2024-07-08,HIGHNY-24JUL08,HIGHNY-24JUL08-T93,greater,93,,nws_climatological_report_daily,1fd611f12a3bba48,yes,95.00,1.0000,95,2024-07-09T06:18:00+00:00,CDUS41 KOKX 090618,nhigh: first final report with data,yes,yes,True,True,False,
2024-07-09,HIGHNY-24JUL09,HIGHNY-24JUL09-B86.5,between,86,87,nws_climatological_report_daily,1fd611f12a3bba48,no,,0.0000,89,2024-07-10T06:20:00+00:00,CDUS41 KOKX 100620,nhigh: first final report with data,no,no,True,True,False,
2024-07-09,HIGHNY-24JUL09,HIGHNY-24JUL09-B88.5,between,88,89,nws_climatological_report_daily,1fd611f12a3bba48,yes,89.00,1.0000,89,2024-07-10T06:20:00+00:00,CDUS41 KOKX 100620,nhigh: first final report with data,yes,yes,True,True,False,
2024-07-09,HIGHNY-24JUL09,HIGHNY-24JUL09-B90.5,between,90,91,nws_climatological_report_daily,1fd611f12a3bba48,no,,0.0000,89,2024-07-10T06:20:00+00:00,CDUS41 KOKX 100620,nhigh: first final report with data,no,no,True,True,False,
2024-07-09,HIGHNY-24JUL09,HIGHNY-24JUL09-B92.5,between,92,93,nws_climatological_report_daily,1fd611f12a3bba48,no,,0.0000,89,2024-07-10T06:20:00+00:00,CDUS41 KOKX 100620,nhigh: first final report with data,no,no,True,True,False,
2024-07-09,HIGHNY-24JUL09,HIGHNY-24JUL09-T86,less,,86,nws_climatological_report_daily,1fd611f12a3bba48,no,,0.0000,89,2024-07-10T06:20:00+00:00,CDUS41 KOKX 100620,nhigh: first final report with data,no,no,True,True,False,
2024-07-09,HIGHNY-24JUL09,HIGHNY-24JUL09-T93,greater,93,,nws_climatological_report_daily,1fd611f12a3bba48,no,,0.0000,89,2024-07-10T06:20:00+00:00,CDUS41 KOKX 100620,nhigh: first final report with data,no,no,True,True,False,
2024-07-10,HIGHNY-24JUL10,HIGHNY-24JUL10-B85.5,between,85,86,nws_climatological_report_daily,1fd611f12a3bba48,no,,0.0000,91,2024-07-11T06:26:00+00:00,CDUS41 KOKX 110626,nhigh: first final report with data,no,no,True,True,False,
2024-07-10,HIGHNY-24JUL10,HIGHNY-24JUL10-B87.5,between,87,88,nws_climatological_report_daily,1fd611f12a3bba48,no,,0.0000,91,2024-07-11T06:26:00+00:00,CDUS41 KOKX 110626,nhigh: first final report with data,no,no,True,True,False,
2024-07-10,HIGHNY-24JUL10,HIGHNY-24JUL10-B89.5,between,89,90,nws_climatological_report_daily,1fd611f12a3bba48,no,,0.0000,91,2024-07-11T06:26:00+00:00,CDUS41 KOKX 110626,nhigh: first final report with data,no,no,True,True,False,
2024-07-10,HIGHNY-24JUL10,HIGHNY-24JUL10-B91.5,between,91,92,nws_climatological_report_daily,1fd611f12a3bba48,yes,91.00,1.0000,91,2024-07-11T06:26:00+00:00,CDUS41 KOKX 110626,nhigh: first final report with data,yes,yes,True,True,False,
2024-07-10,HIGHNY-24JUL10,HIGHNY-24JUL10-T85,less,,85,nws_climatological_report_daily,1fd611f12a3bba48,no,,0.0000,91,2024-07-11T06:26:00+00:00,CDUS41 KOKX 110626,nhigh: first final report with data,no,no,True,True,False,
2024-07-10,HIGHNY-24JUL10,HIGHNY-24JUL10-T92,greater,92,,nws_climatological_report_daily,1fd611f12a3bba48,no,,0.0000,91,2024-07-11T06:26:00+00:00,CDUS41 KOKX 110626,nhigh: first final report with data,no,no,True,True,False,
2024-07-11,HIGHNY-24JUL11,HIGHNY-24JUL11-B85.5,between,85,86,nws_climatological_report_daily,1fd611f12a3bba48,no,,0.0000,89,2024-07-12T06:17:00+00:00,CDUS41 KOKX 120617,nhigh: first final report with data,no,no,True,True,False,
2024-07-11,HIGHNY-24JUL11,HIGHNY-24JUL11-B87.5,between,87,88,nws_climatological_report_daily,1fd611f12a3bba48,no,,0.0000,89,2024-07-12T06:17:00+00:00,CDUS41 KOKX 120617,nhigh: first final report with data,no,no,True,True,False,
2024-07-11,HIGHNY-24JUL11,HIGHNY-24JUL11-B89.5,between,89,90,nws_climatological_report_daily,1fd611f12a3bba48,yes,89.00,1.0000,89,2024-07-12T06:17:00+00:00,CDUS41 KOKX 120617,nhigh: first final report with data,yes,yes,True,True,False,
2024-07-11,HIGHNY-24JUL11,HIGHNY-24JUL11-B91.5,between,91,92,nws_climatological_report_daily,1fd611f12a3bba48,no,,0.0000,89,2024-07-12T06:17:00+00:00,CDUS41 KOKX 120617,nhigh: first final report with data,no,no,True,True,False,
2024-07-11,HIGHNY-24JUL11,HIGHNY-24JUL11-T85,less,,85,nws_climatological_report_daily,1fd611f12a3bba48,no,,0.0000,89,2024-07-12T06:17:00+00:00,CDUS41 KOKX 120617,nhigh: first final report with data,no,no,True,True,False,
2024-07-11,HIGHNY-24JUL11,HIGHNY-24JUL11-T92,greater,92,,nws_climatological_report_daily,1fd611f12a3bba48,no,,0.0000,89,2024-07-12T06:17:00+00:00,CDUS41 KOKX 120617,nhigh: first final report with data,no,no,True,True,False,
2024-07-12,HIGHNY-24JUL12,HIGHNY-24JUL12-B81.5,between,81,82,nws_climatological_report_daily,1fd611f12a3bba48,no,,0.0000,84,2024-07-13T06:16:00+00:00,CDUS41 KOKX 130616,nhigh: first final report with data,no,no,True,True,False,
2024-07-12,HIGHNY-24JUL12,HIGHNY-24JUL12-B83.5,between,83,84,nws_climatological_report_daily,1fd611f12a3bba48,yes,84.00,1.0000,84,2024-07-13T06:16:00+00:00,CDUS41 KOKX 130616,nhigh: first final report with data,yes,yes,True,True,False,
2024-07-12,HIGHNY-24JUL12,HIGHNY-24JUL12-B85.5,between,85,86,nws_climatological_report_daily,1fd611f12a3bba48,no,,0.0000,84,2024-07-13T06:16:00+00:00,CDUS41 KOKX 130616,nhigh: first final report with data,no,no,True,True,False,
2024-07-12,HIGHNY-24JUL12,HIGHNY-24JUL12-B87.5,between,87,88,nws_climatological_report_daily,1fd611f12a3bba48,no,,0.0000,84,2024-07-13T06:16:00+00:00,CDUS41 KOKX 130616,nhigh: first final report with data,no,no,True,True,False,
2024-07-12,HIGHNY-24JUL12,HIGHNY-24JUL12-T81,less,,81,nws_climatological_report_daily,1fd611f12a3bba48,no,,0.0000,84,2024-07-13T06:16:00+00:00,CDUS41 KOKX 130616,nhigh: first final report with data,no,no,True,True,False,
2024-07-12,HIGHNY-24JUL12,HIGHNY-24JUL12-T88,greater,88,,nws_climatological_report_daily,1fd611f12a3bba48,no,,0.0000,84,2024-07-13T06:16:00+00:00,CDUS41 KOKX 130616,nhigh: first final report with data,no,no,True,True,False,
2024-07-13,HIGHNY-24JUL13,HIGHNY-24JUL13-B82.5,between,82,83,nws_climatological_report_daily,1fd611f12a3bba48,no,,0.0000,87,2024-07-14T06:17:00+00:00,CDUS41 KOKX 140617,nhigh: first final report with data,no,no,True,True,False,
2024-07-13,HIGHNY-24JUL13,HIGHNY-24JUL13-B84.5,between,84,85,nws_climatological_report_daily,1fd611f12a3bba48,no,,0.0000,87,2024-07-14T06:17:00+00:00,CDUS41 KOKX 140617,nhigh: first final report with data,no,no,True,True,False,
2024-07-13,HIGHNY-24JUL13,HIGHNY-24JUL13-B86.5,between,86,87,nws_climatological_report_daily,1fd611f12a3bba48,yes,87.00,1.0000,87,2024-07-14T06:17:00+00:00,CDUS41 KOKX 140617,nhigh: first final report with data,yes,yes,True,True,False,
2024-07-13,HIGHNY-24JUL13,HIGHNY-24JUL13-B88.5,between,88,89,nws_climatological_report_daily,1fd611f12a3bba48,no,,0.0000,87,2024-07-14T06:17:00+00:00,CDUS41 KOKX 140617,nhigh: first final report with data,no,no,True,True,False,
2024-07-13,HIGHNY-24JUL13,HIGHNY-24JUL13-T82,less,,82,nws_climatological_report_daily,1fd611f12a3bba48,no,,0.0000,87,2024-07-14T06:17:00+00:00,CDUS41 KOKX 140617,nhigh: first final report with data,no,no,True,True,False,
2024-07-13,HIGHNY-24JUL13,HIGHNY-24JUL13-T89,greater,89,,nws_climatological_report_daily,1fd611f12a3bba48,no,,0.0000,87,2024-07-14T06:17:00+00:00,CDUS41 KOKX 140617,nhigh: first final report with data,no,no,True,True,False,
2024-07-14,HIGHNY-24JUL14,HIGHNY-24JUL14-B88.5,between,88,89,nws_climatological_report_daily,1fd611f12a3bba48,no,,0.0000,90,2024-07-15T06:52:00+00:00,CDUS41 KOKX 150652,nhigh: first final report with data,no,no,True,True,False,
2024-07-14,HIGHNY-24JUL14,HIGHNY-24JUL14-B90.5,between,90,91,nws_climatological_report_daily,1fd611f12a3bba48,yes,90.00,1.0000,90,2024-07-15T06:52:00+00:00,CDUS41 KOKX 150652,nhigh: first final report with data,yes,yes,True,True,False,
2024-07-14,HIGHNY-24JUL14,HIGHNY-24JUL14-B92.5,between,92,93,nws_climatological_report_daily,1fd611f12a3bba48,no,,0.0000,90,2024-07-15T06:52:00+00:00,CDUS41 KOKX 150652,nhigh: first final report with data,no,no,True,True,False,
2024-07-14,HIGHNY-24JUL14,HIGHNY-24JUL14-B94.5,between,94,95,nws_climatological_report_daily,1fd611f12a3bba48,no,,0.0000,90,2024-07-15T06:52:00+00:00,CDUS41 KOKX 150652,nhigh: first final report with data,no,no,True,True,False,
2024-07-14,HIGHNY-24JUL14,HIGHNY-24JUL14-T88,less,,88,nws_climatological_report_daily,1fd611f12a3bba48,no,,0.0000,90,2024-07-15T06:52:00+00:00,CDUS41 KOKX 150652,nhigh: first final report with data,no,no,True,True,False,
2024-07-14,HIGHNY-24JUL14,HIGHNY-24JUL14-T95,greater,95,,nws_climatological_report_daily,1fd611f12a3bba48,no,,0.0000,90,2024-07-15T06:52:00+00:00,CDUS41 KOKX 150652,nhigh: first final report with data,no,no,True,True,False,
2024-07-15,HIGHNY-24JUL15,HIGHNY-24JUL15-B91.5,between,91,92,nws_climatological_report_daily,1fd611f12a3bba48,yes,91.00,1.0000,91,2024-07-16T06:35:00+00:00,CDUS41 KOKX 160635,nhigh: first final report with data,yes,yes,True,True,False,
2024-07-15,HIGHNY-24JUL15,HIGHNY-24JUL15-B93.5,between,93,94,nws_climatological_report_daily,1fd611f12a3bba48,no,,0.0000,91,2024-07-16T06:35:00+00:00,CDUS41 KOKX 160635,nhigh: first final report with data,no,no,True,True,False,
2024-07-15,HIGHNY-24JUL15,HIGHNY-24JUL15-B95.5,between,95,96,nws_climatological_report_daily,1fd611f12a3bba48,no,,0.0000,91,2024-07-16T06:35:00+00:00,CDUS41 KOKX 160635,nhigh: first final report with data,no,no,True,True,False,
2024-07-15,HIGHNY-24JUL15,HIGHNY-24JUL15-B97.5,between,97,98,nws_climatological_report_daily,1fd611f12a3bba48,no,,0.0000,91,2024-07-16T06:35:00+00:00,CDUS41 KOKX 160635,nhigh: first final report with data,no,no,True,True,False,
2024-07-15,HIGHNY-24JUL15,HIGHNY-24JUL15-T91,less,,91,nws_climatological_report_daily,1fd611f12a3bba48,no,,0.0000,91,2024-07-16T06:35:00+00:00,CDUS41 KOKX 160635,nhigh: first final report with data,no,no,True,True,False,
2024-07-15,HIGHNY-24JUL15,HIGHNY-24JUL15-T98,greater,98,,nws_climatological_report_daily,1fd611f12a3bba48,no,,0.0000,91,2024-07-16T06:35:00+00:00,CDUS41 KOKX 160635,nhigh: first final report with data,no,no,True,True,False,
2024-07-16,HIGHNY-24JUL16,HIGHNY-24JUL16-B92.5,between,92,93,nws_climatological_report_daily,1fd611f12a3bba48,no,,0.0000,94,2024-07-17T06:16:00+00:00,CDUS41 KOKX 170616,nhigh: first final report with data,no,no,True,True,False,
2024-07-16,HIGHNY-24JUL16,HIGHNY-24JUL16-B94.5,between,94,95,nws_climatological_report_daily,1fd611f12a3bba48,yes,94.00,1.0000,94,2024-07-17T06:16:00+00:00,CDUS41 KOKX 170616,nhigh: first final report with data,yes,yes,True,True,False,
2024-07-16,HIGHNY-24JUL16,HIGHNY-24JUL16-B96.5,between,96,97,nws_climatological_report_daily,1fd611f12a3bba48,no,,0.0000,94,2024-07-17T06:16:00+00:00,CDUS41 KOKX 170616,nhigh: first final report with data,no,no,True,True,False,
2024-07-16,HIGHNY-24JUL16,HIGHNY-24JUL16-B98.5,between,98,99,nws_climatological_report_daily,1fd611f12a3bba48,no,,0.0000,94,2024-07-17T06:16:00+00:00,CDUS41 KOKX 170616,nhigh: first final report with data,no,no,True,True,False,
2024-07-16,HIGHNY-24JUL16,HIGHNY-24JUL16-T92,less,,92,nws_climatological_report_daily,1fd611f12a3bba48,no,,0.0000,94,2024-07-17T06:16:00+00:00,CDUS41 KOKX 170616,nhigh: first final report with data,no,no,True,True,False,
2024-07-16,HIGHNY-24JUL16,HIGHNY-24JUL16-T99,greater,99,,nws_climatological_report_daily,1fd611f12a3bba48,no,,0.0000,94,2024-07-17T06:16:00+00:00,CDUS41 KOKX 170616,nhigh: first final report with data,no,no,True,True,False,
2024-07-17,HIGHNY-24JUL17,HIGHNY-24JUL17-B89.5,between,89,90,nws_climatological_report_daily,1fd611f12a3bba48,yes,90.00,1.0000,90,2024-07-18T06:22:00+00:00,CDUS41 KOKX 180622,nhigh: first final report with data,yes,yes,True,True,False,
2024-07-17,HIGHNY-24JUL17,HIGHNY-24JUL17-B91.5,between,91,92,nws_climatological_report_daily,1fd611f12a3bba48,no,,0.0000,90,2024-07-18T06:22:00+00:00,CDUS41 KOKX 180622,nhigh: first final report with data,no,no,True,True,False,
2024-07-17,HIGHNY-24JUL17,HIGHNY-24JUL17-B93.5,between,93,94,nws_climatological_report_daily,1fd611f12a3bba48,no,,0.0000,90,2024-07-18T06:22:00+00:00,CDUS41 KOKX 180622,nhigh: first final report with data,no,no,True,True,False,
2024-07-17,HIGHNY-24JUL17,HIGHNY-24JUL17-B95.5,between,95,96,nws_climatological_report_daily,1fd611f12a3bba48,no,,0.0000,90,2024-07-18T06:22:00+00:00,CDUS41 KOKX 180622,nhigh: first final report with data,no,no,True,True,False,
2024-07-17,HIGHNY-24JUL17,HIGHNY-24JUL17-T89,less,,89,nws_climatological_report_daily,1fd611f12a3bba48,no,,0.0000,90,2024-07-18T06:22:00+00:00,CDUS41 KOKX 180622,nhigh: first final report with data,no,no,True,True,False,
2024-07-17,HIGHNY-24JUL17,HIGHNY-24JUL17-T96,greater,96,,nws_climatological_report_daily,1fd611f12a3bba48,no,,0.0000,90,2024-07-18T06:22:00+00:00,CDUS41 KOKX 180622,nhigh: first final report with data,no,no,True,True,False,
2024-07-18,HIGHNY-24JUL18,HIGHNY-24JUL18-B84.5,between,84,85,nws_climatological_report_daily,1fd611f12a3bba48,no,,0.0000,86,2024-07-19T06:19:00+00:00,CDUS41 KOKX 190619,nhigh: first final report with data,no,no,True,True,False,
2024-07-18,HIGHNY-24JUL18,HIGHNY-24JUL18-B86.5,between,86,87,nws_climatological_report_daily,1fd611f12a3bba48,yes,86.00,1.0000,86,2024-07-19T06:19:00+00:00,CDUS41 KOKX 190619,nhigh: first final report with data,yes,yes,True,True,False,
2024-07-18,HIGHNY-24JUL18,HIGHNY-24JUL18-B88.5,between,88,89,nws_climatological_report_daily,1fd611f12a3bba48,no,,0.0000,86,2024-07-19T06:19:00+00:00,CDUS41 KOKX 190619,nhigh: first final report with data,no,no,True,True,False,
2024-07-18,HIGHNY-24JUL18,HIGHNY-24JUL18-B90.5,between,90,91,nws_climatological_report_daily,1fd611f12a3bba48,no,,0.0000,86,2024-07-19T06:19:00+00:00,CDUS41 KOKX 190619,nhigh: first final report with data,no,no,True,True,False,
2024-07-18,HIGHNY-24JUL18,HIGHNY-24JUL18-T84,less,,84,nws_climatological_report_daily,1fd611f12a3bba48,no,,0.0000,86,2024-07-19T06:19:00+00:00,CDUS41 KOKX 190619,nhigh: first final report with data,no,no,True,True,False,
2024-07-18,HIGHNY-24JUL18,HIGHNY-24JUL18-T91,greater,91,,nws_climatological_report_daily,1fd611f12a3bba48,no,,0.0000,86,2024-07-19T06:19:00+00:00,CDUS41 KOKX 190619,nhigh: first final report with data,no,no,True,True,False,
2024-07-19,HIGHNY-24JUL19,HIGHNY-24JUL19-B83.5,between,83,84,nws_climatological_report_daily,1fd611f12a3bba48,yes,83.00,1.0000,83,2024-07-20T06:28:00+00:00,CDUS41 KOKX 200628,nhigh: first final report with data,yes,yes,True,True,False,
2024-07-19,HIGHNY-24JUL19,HIGHNY-24JUL19-B85.5,between,85,86,nws_climatological_report_daily,1fd611f12a3bba48,no,,0.0000,83,2024-07-20T06:28:00+00:00,CDUS41 KOKX 200628,nhigh: first final report with data,no,no,True,True,False,
2024-07-19,HIGHNY-24JUL19,HIGHNY-24JUL19-B87.5,between,87,88,nws_climatological_report_daily,1fd611f12a3bba48,no,,0.0000,83,2024-07-20T06:28:00+00:00,CDUS41 KOKX 200628,nhigh: first final report with data,no,no,True,True,False,
2024-07-19,HIGHNY-24JUL19,HIGHNY-24JUL19-B89.5,between,89,90,nws_climatological_report_daily,1fd611f12a3bba48,no,,0.0000,83,2024-07-20T06:28:00+00:00,CDUS41 KOKX 200628,nhigh: first final report with data,no,no,True,True,False,
2024-07-19,HIGHNY-24JUL19,HIGHNY-24JUL19-T83,less,,83,nws_climatological_report_daily,1fd611f12a3bba48,no,,0.0000,83,2024-07-20T06:28:00+00:00,CDUS41 KOKX 200628,nhigh: first final report with data,no,no,True,True,False,
2024-07-19,HIGHNY-24JUL19,HIGHNY-24JUL19-T90,greater,90,,nws_climatological_report_daily,1fd611f12a3bba48,no,,0.0000,83,2024-07-20T06:28:00+00:00,CDUS41 KOKX 200628,nhigh: first final report with data,no,no,True,True,False,
2024-07-20,HIGHNY-24JUL20,HIGHNY-24JUL20-B82.5,between,82,83,nws_climatological_report_daily,1fd611f12a3bba48,yes,83.00,1.0000,83,2024-07-21T06:31:00+00:00,CDUS41 KOKX 210631,nhigh: first final report with data,yes,yes,True,True,False,
2024-07-20,HIGHNY-24JUL20,HIGHNY-24JUL20-B84.5,between,84,85,nws_climatological_report_daily,1fd611f12a3bba48,no,,0.0000,83,2024-07-21T06:31:00+00:00,CDUS41 KOKX 210631,nhigh: first final report with data,no,no,True,True,False,
2024-07-20,HIGHNY-24JUL20,HIGHNY-24JUL20-B86.5,between,86,87,nws_climatological_report_daily,1fd611f12a3bba48,no,,0.0000,83,2024-07-21T06:31:00+00:00,CDUS41 KOKX 210631,nhigh: first final report with data,no,no,True,True,False,
2024-07-20,HIGHNY-24JUL20,HIGHNY-24JUL20-B88.5,between,88,89,nws_climatological_report_daily,1fd611f12a3bba48,no,,0.0000,83,2024-07-21T06:31:00+00:00,CDUS41 KOKX 210631,nhigh: first final report with data,no,no,True,True,False,
2024-07-20,HIGHNY-24JUL20,HIGHNY-24JUL20-T82,less,,82,nws_climatological_report_daily,1fd611f12a3bba48,no,,0.0000,83,2024-07-21T06:31:00+00:00,CDUS41 KOKX 210631,nhigh: first final report with data,no,no,True,True,False,
2024-07-20,HIGHNY-24JUL20,HIGHNY-24JUL20-T89,greater,89,,nws_climatological_report_daily,1fd611f12a3bba48,no,,0.0000,83,2024-07-21T06:31:00+00:00,CDUS41 KOKX 210631,nhigh: first final report with data,no,no,True,True,False,
2024-07-21,HIGHNY-24JUL21,HIGHNY-24JUL21-B84.5,between,84,85,nws_climatological_report_daily,1fd611f12a3bba48,no,,0.0000,88,2024-07-22T06:21:00+00:00,CDUS41 KOKX 220621,nhigh: first final report with data,no,no,True,True,False,
2024-07-21,HIGHNY-24JUL21,HIGHNY-24JUL21-B86.5,between,86,87,nws_climatological_report_daily,1fd611f12a3bba48,no,,0.0000,88,2024-07-22T06:21:00+00:00,CDUS41 KOKX 220621,nhigh: first final report with data,no,no,True,True,False,
2024-07-21,HIGHNY-24JUL21,HIGHNY-24JUL21-B88.5,between,88,89,nws_climatological_report_daily,1fd611f12a3bba48,yes,88.00,1.0000,88,2024-07-22T06:21:00+00:00,CDUS41 KOKX 220621,nhigh: first final report with data,yes,yes,True,True,False,
2024-07-21,HIGHNY-24JUL21,HIGHNY-24JUL21-B90.5,between,90,91,nws_climatological_report_daily,1fd611f12a3bba48,no,,0.0000,88,2024-07-22T06:21:00+00:00,CDUS41 KOKX 220621,nhigh: first final report with data,no,no,True,True,False,
2024-07-21,HIGHNY-24JUL21,HIGHNY-24JUL21-T84,less,,84,nws_climatological_report_daily,1fd611f12a3bba48,no,,0.0000,88,2024-07-22T06:21:00+00:00,CDUS41 KOKX 220621,nhigh: first final report with data,no,no,True,True,False,
2024-07-21,HIGHNY-24JUL21,HIGHNY-24JUL21-T91,greater,91,,nws_climatological_report_daily,1fd611f12a3bba48,no,,0.0000,88,2024-07-22T06:21:00+00:00,CDUS41 KOKX 220621,nhigh: first final report with data,no,no,True,True,False,
2024-07-22,HIGHNY-24JUL22,HIGHNY-24JUL22-B81.5,between,81,82,nws_climatological_report_daily,1fd611f12a3bba48,no,,0.0000,84,2024-07-23T06:26:00+00:00,CDUS41 KOKX 230626,nhigh: first final report with data,no,no,True,True,False,
2024-07-22,HIGHNY-24JUL22,HIGHNY-24JUL22-B83.5,between,83,84,nws_climatological_report_daily,1fd611f12a3bba48,yes,84.00,1.0000,84,2024-07-23T06:26:00+00:00,CDUS41 KOKX 230626,nhigh: first final report with data,yes,yes,True,True,False,
2024-07-22,HIGHNY-24JUL22,HIGHNY-24JUL22-B85.5,between,85,86,nws_climatological_report_daily,1fd611f12a3bba48,no,,0.0000,84,2024-07-23T06:26:00+00:00,CDUS41 KOKX 230626,nhigh: first final report with data,no,no,True,True,False,
2024-07-22,HIGHNY-24JUL22,HIGHNY-24JUL22-B87.5,between,87,88,nws_climatological_report_daily,1fd611f12a3bba48,no,,0.0000,84,2024-07-23T06:26:00+00:00,CDUS41 KOKX 230626,nhigh: first final report with data,no,no,True,True,False,
2024-07-22,HIGHNY-24JUL22,HIGHNY-24JUL22-T81,less,,81,nws_climatological_report_daily,1fd611f12a3bba48,no,,0.0000,84,2024-07-23T06:26:00+00:00,CDUS41 KOKX 230626,nhigh: first final report with data,no,no,True,True,False,
2024-07-22,HIGHNY-24JUL22,HIGHNY-24JUL22-T88,greater,88,,nws_climatological_report_daily,1fd611f12a3bba48,no,,0.0000,84,2024-07-23T06:26:00+00:00,CDUS41 KOKX 230626,nhigh: first final report with data,no,no,True,True,False,
2024-07-23,HIGHNY-24JUL23,HIGHNY-24JUL23-B80.5,between,80,81,nws_climatological_report_daily,1fd611f12a3bba48,yes,81.00,1.0000,81,2024-07-24T06:25:00+00:00,CDUS41 KOKX 240625,nhigh: first final report with data,yes,yes,True,True,False,
2024-07-23,HIGHNY-24JUL23,HIGHNY-24JUL23-B82.5,between,82,83,nws_climatological_report_daily,1fd611f12a3bba48,no,,0.0000,81,2024-07-24T06:25:00+00:00,CDUS41 KOKX 240625,nhigh: first final report with data,no,no,True,True,False,
2024-07-23,HIGHNY-24JUL23,HIGHNY-24JUL23-B84.5,between,84,85,nws_climatological_report_daily,1fd611f12a3bba48,no,,0.0000,81,2024-07-24T06:25:00+00:00,CDUS41 KOKX 240625,nhigh: first final report with data,no,no,True,True,False,
2024-07-23,HIGHNY-24JUL23,HIGHNY-24JUL23-B86.5,between,86,87,nws_climatological_report_daily,1fd611f12a3bba48,no,,0.0000,81,2024-07-24T06:25:00+00:00,CDUS41 KOKX 240625,nhigh: first final report with data,no,no,True,True,False,
2024-07-23,HIGHNY-24JUL23,HIGHNY-24JUL23-T80,less,,80,nws_climatological_report_daily,1fd611f12a3bba48,no,,0.0000,81,2024-07-24T06:25:00+00:00,CDUS41 KOKX 240625,nhigh: first final report with data,no,no,True,True,False,
2024-07-23,HIGHNY-24JUL23,HIGHNY-24JUL23-T87,greater,87,,nws_climatological_report_daily,1fd611f12a3bba48,no,,0.0000,81,2024-07-24T06:25:00+00:00,CDUS41 KOKX 240625,nhigh: first final report with data,no,no,True,True,False,
2024-07-24,HIGHNY-24JUL24,HIGHNY-24JUL24-B79.5,between,79,80,nws_climatological_report_daily,1fd611f12a3bba48,no,,0.0000,81,2024-07-25T06:21:00+00:00,CDUS41 KOKX 250621,nhigh: first final report with data,no,no,True,True,False,
2024-07-24,HIGHNY-24JUL24,HIGHNY-24JUL24-B81.5,between,81,82,nws_climatological_report_daily,1fd611f12a3bba48,yes,81.00,1.0000,81,2024-07-25T06:21:00+00:00,CDUS41 KOKX 250621,nhigh: first final report with data,yes,yes,True,True,False,
2024-07-24,HIGHNY-24JUL24,HIGHNY-24JUL24-B83.5,between,83,84,nws_climatological_report_daily,1fd611f12a3bba48,no,,0.0000,81,2024-07-25T06:21:00+00:00,CDUS41 KOKX 250621,nhigh: first final report with data,no,no,True,True,False,
2024-07-24,HIGHNY-24JUL24,HIGHNY-24JUL24-B85.5,between,85,86,nws_climatological_report_daily,1fd611f12a3bba48,no,,0.0000,81,2024-07-25T06:21:00+00:00,CDUS41 KOKX 250621,nhigh: first final report with data,no,no,True,True,False,
2024-07-24,HIGHNY-24JUL24,HIGHNY-24JUL24-T79,less,,79,nws_climatological_report_daily,1fd611f12a3bba48,no,,0.0000,81,2024-07-25T06:21:00+00:00,CDUS41 KOKX 250621,nhigh: first final report with data,no,no,True,True,False,
2024-07-24,HIGHNY-24JUL24,HIGHNY-24JUL24-T86,greater,86,,nws_climatological_report_daily,1fd611f12a3bba48,no,,0.0000,81,2024-07-25T06:21:00+00:00,CDUS41 KOKX 250621,nhigh: first final report with data,no,no,True,True,False,
2024-07-25,HIGHNY-24JUL25,HIGHNY-24JUL25-B81.5,between,81,82,nws_climatological_report_daily,1fd611f12a3bba48,no,,0.0000,83,2024-07-26T06:18:00+00:00,CDUS41 KOKX 260618,nhigh: first final report with data,no,no,True,True,False,
2024-07-25,HIGHNY-24JUL25,HIGHNY-24JUL25-B83.5,between,83,84,nws_climatological_report_daily,1fd611f12a3bba48,yes,83.00,1.0000,83,2024-07-26T06:18:00+00:00,CDUS41 KOKX 260618,nhigh: first final report with data,yes,yes,True,True,False,
2024-07-25,HIGHNY-24JUL25,HIGHNY-24JUL25-B85.5,between,85,86,nws_climatological_report_daily,1fd611f12a3bba48,no,,0.0000,83,2024-07-26T06:18:00+00:00,CDUS41 KOKX 260618,nhigh: first final report with data,no,no,True,True,False,
2024-07-25,HIGHNY-24JUL25,HIGHNY-24JUL25-B87.5,between,87,88,nws_climatological_report_daily,1fd611f12a3bba48,no,,0.0000,83,2024-07-26T06:18:00+00:00,CDUS41 KOKX 260618,nhigh: first final report with data,no,no,True,True,False,
2024-07-25,HIGHNY-24JUL25,HIGHNY-24JUL25-T81,less,,81,nws_climatological_report_daily,1fd611f12a3bba48,no,,0.0000,83,2024-07-26T06:18:00+00:00,CDUS41 KOKX 260618,nhigh: first final report with data,no,no,True,True,False,
2024-07-25,HIGHNY-24JUL25,HIGHNY-24JUL25-T88,greater,88,,nws_climatological_report_daily,1fd611f12a3bba48,no,,0.0000,83,2024-07-26T06:18:00+00:00,CDUS41 KOKX 260618,nhigh: first final report with data,no,no,True,True,False,
2024-07-26,HIGHNY-24JUL26,HIGHNY-24JUL26-B81.5,between,81,82,nws_climatological_report_daily,1fd611f12a3bba48,no,,0.0000,84,2024-07-27T06:17:00+00:00,CDUS41 KOKX 270617,nhigh: first final report with data,no,no,True,True,False,
2024-07-26,HIGHNY-24JUL26,HIGHNY-24JUL26-B83.5,between,83,84,nws_climatological_report_daily,1fd611f12a3bba48,yes,84.00,1.0000,84,2024-07-27T06:17:00+00:00,CDUS41 KOKX 270617,nhigh: first final report with data,yes,yes,True,True,False,
2024-07-26,HIGHNY-24JUL26,HIGHNY-24JUL26-B85.5,between,85,86,nws_climatological_report_daily,1fd611f12a3bba48,no,,0.0000,84,2024-07-27T06:17:00+00:00,CDUS41 KOKX 270617,nhigh: first final report with data,no,no,True,True,False,
2024-07-26,HIGHNY-24JUL26,HIGHNY-24JUL26-B87.5,between,87,88,nws_climatological_report_daily,1fd611f12a3bba48,no,,0.0000,84,2024-07-27T06:17:00+00:00,CDUS41 KOKX 270617,nhigh: first final report with data,no,no,True,True,False,
2024-07-26,HIGHNY-24JUL26,HIGHNY-24JUL26-T81,less,,81,nws_climatological_report_daily,1fd611f12a3bba48,no,,0.0000,84,2024-07-27T06:17:00+00:00,CDUS41 KOKX 270617,nhigh: first final report with data,no,no,True,True,False,
2024-07-26,HIGHNY-24JUL26,HIGHNY-24JUL26-T88,greater,88,,nws_climatological_report_daily,1fd611f12a3bba48,no,,0.0000,84,2024-07-27T06:17:00+00:00,CDUS41 KOKX 270617,nhigh: first final report with data,no,no,True,True,False,
2024-07-27,HIGHNY-24JUL27,HIGHNY-24JUL27-B83.5,between,83,84,nws_climatological_report_daily,1fd611f12a3bba48,no,,0.0000,87,2024-07-28T06:17:00+00:00,CDUS41 KOKX 280617,nhigh: first final report with data,no,no,True,True,False,
2024-07-27,HIGHNY-24JUL27,HIGHNY-24JUL27-B85.5,between,85,86,nws_climatological_report_daily,1fd611f12a3bba48,no,,0.0000,87,2024-07-28T06:17:00+00:00,CDUS41 KOKX 280617,nhigh: first final report with data,no,no,True,True,False,
2024-07-27,HIGHNY-24JUL27,HIGHNY-24JUL27-B87.5,between,87,88,nws_climatological_report_daily,1fd611f12a3bba48,yes,87.00,1.0000,87,2024-07-28T06:17:00+00:00,CDUS41 KOKX 280617,nhigh: first final report with data,yes,yes,True,True,False,
2024-07-27,HIGHNY-24JUL27,HIGHNY-24JUL27-B89.5,between,89,90,nws_climatological_report_daily,1fd611f12a3bba48,no,,0.0000,87,2024-07-28T06:17:00+00:00,CDUS41 KOKX 280617,nhigh: first final report with data,no,no,True,True,False,
2024-07-27,HIGHNY-24JUL27,HIGHNY-24JUL27-T83,less,,83,nws_climatological_report_daily,1fd611f12a3bba48,no,,0.0000,87,2024-07-28T06:17:00+00:00,CDUS41 KOKX 280617,nhigh: first final report with data,no,no,True,True,False,
2024-07-27,HIGHNY-24JUL27,HIGHNY-24JUL27-T90,greater,90,,nws_climatological_report_daily,1fd611f12a3bba48,no,,0.0000,87,2024-07-28T06:17:00+00:00,CDUS41 KOKX 280617,nhigh: first final report with data,no,no,True,True,False,
2024-07-28,HIGHNY-24JUL28,HIGHNY-24JUL28-B82.5,between,82,83,nws_climatological_report_daily,1fd611f12a3bba48,no,,0.0000,89,2024-07-29T06:16:00+00:00,CDUS41 KOKX 290616,nhigh: first final report with data,no,no,True,True,False,
2024-07-28,HIGHNY-24JUL28,HIGHNY-24JUL28-B84.5,between,84,85,nws_climatological_report_daily,1fd611f12a3bba48,no,,0.0000,89,2024-07-29T06:16:00+00:00,CDUS41 KOKX 290616,nhigh: first final report with data,no,no,True,True,False,
2024-07-28,HIGHNY-24JUL28,HIGHNY-24JUL28-B86.5,between,86,87,nws_climatological_report_daily,1fd611f12a3bba48,no,,0.0000,89,2024-07-29T06:16:00+00:00,CDUS41 KOKX 290616,nhigh: first final report with data,no,no,True,True,False,
2024-07-28,HIGHNY-24JUL28,HIGHNY-24JUL28-B88.5,between,88,89,nws_climatological_report_daily,1fd611f12a3bba48,yes,89.00,1.0000,89,2024-07-29T06:16:00+00:00,CDUS41 KOKX 290616,nhigh: first final report with data,yes,yes,True,True,False,
2024-07-28,HIGHNY-24JUL28,HIGHNY-24JUL28-T82,less,,82,nws_climatological_report_daily,1fd611f12a3bba48,no,,0.0000,89,2024-07-29T06:16:00+00:00,CDUS41 KOKX 290616,nhigh: first final report with data,no,no,True,True,False,
2024-07-28,HIGHNY-24JUL28,HIGHNY-24JUL28-T89,greater,89,,nws_climatological_report_daily,1fd611f12a3bba48,no,,0.0000,89,2024-07-29T06:16:00+00:00,CDUS41 KOKX 290616,nhigh: first final report with data,no,no,True,True,False,
2024-07-29,HIGHNY-24JUL29,HIGHNY-24JUL29-B80.5,between,80,81,nws_climatological_report_daily,1fd611f12a3bba48,no,,0.0000,84,2024-07-30T06:16:00+00:00,CDUS41 KOKX 300616,nhigh: first final report with data,no,no,True,True,False,
2024-07-29,HIGHNY-24JUL29,HIGHNY-24JUL29-B82.5,between,82,83,nws_climatological_report_daily,1fd611f12a3bba48,no,,0.0000,84,2024-07-30T06:16:00+00:00,CDUS41 KOKX 300616,nhigh: first final report with data,no,no,True,True,False,
2024-07-29,HIGHNY-24JUL29,HIGHNY-24JUL29-B84.5,between,84,85,nws_climatological_report_daily,1fd611f12a3bba48,yes,84.00,1.0000,84,2024-07-30T06:16:00+00:00,CDUS41 KOKX 300616,nhigh: first final report with data,yes,yes,True,True,False,
2024-07-29,HIGHNY-24JUL29,HIGHNY-24JUL29-B86.5,between,86,87,nws_climatological_report_daily,1fd611f12a3bba48,no,,0.0000,84,2024-07-30T06:16:00+00:00,CDUS41 KOKX 300616,nhigh: first final report with data,no,no,True,True,False,
2024-07-29,HIGHNY-24JUL29,HIGHNY-24JUL29-T80,less,,80,nws_climatological_report_daily,1fd611f12a3bba48,no,,0.0000,84,2024-07-30T06:16:00+00:00,CDUS41 KOKX 300616,nhigh: first final report with data,no,no,True,True,False,
2024-07-29,HIGHNY-24JUL29,HIGHNY-24JUL29-T87,greater,87,,nws_climatological_report_daily,1fd611f12a3bba48,no,,0.0000,84,2024-07-30T06:16:00+00:00,CDUS41 KOKX 300616,nhigh: first final report with data,no,no,True,True,False,
2024-07-30,HIGHNY-24JUL30,HIGHNY-24JUL30-B81.5,between,81,82,nws_climatological_report_daily,1fd611f12a3bba48,no,,0.0000,88,2024-07-31T06:20:00+00:00,CDUS41 KOKX 310620,nhigh: first final report with data,no,no,True,True,False,
2024-07-30,HIGHNY-24JUL30,HIGHNY-24JUL30-B83.5,between,83,84,nws_climatological_report_daily,1fd611f12a3bba48,no,,0.0000,88,2024-07-31T06:20:00+00:00,CDUS41 KOKX 310620,nhigh: first final report with data,no,no,True,True,False,
2024-07-30,HIGHNY-24JUL30,HIGHNY-24JUL30-B85.5,between,85,86,nws_climatological_report_daily,1fd611f12a3bba48,no,,0.0000,88,2024-07-31T06:20:00+00:00,CDUS41 KOKX 310620,nhigh: first final report with data,no,no,True,True,False,
2024-07-30,HIGHNY-24JUL30,HIGHNY-24JUL30-B87.5,between,87,88,nws_climatological_report_daily,1fd611f12a3bba48,yes,88.00,1.0000,88,2024-07-31T06:20:00+00:00,CDUS41 KOKX 310620,nhigh: first final report with data,yes,yes,True,True,False,
2024-07-30,HIGHNY-24JUL30,HIGHNY-24JUL30-T81,less,,81,nws_climatological_report_daily,1fd611f12a3bba48,no,,0.0000,88,2024-07-31T06:20:00+00:00,CDUS41 KOKX 310620,nhigh: first final report with data,no,no,True,True,False,
2024-07-30,HIGHNY-24JUL30,HIGHNY-24JUL30-T88,greater,88,,nws_climatological_report_daily,1fd611f12a3bba48,no,,0.0000,88,2024-07-31T06:20:00+00:00,CDUS41 KOKX 310620,nhigh: first final report with data,no,no,True,True,False,
2024-07-31,HIGHNY-24JUL31,HIGHNY-24JUL31-B84.5,between,84,85,nws_climatological_report_daily,1fd611f12a3bba48,no,,0.0000,89,2024-08-01T06:23:00+00:00,CDUS41 KOKX 010623,nhigh: first final report with data,no,no,True,True,False,
2024-07-31,HIGHNY-24JUL31,HIGHNY-24JUL31-B86.5,between,86,87,nws_climatological_report_daily,1fd611f12a3bba48,no,,0.0000,89,2024-08-01T06:23:00+00:00,CDUS41 KOKX 010623,nhigh: first final report with data,no,no,True,True,False,
2024-07-31,HIGHNY-24JUL31,HIGHNY-24JUL31-B88.5,between,88,89,nws_climatological_report_daily,1fd611f12a3bba48,yes,89.00,1.0000,89,2024-08-01T06:23:00+00:00,CDUS41 KOKX 010623,nhigh: first final report with data,yes,yes,True,True,False,
2024-07-31,HIGHNY-24JUL31,HIGHNY-24JUL31-B90.5,between,90,91,nws_climatological_report_daily,1fd611f12a3bba48,no,,0.0000,89,2024-08-01T06:23:00+00:00,CDUS41 KOKX 010623,nhigh: first final report with data,no,no,True,True,False,
2024-07-31,HIGHNY-24JUL31,HIGHNY-24JUL31-T84,less,,84,nws_climatological_report_daily,1fd611f12a3bba48,no,,0.0000,89,2024-08-01T06:23:00+00:00,CDUS41 KOKX 010623,nhigh: first final report with data,no,no,True,True,False,
2024-07-31,HIGHNY-24JUL31,HIGHNY-24JUL31-T91,greater,91,,nws_climatological_report_daily,1fd611f12a3bba48,no,,0.0000,89,2024-08-01T06:23:00+00:00,CDUS41 KOKX 010623,nhigh: first final report with data,no,no,True,True,False,
2024-08-01,HIGHNY-24AUG01,HIGHNY-24AUG01-B89.5,between,89,90,nws_climatological_report_daily,1fd611f12a3bba48,no,,0.0000,95,2024-08-02T06:21:00+00:00,CDUS41 KOKX 020621,nhigh: first final report with data,no,no,True,True,False,
2024-08-01,HIGHNY-24AUG01,HIGHNY-24AUG01-B91.5,between,91,92,nws_climatological_report_daily,1fd611f12a3bba48,no,,0.0000,95,2024-08-02T06:21:00+00:00,CDUS41 KOKX 020621,nhigh: first final report with data,no,no,True,True,False,
2024-08-01,HIGHNY-24AUG01,HIGHNY-24AUG01-B93.5,between,93,94,nws_climatological_report_daily,1fd611f12a3bba48,no,,0.0000,95,2024-08-02T06:21:00+00:00,CDUS41 KOKX 020621,nhigh: first final report with data,no,no,True,True,False,
2024-08-01,HIGHNY-24AUG01,HIGHNY-24AUG01-B95.5,between,95,96,nws_climatological_report_daily,1fd611f12a3bba48,yes,95.00,1.0000,95,2024-08-02T06:21:00+00:00,CDUS41 KOKX 020621,nhigh: first final report with data,yes,yes,True,True,False,
2024-08-01,HIGHNY-24AUG01,HIGHNY-24AUG01-T89,less,,89,nws_climatological_report_daily,1fd611f12a3bba48,no,,0.0000,95,2024-08-02T06:21:00+00:00,CDUS41 KOKX 020621,nhigh: first final report with data,no,no,True,True,False,
2024-08-01,HIGHNY-24AUG01,HIGHNY-24AUG01-T96,greater,96,,nws_climatological_report_daily,1fd611f12a3bba48,no,,0.0000,95,2024-08-02T06:21:00+00:00,CDUS41 KOKX 020621,nhigh: first final report with data,no,no,True,True,False,
2024-08-02,HIGHNY-24AUG02,HIGHNY-24AUG02-B86.5,between,86,87,nws_climatological_report_daily,1fd611f12a3bba48,no,,0.0000,92,2024-08-03T07:18:00+00:00,CDUS41 KOKX 030718,nhigh: first final report with data,no,no,True,True,False,
2024-08-02,HIGHNY-24AUG02,HIGHNY-24AUG02-B88.5,between,88,89,nws_climatological_report_daily,1fd611f12a3bba48,no,,0.0000,92,2024-08-03T07:18:00+00:00,CDUS41 KOKX 030718,nhigh: first final report with data,no,no,True,True,False,
2024-08-02,HIGHNY-24AUG02,HIGHNY-24AUG02-B90.5,between,90,91,nws_climatological_report_daily,1fd611f12a3bba48,no,,0.0000,92,2024-08-03T07:18:00+00:00,CDUS41 KOKX 030718,nhigh: first final report with data,no,no,True,True,False,
2024-08-02,HIGHNY-24AUG02,HIGHNY-24AUG02-B92.5,between,92,93,nws_climatological_report_daily,1fd611f12a3bba48,yes,92.00,1.0000,92,2024-08-03T07:18:00+00:00,CDUS41 KOKX 030718,nhigh: first final report with data,yes,yes,True,True,False,
2024-08-02,HIGHNY-24AUG02,HIGHNY-24AUG02-T86,less,,86,nws_climatological_report_daily,1fd611f12a3bba48,no,,0.0000,92,2024-08-03T07:18:00+00:00,CDUS41 KOKX 030718,nhigh: first final report with data,no,no,True,True,False,
2024-08-02,HIGHNY-24AUG02,HIGHNY-24AUG02-T93,greater,93,,nws_climatological_report_daily,1fd611f12a3bba48,no,,0.0000,92,2024-08-03T07:18:00+00:00,CDUS41 KOKX 030718,nhigh: first final report with data,no,no,True,True,False,
2024-08-03,HIGHNY-24AUG03,HIGHNY-24AUG03-B84.5,between,84,85,nws_climatological_report_daily,1fd611f12a3bba48,no,,0.0000,93,2024-08-04T06:16:00+00:00,CDUS41 KOKX 040616,nhigh: first final report with data,no,no,True,True,False,
2024-08-03,HIGHNY-24AUG03,HIGHNY-24AUG03-B86.5,between,86,87,nws_climatological_report_daily,1fd611f12a3bba48,no,,0.0000,93,2024-08-04T06:16:00+00:00,CDUS41 KOKX 040616,nhigh: first final report with data,no,no,True,True,False,
2024-08-03,HIGHNY-24AUG03,HIGHNY-24AUG03-B88.5,between,88,89,nws_climatological_report_daily,1fd611f12a3bba48,no,,0.0000,93,2024-08-04T06:16:00+00:00,CDUS41 KOKX 040616,nhigh: first final report with data,no,no,True,True,False,
2024-08-03,HIGHNY-24AUG03,HIGHNY-24AUG03-B90.5,between,90,91,nws_climatological_report_daily,1fd611f12a3bba48,no,,0.0000,93,2024-08-04T06:16:00+00:00,CDUS41 KOKX 040616,nhigh: first final report with data,no,no,True,True,False,
2024-08-03,HIGHNY-24AUG03,HIGHNY-24AUG03-T84,less,,84,nws_climatological_report_daily,1fd611f12a3bba48,no,,0.0000,93,2024-08-04T06:16:00+00:00,CDUS41 KOKX 040616,nhigh: first final report with data,no,no,True,True,False,
2024-08-03,HIGHNY-24AUG03,HIGHNY-24AUG03-T91,greater,91,,nws_climatological_report_daily,1fd611f12a3bba48,yes,93.00,1.0000,93,2024-08-04T06:16:00+00:00,CDUS41 KOKX 040616,nhigh: first final report with data,yes,yes,True,True,False,
2024-08-04,HIGHNY-24AUG04,HIGHNY-24AUG04-B78.5,between,78,79,nws_climatological_report_daily,1fd611f12a3bba48,no,,0.0000,83,2024-08-05T06:42:00+00:00,CDUS41 KOKX 050642,nhigh: first final report with data,no,no,True,True,False,
2024-08-04,HIGHNY-24AUG04,HIGHNY-24AUG04-B80.5,between,80,81,nws_climatological_report_daily,1fd611f12a3bba48,no,,0.0000,83,2024-08-05T06:42:00+00:00,CDUS41 KOKX 050642,nhigh: first final report with data,no,no,True,True,False,
2024-08-04,HIGHNY-24AUG04,HIGHNY-24AUG04-B82.5,between,82,83,nws_climatological_report_daily,1fd611f12a3bba48,yes,83.00,1.0000,83,2024-08-05T06:42:00+00:00,CDUS41 KOKX 050642,nhigh: first final report with data,yes,yes,True,True,False,
2024-08-04,HIGHNY-24AUG04,HIGHNY-24AUG04-B84.5,between,84,85,nws_climatological_report_daily,1fd611f12a3bba48,no,,0.0000,83,2024-08-05T06:42:00+00:00,CDUS41 KOKX 050642,nhigh: first final report with data,no,no,True,True,False,
2024-08-04,HIGHNY-24AUG04,HIGHNY-24AUG04-T78,less,,78,nws_climatological_report_daily,1fd611f12a3bba48,no,,0.0000,83,2024-08-05T06:42:00+00:00,CDUS41 KOKX 050642,nhigh: first final report with data,no,no,True,True,False,
2024-08-04,HIGHNY-24AUG04,HIGHNY-24AUG04-T85,greater,85,,nws_climatological_report_daily,1fd611f12a3bba48,no,,0.0000,83,2024-08-05T06:42:00+00:00,CDUS41 KOKX 050642,nhigh: first final report with data,no,no,True,True,False,
2024-08-05,HIGHNY-24AUG05,HIGHNY-24AUG05-B88.5,between,88,89,nws_climatological_report_daily,1fd611f12a3bba48,no,,0.0000,90,2024-08-06T06:34:00+00:00,CDUS41 KOKX 060634,nhigh: first final report with data,no,no,True,True,False,
2024-08-05,HIGHNY-24AUG05,HIGHNY-24AUG05-B90.5,between,90,91,nws_climatological_report_daily,1fd611f12a3bba48,yes,90.00,1.0000,90,2024-08-06T06:34:00+00:00,CDUS41 KOKX 060634,nhigh: first final report with data,yes,yes,True,True,False,
2024-08-05,HIGHNY-24AUG05,HIGHNY-24AUG05-B92.5,between,92,93,nws_climatological_report_daily,1fd611f12a3bba48,no,,0.0000,90,2024-08-06T06:34:00+00:00,CDUS41 KOKX 060634,nhigh: first final report with data,no,no,True,True,False,
2024-08-05,HIGHNY-24AUG05,HIGHNY-24AUG05-B94.5,between,94,95,nws_climatological_report_daily,1fd611f12a3bba48,no,,0.0000,90,2024-08-06T06:34:00+00:00,CDUS41 KOKX 060634,nhigh: first final report with data,no,no,True,True,False,
2024-08-05,HIGHNY-24AUG05,HIGHNY-24AUG05-T88,less,,88,nws_climatological_report_daily,1fd611f12a3bba48,no,,0.0000,90,2024-08-06T06:34:00+00:00,CDUS41 KOKX 060634,nhigh: first final report with data,no,no,True,True,False,
2024-08-05,HIGHNY-24AUG05,HIGHNY-24AUG05-T95,greater,95,,nws_climatological_report_daily,1fd611f12a3bba48,no,,0.0000,90,2024-08-06T06:34:00+00:00,CDUS41 KOKX 060634,nhigh: first final report with data,no,no,True,True,False,
2024-08-06,HIGHNY-24AUG06,HIGHNY-24AUG06-B79.5,between,79,80,nws_climatological_report_daily,1fd611f12a3bba48,no,,0.0000,90,2024-08-07T06:35:00+00:00,CDUS41 KOKX 070635,nhigh: first final report with data,no,no,True,True,False,
2024-08-06,HIGHNY-24AUG06,HIGHNY-24AUG06-B81.5,between,81,82,nws_climatological_report_daily,1fd611f12a3bba48,no,,0.0000,90,2024-08-07T06:35:00+00:00,CDUS41 KOKX 070635,nhigh: first final report with data,no,no,True,True,False,
2024-08-06,HIGHNY-24AUG06,HIGHNY-24AUG06-B83.5,between,83,84,nws_climatological_report_daily,1fd611f12a3bba48,no,,0.0000,90,2024-08-07T06:35:00+00:00,CDUS41 KOKX 070635,nhigh: first final report with data,no,no,True,True,False,
2024-08-06,HIGHNY-24AUG06,HIGHNY-24AUG06-B85.5,between,85,86,nws_climatological_report_daily,1fd611f12a3bba48,no,,0.0000,90,2024-08-07T06:35:00+00:00,CDUS41 KOKX 070635,nhigh: first final report with data,no,no,True,True,False,
2024-08-06,HIGHNY-24AUG06,HIGHNY-24AUG06-T79,less,,79,nws_climatological_report_daily,1fd611f12a3bba48,no,,0.0000,90,2024-08-07T06:35:00+00:00,CDUS41 KOKX 070635,nhigh: first final report with data,no,no,True,True,False,
2024-08-06,HIGHNY-24AUG06,HIGHNY-24AUG06-T86,greater,86,,nws_climatological_report_daily,1fd611f12a3bba48,yes,90.00,1.0000,90,2024-08-07T06:35:00+00:00,CDUS41 KOKX 070635,nhigh: first final report with data,yes,yes,True,True,False,
2024-08-07,HIGHNY-24AUG07,HIGHNY-24AUG07-B68.5,between,68,69,nws_climatological_report_daily,1fd611f12a3bba48,no,,0.0000,72,2024-08-08T06:29:00+00:00,CDUS41 KOKX 080629,nhigh: first final report with data,no,no,True,True,False,
2024-08-07,HIGHNY-24AUG07,HIGHNY-24AUG07-B70.5,between,70,71,nws_climatological_report_daily,1fd611f12a3bba48,no,,0.0000,72,2024-08-08T06:29:00+00:00,CDUS41 KOKX 080629,nhigh: first final report with data,no,no,True,True,False,
2024-08-07,HIGHNY-24AUG07,HIGHNY-24AUG07-B72.5,between,72,73,nws_climatological_report_daily,1fd611f12a3bba48,yes,72.00,1.0000,72,2024-08-08T06:29:00+00:00,CDUS41 KOKX 080629,nhigh: first final report with data,yes,yes,True,True,False,
2024-08-07,HIGHNY-24AUG07,HIGHNY-24AUG07-B74.5,between,74,75,nws_climatological_report_daily,1fd611f12a3bba48,no,,0.0000,72,2024-08-08T06:29:00+00:00,CDUS41 KOKX 080629,nhigh: first final report with data,no,no,True,True,False,
2024-08-07,HIGHNY-24AUG07,HIGHNY-24AUG07-T68,less,,68,nws_climatological_report_daily,1fd611f12a3bba48,no,,0.0000,72,2024-08-08T06:29:00+00:00,CDUS41 KOKX 080629,nhigh: first final report with data,no,no,True,True,False,
2024-08-07,HIGHNY-24AUG07,HIGHNY-24AUG07-T75,greater,75,,nws_climatological_report_daily,1fd611f12a3bba48,no,,0.0000,72,2024-08-08T06:29:00+00:00,CDUS41 KOKX 080629,nhigh: first final report with data,no,no,True,True,False,
2024-08-08,HIGHNY-24AUG08,HIGHNY-24AUG08-B70.5,between,70,71,nws_climatological_report_daily,1fd611f12a3bba48,yes,70.00,1.0000,70,2024-08-09T06:19:00+00:00,CDUS41 KOKX 090619,nhigh: first final report with data,yes,yes,True,True,False,
2024-08-08,HIGHNY-24AUG08,HIGHNY-24AUG08-B72.5,between,72,73,nws_climatological_report_daily,1fd611f12a3bba48,no,,0.0000,70,2024-08-09T06:19:00+00:00,CDUS41 KOKX 090619,nhigh: first final report with data,no,no,True,True,False,
2024-08-08,HIGHNY-24AUG08,HIGHNY-24AUG08-B74.5,between,74,75,nws_climatological_report_daily,1fd611f12a3bba48,no,,0.0000,70,2024-08-09T06:19:00+00:00,CDUS41 KOKX 090619,nhigh: first final report with data,no,no,True,True,False,
2024-08-08,HIGHNY-24AUG08,HIGHNY-24AUG08-B76.5,between,76,77,nws_climatological_report_daily,1fd611f12a3bba48,no,,0.0000,70,2024-08-09T06:19:00+00:00,CDUS41 KOKX 090619,nhigh: first final report with data,no,no,True,True,False,
2024-08-08,HIGHNY-24AUG08,HIGHNY-24AUG08-T70,less,,70,nws_climatological_report_daily,1fd611f12a3bba48,no,,0.0000,70,2024-08-09T06:19:00+00:00,CDUS41 KOKX 090619,nhigh: first final report with data,no,no,True,True,False,
2024-08-08,HIGHNY-24AUG08,HIGHNY-24AUG08-T77,greater,77,,nws_climatological_report_daily,1fd611f12a3bba48,no,,0.0000,70,2024-08-09T06:19:00+00:00,CDUS41 KOKX 090619,nhigh: first final report with data,no,no,True,True,False,
2024-08-09,HIGHNY-24AUG09,HIGHNY-24AUG09-B78.5,between,78,79,nws_climatological_report_daily,1fd611f12a3bba48,no,,0.0000,80,2024-08-10T06:16:00+00:00,CDUS41 KOKX 100616,nhigh: first final report with data,no,no,True,True,False,
2024-08-09,HIGHNY-24AUG09,HIGHNY-24AUG09-B80.5,between,80,81,nws_climatological_report_daily,1fd611f12a3bba48,yes,80.00,1.0000,80,2024-08-10T06:16:00+00:00,CDUS41 KOKX 100616,nhigh: first final report with data,yes,yes,True,True,False,
2024-08-09,HIGHNY-24AUG09,HIGHNY-24AUG09-B82.5,between,82,83,nws_climatological_report_daily,1fd611f12a3bba48,no,,0.0000,80,2024-08-10T06:16:00+00:00,CDUS41 KOKX 100616,nhigh: first final report with data,no,no,True,True,False,
2024-08-09,HIGHNY-24AUG09,HIGHNY-24AUG09-B84.5,between,84,85,nws_climatological_report_daily,1fd611f12a3bba48,no,,0.0000,80,2024-08-10T06:16:00+00:00,CDUS41 KOKX 100616,nhigh: first final report with data,no,no,True,True,False,
2024-08-09,HIGHNY-24AUG09,HIGHNY-24AUG09-T78,less,,78,nws_climatological_report_daily,1fd611f12a3bba48,no,,0.0000,80,2024-08-10T06:16:00+00:00,CDUS41 KOKX 100616,nhigh: first final report with data,no,no,True,True,False,
2024-08-09,HIGHNY-24AUG09,HIGHNY-24AUG09-T85,greater,85,,nws_climatological_report_daily,1fd611f12a3bba48,no,,0.0000,80,2024-08-10T06:16:00+00:00,CDUS41 KOKX 100616,nhigh: first final report with data,no,no,True,True,False,
2024-08-10,HIGHNY-24AUG10,HIGHNY-24AUG10-B83.5,between,83,84,nws_climatological_report_daily,1fd611f12a3bba48,no,,0.0000,85,2024-08-11T06:17:00+00:00,CDUS41 KOKX 110617,nhigh: first final report with data,no,no,True,True,False,
2024-08-10,HIGHNY-24AUG10,HIGHNY-24AUG10-B85.5,between,85,86,nws_climatological_report_daily,1fd611f12a3bba48,yes,85.00,1.0000,85,2024-08-11T06:17:00+00:00,CDUS41 KOKX 110617,nhigh: first final report with data,yes,yes,True,True,False,
2024-08-10,HIGHNY-24AUG10,HIGHNY-24AUG10-B87.5,between,87,88,nws_climatological_report_daily,1fd611f12a3bba48,no,,0.0000,85,2024-08-11T06:17:00+00:00,CDUS41 KOKX 110617,nhigh: first final report with data,no,no,True,True,False,
2024-08-10,HIGHNY-24AUG10,HIGHNY-24AUG10-B89.5,between,89,90,nws_climatological_report_daily,1fd611f12a3bba48,no,,0.0000,85,2024-08-11T06:17:00+00:00,CDUS41 KOKX 110617,nhigh: first final report with data,no,no,True,True,False,
2024-08-10,HIGHNY-24AUG10,HIGHNY-24AUG10-T83,less,,83,nws_climatological_report_daily,1fd611f12a3bba48,no,,0.0000,85,2024-08-11T06:17:00+00:00,CDUS41 KOKX 110617,nhigh: first final report with data,no,no,True,True,False,
2024-08-10,HIGHNY-24AUG10,HIGHNY-24AUG10-T90,greater,90,,nws_climatological_report_daily,1fd611f12a3bba48,no,,0.0000,85,2024-08-11T06:17:00+00:00,CDUS41 KOKX 110617,nhigh: first final report with data,no,no,True,True,False,
2024-08-11,HIGHNY-24AUG11,HIGHNY-24AUG11-B79.5,between,79,80,nws_climatological_report_daily,1fd611f12a3bba48,yes,80.00,1.0000,80,2024-08-12T06:26:00+00:00,CDUS41 KOKX 120626,nhigh: first final report with data,yes,yes,True,True,False,
2024-08-11,HIGHNY-24AUG11,HIGHNY-24AUG11-B81.5,between,81,82,nws_climatological_report_daily,1fd611f12a3bba48,no,,0.0000,80,2024-08-12T06:26:00+00:00,CDUS41 KOKX 120626,nhigh: first final report with data,no,no,True,True,False,
2024-08-11,HIGHNY-24AUG11,HIGHNY-24AUG11-B83.5,between,83,84,nws_climatological_report_daily,1fd611f12a3bba48,no,,0.0000,80,2024-08-12T06:26:00+00:00,CDUS41 KOKX 120626,nhigh: first final report with data,no,no,True,True,False,
2024-08-11,HIGHNY-24AUG11,HIGHNY-24AUG11-B85.5,between,85,86,nws_climatological_report_daily,1fd611f12a3bba48,no,,0.0000,80,2024-08-12T06:26:00+00:00,CDUS41 KOKX 120626,nhigh: first final report with data,no,no,True,True,False,
2024-08-11,HIGHNY-24AUG11,HIGHNY-24AUG11-T79,less,,79,nws_climatological_report_daily,1fd611f12a3bba48,no,,0.0000,80,2024-08-12T06:26:00+00:00,CDUS41 KOKX 120626,nhigh: first final report with data,no,no,True,True,False,
2024-08-11,HIGHNY-24AUG11,HIGHNY-24AUG11-T86,greater,86,,nws_climatological_report_daily,1fd611f12a3bba48,no,,0.0000,80,2024-08-12T06:26:00+00:00,CDUS41 KOKX 120626,nhigh: first final report with data,no,no,True,True,False,
2024-08-12,HIGHNY-24AUG12,HIGHNY-24AUG12-B77.5,between,77,78,nws_climatological_report_daily,1fd611f12a3bba48,no,,0.0000,81,2024-08-13T06:17:00+00:00,CDUS41 KOKX 130617,nhigh: first final report with data,no,no,True,True,False,
2024-08-12,HIGHNY-24AUG12,HIGHNY-24AUG12-B79.5,between,79,80,nws_climatological_report_daily,1fd611f12a3bba48,no,,0.0000,81,2024-08-13T06:17:00+00:00,CDUS41 KOKX 130617,nhigh: first final report with data,no,no,True,True,False,
2024-08-12,HIGHNY-24AUG12,HIGHNY-24AUG12-B81.5,between,81,82,nws_climatological_report_daily,1fd611f12a3bba48,yes,81.00,1.0000,81,2024-08-13T06:17:00+00:00,CDUS41 KOKX 130617,nhigh: first final report with data,yes,yes,True,True,False,
2024-08-12,HIGHNY-24AUG12,HIGHNY-24AUG12-B83.5,between,83,84,nws_climatological_report_daily,1fd611f12a3bba48,no,,0.0000,81,2024-08-13T06:17:00+00:00,CDUS41 KOKX 130617,nhigh: first final report with data,no,no,True,True,False,
2024-08-12,HIGHNY-24AUG12,HIGHNY-24AUG12-T77,less,,77,nws_climatological_report_daily,1fd611f12a3bba48,no,,0.0000,81,2024-08-13T06:17:00+00:00,CDUS41 KOKX 130617,nhigh: first final report with data,no,no,True,True,False,
2024-08-12,HIGHNY-24AUG12,HIGHNY-24AUG12-T84,greater,84,,nws_climatological_report_daily,1fd611f12a3bba48,no,,0.0000,81,2024-08-13T06:17:00+00:00,CDUS41 KOKX 130617,nhigh: first final report with data,no,no,True,True,False,
2024-08-13,HIGHNY-24AUG13,HIGHNY-24AUG13-B77.5,between,77,78,nws_climatological_report_daily,1fd611f12a3bba48,no,,0.0000,81,2024-08-14T06:16:00+00:00,CDUS41 KOKX 140616,nhigh: first final report with data,no,no,True,True,False,
2024-08-13,HIGHNY-24AUG13,HIGHNY-24AUG13-B79.5,between,79,80,nws_climatological_report_daily,1fd611f12a3bba48,no,,0.0000,81,2024-08-14T06:16:00+00:00,CDUS41 KOKX 140616,nhigh: first final report with data,no,no,True,True,False,
2024-08-13,HIGHNY-24AUG13,HIGHNY-24AUG13-B81.5,between,81,82,nws_climatological_report_daily,1fd611f12a3bba48,yes,81.00,1.0000,81,2024-08-14T06:16:00+00:00,CDUS41 KOKX 140616,nhigh: first final report with data,yes,yes,True,True,False,
2024-08-13,HIGHNY-24AUG13,HIGHNY-24AUG13-B83.5,between,83,84,nws_climatological_report_daily,1fd611f12a3bba48,no,,0.0000,81,2024-08-14T06:16:00+00:00,CDUS41 KOKX 140616,nhigh: first final report with data,no,no,True,True,False,
2024-08-13,HIGHNY-24AUG13,HIGHNY-24AUG13-T77,less,,77,nws_climatological_report_daily,1fd611f12a3bba48,no,,0.0000,81,2024-08-14T06:16:00+00:00,CDUS41 KOKX 140616,nhigh: first final report with data,no,no,True,True,False,
2024-08-13,HIGHNY-24AUG13,HIGHNY-24AUG13-T84,greater,84,,nws_climatological_report_daily,1fd611f12a3bba48,no,,0.0000,81,2024-08-14T06:16:00+00:00,CDUS41 KOKX 140616,nhigh: first final report with data,no,no,True,True,False,
2024-08-14,HIGHNY-24AUG14,HIGHNY-24AUG14-B81.5,between,81,82,nws_climatological_report_daily,1fd611f12a3bba48,no,,0.0000,85,2024-08-15T06:16:00+00:00,CDUS41 KOKX 150616,nhigh: first final report with data,no,no,True,True,False,
2024-08-14,HIGHNY-24AUG14,HIGHNY-24AUG14-B83.5,between,83,84,nws_climatological_report_daily,1fd611f12a3bba48,no,,0.0000,85,2024-08-15T06:16:00+00:00,CDUS41 KOKX 150616,nhigh: first final report with data,no,no,True,True,False,
2024-08-14,HIGHNY-24AUG14,HIGHNY-24AUG14-B85.5,between,85,86,nws_climatological_report_daily,1fd611f12a3bba48,yes,85.00,1.0000,85,2024-08-15T06:16:00+00:00,CDUS41 KOKX 150616,nhigh: first final report with data,yes,yes,True,True,False,
2024-08-14,HIGHNY-24AUG14,HIGHNY-24AUG14-B87.5,between,87,88,nws_climatological_report_daily,1fd611f12a3bba48,no,,0.0000,85,2024-08-15T06:16:00+00:00,CDUS41 KOKX 150616,nhigh: first final report with data,no,no,True,True,False,
2024-08-14,HIGHNY-24AUG14,HIGHNY-24AUG14-T81,less,,81,nws_climatological_report_daily,1fd611f12a3bba48,no,,0.0000,85,2024-08-15T06:16:00+00:00,CDUS41 KOKX 150616,nhigh: first final report with data,no,no,True,True,False,
2024-08-14,HIGHNY-24AUG14,HIGHNY-24AUG14-T88,greater,88,,nws_climatological_report_daily,1fd611f12a3bba48,no,,0.0000,85,2024-08-15T06:16:00+00:00,CDUS41 KOKX 150616,nhigh: first final report with data,no,no,True,True,False,
2024-08-15,HIGHNY-24AUG15,HIGHNY-24AUG15-B83.5,between,83,84,nws_climatological_report_daily,1fd611f12a3bba48,no,,0.0000,86,2024-08-16T06:17:00+00:00,CDUS41 KOKX 160617,nhigh: first final report with data,no,no,True,True,False,
2024-08-15,HIGHNY-24AUG15,HIGHNY-24AUG15-B85.5,between,85,86,nws_climatological_report_daily,1fd611f12a3bba48,yes,86.00,1.0000,86,2024-08-16T06:17:00+00:00,CDUS41 KOKX 160617,nhigh: first final report with data,yes,yes,True,True,False,
2024-08-15,HIGHNY-24AUG15,HIGHNY-24AUG15-B87.5,between,87,88,nws_climatological_report_daily,1fd611f12a3bba48,no,,0.0000,86,2024-08-16T06:17:00+00:00,CDUS41 KOKX 160617,nhigh: first final report with data,no,no,True,True,False,
2024-08-15,HIGHNY-24AUG15,HIGHNY-24AUG15-B89.5,between,89,90,nws_climatological_report_daily,1fd611f12a3bba48,no,,0.0000,86,2024-08-16T06:17:00+00:00,CDUS41 KOKX 160617,nhigh: first final report with data,no,no,True,True,False,
2024-08-15,HIGHNY-24AUG15,HIGHNY-24AUG15-T83,less,,83,nws_climatological_report_daily,1fd611f12a3bba48,no,,0.0000,86,2024-08-16T06:17:00+00:00,CDUS41 KOKX 160617,nhigh: first final report with data,no,no,True,True,False,
2024-08-15,HIGHNY-24AUG15,HIGHNY-24AUG15-T90,greater,90,,nws_climatological_report_daily,1fd611f12a3bba48,no,,0.0000,86,2024-08-16T06:17:00+00:00,CDUS41 KOKX 160617,nhigh: first final report with data,no,no,True,True,False,
2024-08-16,HIGHNY-24AUG16,HIGHNY-24AUG16-B84.5,between,84,85,nws_climatological_report_daily,1fd611f12a3bba48,no,,0.0000,87,2024-08-17T06:27:00+00:00,CDUS41 KOKX 170627,nhigh: first final report with data,no,no,True,True,False,
2024-08-16,HIGHNY-24AUG16,HIGHNY-24AUG16-B86.5,between,86,87,nws_climatological_report_daily,1fd611f12a3bba48,yes,87.00,1.0000,87,2024-08-17T06:27:00+00:00,CDUS41 KOKX 170627,nhigh: first final report with data,yes,yes,True,True,False,
2024-08-16,HIGHNY-24AUG16,HIGHNY-24AUG16-B88.5,between,88,89,nws_climatological_report_daily,1fd611f12a3bba48,no,,0.0000,87,2024-08-17T06:27:00+00:00,CDUS41 KOKX 170627,nhigh: first final report with data,no,no,True,True,False,
2024-08-16,HIGHNY-24AUG16,HIGHNY-24AUG16-B90.5,between,90,91,nws_climatological_report_daily,1fd611f12a3bba48,no,,0.0000,87,2024-08-17T06:27:00+00:00,CDUS41 KOKX 170627,nhigh: first final report with data,no,no,True,True,False,
2024-08-16,HIGHNY-24AUG16,HIGHNY-24AUG16-T84,less,,84,nws_climatological_report_daily,1fd611f12a3bba48,no,,0.0000,87,2024-08-17T06:27:00+00:00,CDUS41 KOKX 170627,nhigh: first final report with data,no,no,True,True,False,
2024-08-16,HIGHNY-24AUG16,HIGHNY-24AUG16-T91,greater,91,,nws_climatological_report_daily,1fd611f12a3bba48,no,,0.0000,87,2024-08-17T06:27:00+00:00,CDUS41 KOKX 170627,nhigh: first final report with data,no,no,True,True,False,
2024-08-17,HIGHNY-24AUG17,HIGHNY-24AUG17-B79.5,between,79,80,nws_climatological_report_daily,1fd611f12a3bba48,yes,79.00,1.0000,79,2024-08-18T06:16:00+00:00,CDUS41 KOKX 180616,nhigh: first final report with data,yes,yes,True,True,False,
2024-08-17,HIGHNY-24AUG17,HIGHNY-24AUG17-B81.5,between,81,82,nws_climatological_report_daily,1fd611f12a3bba48,no,,0.0000,79,2024-08-18T06:16:00+00:00,CDUS41 KOKX 180616,nhigh: first final report with data,no,no,True,True,False,
2024-08-17,HIGHNY-24AUG17,HIGHNY-24AUG17-B83.5,between,83,84,nws_climatological_report_daily,1fd611f12a3bba48,no,,0.0000,79,2024-08-18T06:16:00+00:00,CDUS41 KOKX 180616,nhigh: first final report with data,no,no,True,True,False,
2024-08-17,HIGHNY-24AUG17,HIGHNY-24AUG17-B85.5,between,85,86,nws_climatological_report_daily,1fd611f12a3bba48,no,,0.0000,79,2024-08-18T06:16:00+00:00,CDUS41 KOKX 180616,nhigh: first final report with data,no,no,True,True,False,
2024-08-17,HIGHNY-24AUG17,HIGHNY-24AUG17-T79,less,,79,nws_climatological_report_daily,1fd611f12a3bba48,no,,0.0000,79,2024-08-18T06:16:00+00:00,CDUS41 KOKX 180616,nhigh: first final report with data,no,no,True,True,False,
2024-08-17,HIGHNY-24AUG17,HIGHNY-24AUG17-T86,greater,86,,nws_climatological_report_daily,1fd611f12a3bba48,no,,0.0000,79,2024-08-18T06:16:00+00:00,CDUS41 KOKX 180616,nhigh: first final report with data,no,no,True,True,False,
2024-08-18,HIGHNY-24AUG18,HIGHNY-24AUG18-B75.5,between,75,76,nws_climatological_report_daily,1fd611f12a3bba48,no,,0.0000,81,2024-08-19T06:19:00+00:00,CDUS41 KOKX 190619,nhigh: first final report with data,no,no,True,True,False,
2024-08-18,HIGHNY-24AUG18,HIGHNY-24AUG18-B77.5,between,77,78,nws_climatological_report_daily,1fd611f12a3bba48,no,,0.0000,81,2024-08-19T06:19:00+00:00,CDUS41 KOKX 190619,nhigh: first final report with data,no,no,True,True,False,
2024-08-18,HIGHNY-24AUG18,HIGHNY-24AUG18-B79.5,between,79,80,nws_climatological_report_daily,1fd611f12a3bba48,no,,0.0000,81,2024-08-19T06:19:00+00:00,CDUS41 KOKX 190619,nhigh: first final report with data,no,no,True,True,False,
2024-08-18,HIGHNY-24AUG18,HIGHNY-24AUG18-B81.5,between,81,82,nws_climatological_report_daily,1fd611f12a3bba48,yes,81.00,1.0000,81,2024-08-19T06:19:00+00:00,CDUS41 KOKX 190619,nhigh: first final report with data,yes,yes,True,True,False,
2024-08-18,HIGHNY-24AUG18,HIGHNY-24AUG18-T75,less,,75,nws_climatological_report_daily,1fd611f12a3bba48,no,,0.0000,81,2024-08-19T06:19:00+00:00,CDUS41 KOKX 190619,nhigh: first final report with data,no,no,True,True,False,
2024-08-18,HIGHNY-24AUG18,HIGHNY-24AUG18-T82,greater,82,,nws_climatological_report_daily,1fd611f12a3bba48,no,,0.0000,81,2024-08-19T06:19:00+00:00,CDUS41 KOKX 190619,nhigh: first final report with data,no,no,True,True,False,
2024-08-19,HIGHNY-24AUG19,HIGHNY-24AUG19-B79.5,between,79,80,nws_climatological_report_daily,1fd611f12a3bba48,no,,0.0000,84,2024-08-20T06:16:00+00:00,CDUS41 KOKX 200616,nhigh: first final report with data,no,no,True,True,False,
2024-08-19,HIGHNY-24AUG19,HIGHNY-24AUG19-B81.5,between,81,82,nws_climatological_report_daily,1fd611f12a3bba48,no,,0.0000,84,2024-08-20T06:16:00+00:00,CDUS41 KOKX 200616,nhigh: first final report with data,no,no,True,True,False,
2024-08-19,HIGHNY-24AUG19,HIGHNY-24AUG19-B83.5,between,83,84,nws_climatological_report_daily,1fd611f12a3bba48,yes,84.00,1.0000,84,2024-08-20T06:16:00+00:00,CDUS41 KOKX 200616,nhigh: first final report with data,yes,yes,True,True,False,
2024-08-19,HIGHNY-24AUG19,HIGHNY-24AUG19-B85.5,between,85,86,nws_climatological_report_daily,1fd611f12a3bba48,no,,0.0000,84,2024-08-20T06:16:00+00:00,CDUS41 KOKX 200616,nhigh: first final report with data,no,no,True,True,False,
2024-08-19,HIGHNY-24AUG19,HIGHNY-24AUG19-T79,less,,79,nws_climatological_report_daily,1fd611f12a3bba48,no,,0.0000,84,2024-08-20T06:16:00+00:00,CDUS41 KOKX 200616,nhigh: first final report with data,no,no,True,True,False,
2024-08-19,HIGHNY-24AUG19,HIGHNY-24AUG19-T86,greater,86,,nws_climatological_report_daily,1fd611f12a3bba48,no,,0.0000,84,2024-08-20T06:16:00+00:00,CDUS41 KOKX 200616,nhigh: first final report with data,no,no,True,True,False,
2024-08-20,HIGHNY-24AUG20,HIGHNY-24AUG20-B70.5,between,70,71,nws_climatological_report_daily,1fd611f12a3bba48,no,,0.0000,72,2024-08-21T06:17:00+00:00,CDUS41 KOKX 210617,nhigh: first final report with data,no,no,True,True,False,
2024-08-20,HIGHNY-24AUG20,HIGHNY-24AUG20-B72.5,between,72,73,nws_climatological_report_daily,1fd611f12a3bba48,yes,72.00,1.0000,72,2024-08-21T06:17:00+00:00,CDUS41 KOKX 210617,nhigh: first final report with data,yes,yes,True,True,False,
2024-08-20,HIGHNY-24AUG20,HIGHNY-24AUG20-B74.5,between,74,75,nws_climatological_report_daily,1fd611f12a3bba48,no,,0.0000,72,2024-08-21T06:17:00+00:00,CDUS41 KOKX 210617,nhigh: first final report with data,no,no,True,True,False,
2024-08-20,HIGHNY-24AUG20,HIGHNY-24AUG20-B76.5,between,76,77,nws_climatological_report_daily,1fd611f12a3bba48,no,,0.0000,72,2024-08-21T06:17:00+00:00,CDUS41 KOKX 210617,nhigh: first final report with data,no,no,True,True,False,
2024-08-20,HIGHNY-24AUG20,HIGHNY-24AUG20-T70,less,,70,nws_climatological_report_daily,1fd611f12a3bba48,no,,0.0000,72,2024-08-21T06:17:00+00:00,CDUS41 KOKX 210617,nhigh: first final report with data,no,no,True,True,False,
2024-08-20,HIGHNY-24AUG20,HIGHNY-24AUG20-T77,greater,77,,nws_climatological_report_daily,1fd611f12a3bba48,no,,0.0000,72,2024-08-21T06:17:00+00:00,CDUS41 KOKX 210617,nhigh: first final report with data,no,no,True,True,False,
2024-08-21,HIGHNY-24AUG21,HIGHNY-24AUG21-B69.5,between,69,70,nws_climatological_report_daily,1fd611f12a3bba48,no,,0.0000,73,2024-08-22T06:21:00+00:00,CDUS41 KOKX 220621,nhigh: first final report with data,no,no,True,True,False,
2024-08-21,HIGHNY-24AUG21,HIGHNY-24AUG21-B71.5,between,71,72,nws_climatological_report_daily,1fd611f12a3bba48,no,,0.0000,73,2024-08-22T06:21:00+00:00,CDUS41 KOKX 220621,nhigh: first final report with data,no,no,True,True,False,
2024-08-21,HIGHNY-24AUG21,HIGHNY-24AUG21-B73.5,between,73,74,nws_climatological_report_daily,1fd611f12a3bba48,yes,73.00,1.0000,73,2024-08-22T06:21:00+00:00,CDUS41 KOKX 220621,nhigh: first final report with data,yes,yes,True,True,False,
2024-08-21,HIGHNY-24AUG21,HIGHNY-24AUG21-B75.5,between,75,76,nws_climatological_report_daily,1fd611f12a3bba48,no,,0.0000,73,2024-08-22T06:21:00+00:00,CDUS41 KOKX 220621,nhigh: first final report with data,no,no,True,True,False,
2024-08-21,HIGHNY-24AUG21,HIGHNY-24AUG21-T69,less,,69,nws_climatological_report_daily,1fd611f12a3bba48,no,,0.0000,73,2024-08-22T06:21:00+00:00,CDUS41 KOKX 220621,nhigh: first final report with data,no,no,True,True,False,
2024-08-21,HIGHNY-24AUG21,HIGHNY-24AUG21-T76,greater,76,,nws_climatological_report_daily,1fd611f12a3bba48,no,,0.0000,73,2024-08-22T06:21:00+00:00,CDUS41 KOKX 220621,nhigh: first final report with data,no,no,True,True,False,
2024-08-22,HIGHNY-24AUG22,HIGHNY-24AUG22-B72.5,between,72,73,nws_climatological_report_daily,1fd611f12a3bba48,no,,0.0000,76,2024-08-23T06:42:00+00:00,CDUS41 KOKX 230642,nhigh: first final report with data,no,no,True,True,False,
2024-08-22,HIGHNY-24AUG22,HIGHNY-24AUG22-B74.5,between,74,75,nws_climatological_report_daily,1fd611f12a3bba48,no,,0.0000,76,2024-08-23T06:42:00+00:00,CDUS41 KOKX 230642,nhigh: first final report with data,no,no,True,True,False,
2024-08-22,HIGHNY-24AUG22,HIGHNY-24AUG22-B76.5,between,76,77,nws_climatological_report_daily,1fd611f12a3bba48,yes,76.00,1.0000,76,2024-08-23T06:42:00+00:00,CDUS41 KOKX 230642,nhigh: first final report with data,yes,yes,True,True,False,
2024-08-22,HIGHNY-24AUG22,HIGHNY-24AUG22-B78.5,between,78,79,nws_climatological_report_daily,1fd611f12a3bba48,no,,0.0000,76,2024-08-23T06:42:00+00:00,CDUS41 KOKX 230642,nhigh: first final report with data,no,no,True,True,False,
2024-08-22,HIGHNY-24AUG22,HIGHNY-24AUG22-T72,less,,72,nws_climatological_report_daily,1fd611f12a3bba48,no,,0.0000,76,2024-08-23T06:42:00+00:00,CDUS41 KOKX 230642,nhigh: first final report with data,no,no,True,True,False,
2024-08-22,HIGHNY-24AUG22,HIGHNY-24AUG22-T79,greater,79,,nws_climatological_report_daily,1fd611f12a3bba48,no,,0.0000,76,2024-08-23T06:42:00+00:00,CDUS41 KOKX 230642,nhigh: first final report with data,no,no,True,True,False,
2024-08-23,HIGHNY-24AUG23,HIGHNY-24AUG23-B77.5,between,77,78,nws_climatological_report_daily,1fd611f12a3bba48,no,,0.0000,80,2024-08-24T06:44:00+00:00,CDUS41 KOKX 240644,nhigh: first final report with data,no,no,True,True,False,
2024-08-23,HIGHNY-24AUG23,HIGHNY-24AUG23-B79.5,between,79,80,nws_climatological_report_daily,1fd611f12a3bba48,yes,80.00,1.0000,80,2024-08-24T06:44:00+00:00,CDUS41 KOKX 240644,nhigh: first final report with data,yes,yes,True,True,False,
2024-08-23,HIGHNY-24AUG23,HIGHNY-24AUG23-B81.5,between,81,82,nws_climatological_report_daily,1fd611f12a3bba48,no,,0.0000,80,2024-08-24T06:44:00+00:00,CDUS41 KOKX 240644,nhigh: first final report with data,no,no,True,True,False,
2024-08-23,HIGHNY-24AUG23,HIGHNY-24AUG23-B83.5,between,83,84,nws_climatological_report_daily,1fd611f12a3bba48,no,,0.0000,80,2024-08-24T06:44:00+00:00,CDUS41 KOKX 240644,nhigh: first final report with data,no,no,True,True,False,
2024-08-23,HIGHNY-24AUG23,HIGHNY-24AUG23-T77,less,,77,nws_climatological_report_daily,1fd611f12a3bba48,no,,0.0000,80,2024-08-24T06:44:00+00:00,CDUS41 KOKX 240644,nhigh: first final report with data,no,no,True,True,False,
2024-08-23,HIGHNY-24AUG23,HIGHNY-24AUG23-T84,greater,84,,nws_climatological_report_daily,1fd611f12a3bba48,no,,0.0000,80,2024-08-24T06:44:00+00:00,CDUS41 KOKX 240644,nhigh: first final report with data,no,no,True,True,False,
2024-08-24,HIGHNY-24AUG24,HIGHNY-24AUG24-B81.5,between,81,82,nws_climatological_report_daily,1fd611f12a3bba48,no,,0.0000,83,2024-08-25T06:20:00+00:00,CDUS41 KOKX 250620,nhigh: first final report with data,no,no,True,True,False,
2024-08-24,HIGHNY-24AUG24,HIGHNY-24AUG24-B83.5,between,83,84,nws_climatological_report_daily,1fd611f12a3bba48,yes,83.00,1.0000,83,2024-08-25T06:20:00+00:00,CDUS41 KOKX 250620,nhigh: first final report with data,yes,yes,True,True,False,
2024-08-24,HIGHNY-24AUG24,HIGHNY-24AUG24-B85.5,between,85,86,nws_climatological_report_daily,1fd611f12a3bba48,no,,0.0000,83,2024-08-25T06:20:00+00:00,CDUS41 KOKX 250620,nhigh: first final report with data,no,no,True,True,False,
2024-08-24,HIGHNY-24AUG24,HIGHNY-24AUG24-B87.5,between,87,88,nws_climatological_report_daily,1fd611f12a3bba48,no,,0.0000,83,2024-08-25T06:20:00+00:00,CDUS41 KOKX 250620,nhigh: first final report with data,no,no,True,True,False,
2024-08-24,HIGHNY-24AUG24,HIGHNY-24AUG24-T81,less,,81,nws_climatological_report_daily,1fd611f12a3bba48,no,,0.0000,83,2024-08-25T06:20:00+00:00,CDUS41 KOKX 250620,nhigh: first final report with data,no,no,True,True,False,
2024-08-24,HIGHNY-24AUG24,HIGHNY-24AUG24-T88,greater,88,,nws_climatological_report_daily,1fd611f12a3bba48,no,,0.0000,83,2024-08-25T06:20:00+00:00,CDUS41 KOKX 250620,nhigh: first final report with data,no,no,True,True,False,
2024-08-25,HIGHNY-24AUG25,HIGHNY-24AUG25-B81.5,between,81,82,nws_climatological_report_daily,1fd611f12a3bba48,no,,0.0000,85,2024-08-26T06:20:00+00:00,CDUS41 KOKX 260620,nhigh: first final report with data,no,no,True,True,False,
2024-08-25,HIGHNY-24AUG25,HIGHNY-24AUG25-B83.5,between,83,84,nws_climatological_report_daily,1fd611f12a3bba48,no,,0.0000,85,2024-08-26T06:20:00+00:00,CDUS41 KOKX 260620,nhigh: first final report with data,no,no,True,True,False,
2024-08-25,HIGHNY-24AUG25,HIGHNY-24AUG25-B85.5,between,85,86,nws_climatological_report_daily,1fd611f12a3bba48,yes,85.00,1.0000,85,2024-08-26T06:20:00+00:00,CDUS41 KOKX 260620,nhigh: first final report with data,yes,yes,True,True,False,
2024-08-25,HIGHNY-24AUG25,HIGHNY-24AUG25-B87.5,between,87,88,nws_climatological_report_daily,1fd611f12a3bba48,no,,0.0000,85,2024-08-26T06:20:00+00:00,CDUS41 KOKX 260620,nhigh: first final report with data,no,no,True,True,False,
2024-08-25,HIGHNY-24AUG25,HIGHNY-24AUG25-T81,less,,81,nws_climatological_report_daily,1fd611f12a3bba48,no,,0.0000,85,2024-08-26T06:20:00+00:00,CDUS41 KOKX 260620,nhigh: first final report with data,no,no,True,True,False,
2024-08-25,HIGHNY-24AUG25,HIGHNY-24AUG25-T88,greater,88,,nws_climatological_report_daily,1fd611f12a3bba48,no,,0.0000,85,2024-08-26T06:20:00+00:00,CDUS41 KOKX 260620,nhigh: first final report with data,no,no,True,True,False,
2024-08-26,HIGHNY-24AUG26,HIGHNY-24AUG26-B81.5,between,81,82,nws_climatological_report_daily,1fd611f12a3bba48,no,,0.0000,85,2024-08-27T06:23:00+00:00,CDUS41 KOKX 270623,nhigh: first final report with data,no,no,True,True,False,
2024-08-26,HIGHNY-24AUG26,HIGHNY-24AUG26-B83.5,between,83,84,nws_climatological_report_daily,1fd611f12a3bba48,no,,0.0000,85,2024-08-27T06:23:00+00:00,CDUS41 KOKX 270623,nhigh: first final report with data,no,no,True,True,False,
2024-08-26,HIGHNY-24AUG26,HIGHNY-24AUG26-B85.5,between,85,86,nws_climatological_report_daily,1fd611f12a3bba48,yes,85.00,1.0000,85,2024-08-27T06:23:00+00:00,CDUS41 KOKX 270623,nhigh: first final report with data,yes,yes,True,True,False,
2024-08-26,HIGHNY-24AUG26,HIGHNY-24AUG26-B87.5,between,87,88,nws_climatological_report_daily,1fd611f12a3bba48,no,,0.0000,85,2024-08-27T06:23:00+00:00,CDUS41 KOKX 270623,nhigh: first final report with data,no,no,True,True,False,
2024-08-26,HIGHNY-24AUG26,HIGHNY-24AUG26-T81,less,,81,nws_climatological_report_daily,1fd611f12a3bba48,no,,0.0000,85,2024-08-27T06:23:00+00:00,CDUS41 KOKX 270623,nhigh: first final report with data,no,no,True,True,False,
2024-08-26,HIGHNY-24AUG26,HIGHNY-24AUG26-T88,greater,88,,nws_climatological_report_daily,1fd611f12a3bba48,no,,0.0000,85,2024-08-27T06:23:00+00:00,CDUS41 KOKX 270623,nhigh: first final report with data,no,no,True,True,False,
2024-08-27,HIGHNY-24AUG27,HIGHNY-24AUG27-B81.5,between,81,82,nws_climatological_report_daily,1fd611f12a3bba48,no,,0.0000,86,2024-08-28T06:35:00+00:00,CDUS41 KOKX 280635,nhigh: first final report with data,no,no,True,True,False,
2024-08-27,HIGHNY-24AUG27,HIGHNY-24AUG27-B83.5,between,83,84,nws_climatological_report_daily,1fd611f12a3bba48,no,,0.0000,86,2024-08-28T06:35:00+00:00,CDUS41 KOKX 280635,nhigh: first final report with data,no,no,True,True,False,
2024-08-27,HIGHNY-24AUG27,HIGHNY-24AUG27-B85.5,between,85,86,nws_climatological_report_daily,1fd611f12a3bba48,yes,86.00,1.0000,86,2024-08-28T06:35:00+00:00,CDUS41 KOKX 280635,nhigh: first final report with data,yes,yes,True,True,False,
2024-08-27,HIGHNY-24AUG27,HIGHNY-24AUG27-B87.5,between,87,88,nws_climatological_report_daily,1fd611f12a3bba48,no,,0.0000,86,2024-08-28T06:35:00+00:00,CDUS41 KOKX 280635,nhigh: first final report with data,no,no,True,True,False,
2024-08-27,HIGHNY-24AUG27,HIGHNY-24AUG27-T81,less,,81,nws_climatological_report_daily,1fd611f12a3bba48,no,,0.0000,86,2024-08-28T06:35:00+00:00,CDUS41 KOKX 280635,nhigh: first final report with data,no,no,True,True,False,
2024-08-27,HIGHNY-24AUG27,HIGHNY-24AUG27-T88,greater,88,,nws_climatological_report_daily,1fd611f12a3bba48,no,,0.0000,86,2024-08-28T06:35:00+00:00,CDUS41 KOKX 280635,nhigh: first final report with data,no,no,True,True,False,
2024-08-28,HIGHNY-24AUG28,HIGHNY-24AUG28-B91.5,between,91,92,nws_climatological_report_daily,1fd611f12a3bba48,yes,91.00,1.0000,91,2024-08-29T06:38:00+00:00,CDUS41 KOKX 290638,nhigh: first final report with data,yes,yes,True,True,False,
2024-08-28,HIGHNY-24AUG28,HIGHNY-24AUG28-B93.5,between,93,94,nws_climatological_report_daily,1fd611f12a3bba48,no,,0.0000,91,2024-08-29T06:38:00+00:00,CDUS41 KOKX 290638,nhigh: first final report with data,no,no,True,True,False,
2024-08-28,HIGHNY-24AUG28,HIGHNY-24AUG28-B95.5,between,95,96,nws_climatological_report_daily,1fd611f12a3bba48,no,,0.0000,91,2024-08-29T06:38:00+00:00,CDUS41 KOKX 290638,nhigh: first final report with data,no,no,True,True,False,
2024-08-28,HIGHNY-24AUG28,HIGHNY-24AUG28-B97.5,between,97,98,nws_climatological_report_daily,1fd611f12a3bba48,no,,0.0000,91,2024-08-29T06:38:00+00:00,CDUS41 KOKX 290638,nhigh: first final report with data,no,no,True,True,False,
2024-08-28,HIGHNY-24AUG28,HIGHNY-24AUG28-T91,less,,91,nws_climatological_report_daily,1fd611f12a3bba48,no,,0.0000,91,2024-08-29T06:38:00+00:00,CDUS41 KOKX 290638,nhigh: first final report with data,no,no,True,True,False,
2024-08-28,HIGHNY-24AUG28,HIGHNY-24AUG28-T98,greater,98,,nws_climatological_report_daily,1fd611f12a3bba48,no,,0.0000,91,2024-08-29T06:38:00+00:00,CDUS41 KOKX 290638,nhigh: first final report with data,no,no,True,True,False,
2024-08-29,HIGHNY-24AUG29,HIGHNY-24AUG29-B73.5,between,73,74,nws_climatological_report_daily,1fd611f12a3bba48,no,,0.0000,82,2024-08-30T06:28:00+00:00,CDUS41 KOKX 300628,nhigh: first final report with data,no,no,True,True,False,
2024-08-29,HIGHNY-24AUG29,HIGHNY-24AUG29-B75.5,between,75,76,nws_climatological_report_daily,1fd611f12a3bba48,no,,0.0000,82,2024-08-30T06:28:00+00:00,CDUS41 KOKX 300628,nhigh: first final report with data,no,no,True,True,False,
2024-08-29,HIGHNY-24AUG29,HIGHNY-24AUG29-B77.5,between,77,78,nws_climatological_report_daily,1fd611f12a3bba48,no,,0.0000,82,2024-08-30T06:28:00+00:00,CDUS41 KOKX 300628,nhigh: first final report with data,no,no,True,True,False,
2024-08-29,HIGHNY-24AUG29,HIGHNY-24AUG29-B79.5,between,79,80,nws_climatological_report_daily,1fd611f12a3bba48,no,,0.0000,82,2024-08-30T06:28:00+00:00,CDUS41 KOKX 300628,nhigh: first final report with data,no,no,True,True,False,
2024-08-29,HIGHNY-24AUG29,HIGHNY-24AUG29-T73,less,,73,nws_climatological_report_daily,1fd611f12a3bba48,no,,0.0000,82,2024-08-30T06:28:00+00:00,CDUS41 KOKX 300628,nhigh: first final report with data,no,no,True,True,False,
2024-08-29,HIGHNY-24AUG29,HIGHNY-24AUG29-T80,greater,80,,nws_climatological_report_daily,1fd611f12a3bba48,yes,82.00,1.0000,82,2024-08-30T06:28:00+00:00,CDUS41 KOKX 300628,nhigh: first final report with data,yes,yes,True,True,False,
2024-08-30,HIGHNY-24AUG30,HIGHNY-24AUG30-B71.5,between,71,72,nws_climatological_report_daily,1fd611f12a3bba48,no,,0.0000,74,2024-08-31T07:15:00+00:00,CDUS41 KOKX 310715,nhigh: first final report with data,no,no,True,True,False,
2024-08-30,HIGHNY-24AUG30,HIGHNY-24AUG30-B73.5,between,73,74,nws_climatological_report_daily,1fd611f12a3bba48,yes,74.00,1.0000,74,2024-08-31T07:15:00+00:00,CDUS41 KOKX 310715,nhigh: first final report with data,yes,yes,True,True,False,
2024-08-30,HIGHNY-24AUG30,HIGHNY-24AUG30-B75.5,between,75,76,nws_climatological_report_daily,1fd611f12a3bba48,no,,0.0000,74,2024-08-31T07:15:00+00:00,CDUS41 KOKX 310715,nhigh: first final report with data,no,no,True,True,False,
2024-08-30,HIGHNY-24AUG30,HIGHNY-24AUG30-B77.5,between,77,78,nws_climatological_report_daily,1fd611f12a3bba48,no,,0.0000,74,2024-08-31T07:15:00+00:00,CDUS41 KOKX 310715,nhigh: first final report with data,no,no,True,True,False,
2024-08-30,HIGHNY-24AUG30,HIGHNY-24AUG30-T71,less,,71,nws_climatological_report_daily,1fd611f12a3bba48,no,,0.0000,74,2024-08-31T07:15:00+00:00,CDUS41 KOKX 310715,nhigh: first final report with data,no,no,True,True,False,
2024-08-30,HIGHNY-24AUG30,HIGHNY-24AUG30-T78,greater,78,,nws_climatological_report_daily,1fd611f12a3bba48,no,,0.0000,74,2024-08-31T07:15:00+00:00,CDUS41 KOKX 310715,nhigh: first final report with data,no,no,True,True,False,
2024-08-31,HIGHNY-24AUG31,HIGHNY-24AUG31-B76.5,between,76,77,nws_climatological_report_daily,1fd611f12a3bba48,yes,77.00,1.0000,77,2024-09-01T06:24:00+00:00,CDUS41 KOKX 010624,nhigh: first final report with data,yes,yes,True,True,False,
2024-08-31,HIGHNY-24AUG31,HIGHNY-24AUG31-B78.5,between,78,79,nws_climatological_report_daily,1fd611f12a3bba48,no,,0.0000,77,2024-09-01T06:24:00+00:00,CDUS41 KOKX 010624,nhigh: first final report with data,no,no,True,True,False,
2024-08-31,HIGHNY-24AUG31,HIGHNY-24AUG31-B80.5,between,80,81,nws_climatological_report_daily,1fd611f12a3bba48,no,,0.0000,77,2024-09-01T06:24:00+00:00,CDUS41 KOKX 010624,nhigh: first final report with data,no,no,True,True,False,
2024-08-31,HIGHNY-24AUG31,HIGHNY-24AUG31-B82.5,between,82,83,nws_climatological_report_daily,1fd611f12a3bba48,no,,0.0000,77,2024-09-01T06:24:00+00:00,CDUS41 KOKX 010624,nhigh: first final report with data,no,no,True,True,False,
2024-08-31,HIGHNY-24AUG31,HIGHNY-24AUG31-T76,less,,76,nws_climatological_report_daily,1fd611f12a3bba48,no,,0.0000,77,2024-09-01T06:24:00+00:00,CDUS41 KOKX 010624,nhigh: first final report with data,no,no,True,True,False,
2024-08-31,HIGHNY-24AUG31,HIGHNY-24AUG31-T83,greater,83,,nws_climatological_report_daily,1fd611f12a3bba48,no,,0.0000,77,2024-09-01T06:24:00+00:00,CDUS41 KOKX 010624,nhigh: first final report with data,no,no,True,True,False,
2024-09-01,HIGHNY-24SEP01,HIGHNY-24SEP01-B78.5,between,78,79,nws_climatological_report_daily,1fd611f12a3bba48,no,,0.0000,81,2024-09-02T06:22:00+00:00,CDUS41 KOKX 020622,nhigh: first final report with data,no,no,True,True,False,
2024-09-01,HIGHNY-24SEP01,HIGHNY-24SEP01-B80.5,between,80,81,nws_climatological_report_daily,1fd611f12a3bba48,yes,81,1.0000,81,2024-09-02T06:22:00+00:00,CDUS41 KOKX 020622,nhigh: first final report with data,yes,yes,True,True,False,
2024-09-01,HIGHNY-24SEP01,HIGHNY-24SEP01-B82.5,between,82,83,nws_climatological_report_daily,1fd611f12a3bba48,no,,0.0000,81,2024-09-02T06:22:00+00:00,CDUS41 KOKX 020622,nhigh: first final report with data,no,no,True,True,False,
2024-09-01,HIGHNY-24SEP01,HIGHNY-24SEP01-B84.5,between,84,85,nws_climatological_report_daily,1fd611f12a3bba48,no,,0.0000,81,2024-09-02T06:22:00+00:00,CDUS41 KOKX 020622,nhigh: first final report with data,no,no,True,True,False,
2024-09-01,HIGHNY-24SEP01,HIGHNY-24SEP01-T78,less,,78,nws_climatological_report_daily,1fd611f12a3bba48,no,,0.0000,81,2024-09-02T06:22:00+00:00,CDUS41 KOKX 020622,nhigh: first final report with data,no,no,True,True,False,
2024-09-01,HIGHNY-24SEP01,HIGHNY-24SEP01-T85,greater,85,,nws_climatological_report_daily,1fd611f12a3bba48,no,,0.0000,81,2024-09-02T06:22:00+00:00,CDUS41 KOKX 020622,nhigh: first final report with data,no,no,True,True,False,
2024-09-02,HIGHNY-24SEP02,HIGHNY-24SEP02-B74.5,between,74,75,nws_climatological_report_daily,1fd611f12a3bba48,no,,0.0000,79,2024-09-03T06:22:00+00:00,CDUS41 KOKX 030622,nhigh: first final report with data,no,no,True,True,False,
2024-09-02,HIGHNY-24SEP02,HIGHNY-24SEP02-B76.5,between,76,77,nws_climatological_report_daily,1fd611f12a3bba48,no,,0.0000,79,2024-09-03T06:22:00+00:00,CDUS41 KOKX 030622,nhigh: first final report with data,no,no,True,True,False,
2024-09-02,HIGHNY-24SEP02,HIGHNY-24SEP02-B78.5,between,78,79,nws_climatological_report_daily,1fd611f12a3bba48,yes,79.00,1.0000,79,2024-09-03T06:22:00+00:00,CDUS41 KOKX 030622,nhigh: first final report with data,yes,yes,True,True,False,
2024-09-02,HIGHNY-24SEP02,HIGHNY-24SEP02-B80.5,between,80,81,nws_climatological_report_daily,1fd611f12a3bba48,no,,0.0000,79,2024-09-03T06:22:00+00:00,CDUS41 KOKX 030622,nhigh: first final report with data,no,no,True,True,False,
2024-09-02,HIGHNY-24SEP02,HIGHNY-24SEP02-T74,less,,74,nws_climatological_report_daily,1fd611f12a3bba48,no,,0.0000,79,2024-09-03T06:22:00+00:00,CDUS41 KOKX 030622,nhigh: first final report with data,no,no,True,True,False,
2024-09-02,HIGHNY-24SEP02,HIGHNY-24SEP02-T81,greater,81,,nws_climatological_report_daily,1fd611f12a3bba48,no,,0.0000,79,2024-09-03T06:22:00+00:00,CDUS41 KOKX 030622,nhigh: first final report with data,no,no,True,True,False,
2024-09-03,HIGHNY-24SEP03,HIGHNY-24SEP03-B70.5,between,70,71,nws_climatological_report_daily,1fd611f12a3bba48,no,,0.0000,74,2024-09-04T06:22:00+00:00,CDUS41 KOKX 040622,nhigh: first final report with data,no,no,True,True,False,
2024-09-03,HIGHNY-24SEP03,HIGHNY-24SEP03-B72.5,between,72,73,nws_climatological_report_daily,1fd611f12a3bba48,no,,0.0000,74,2024-09-04T06:22:00+00:00,CDUS41 KOKX 040622,nhigh: first final report with data,no,no,True,True,False,
2024-09-03,HIGHNY-24SEP03,HIGHNY-24SEP03-B74.5,between,74,75,nws_climatological_report_daily,1fd611f12a3bba48,yes,74.00,1.0000,74,2024-09-04T06:22:00+00:00,CDUS41 KOKX 040622,nhigh: first final report with data,yes,yes,True,True,False,
2024-09-03,HIGHNY-24SEP03,HIGHNY-24SEP03-B76.5,between,76,77,nws_climatological_report_daily,1fd611f12a3bba48,no,,0.0000,74,2024-09-04T06:22:00+00:00,CDUS41 KOKX 040622,nhigh: first final report with data,no,no,True,True,False,
2024-09-03,HIGHNY-24SEP03,HIGHNY-24SEP03-T70,less,,70,nws_climatological_report_daily,1fd611f12a3bba48,no,,0.0000,74,2024-09-04T06:22:00+00:00,CDUS41 KOKX 040622,nhigh: first final report with data,no,no,True,True,False,
2024-09-03,HIGHNY-24SEP03,HIGHNY-24SEP03-T77,greater,77,,nws_climatological_report_daily,1fd611f12a3bba48,no,,0.0000,74,2024-09-04T06:22:00+00:00,CDUS41 KOKX 040622,nhigh: first final report with data,no,no,True,True,False,
2024-09-04,HIGHNY-24SEP04,HIGHNY-24SEP04-B73.5,between,73,74,nws_climatological_report_daily,a6ce4cac04b81266,no,,0.0000,77,2024-09-05T06:19:00+00:00,CDUS41 KOKX 050619,nhigh: first final report with data,no,no,True,True,False,
2024-09-04,HIGHNY-24SEP04,HIGHNY-24SEP04-B75.5,between,75,76,nws_climatological_report_daily,a6ce4cac04b81266,no,,0.0000,77,2024-09-05T06:19:00+00:00,CDUS41 KOKX 050619,nhigh: first final report with data,no,no,True,True,False,
2024-09-04,HIGHNY-24SEP04,HIGHNY-24SEP04-B77.5,between,77,78,nws_climatological_report_daily,a6ce4cac04b81266,yes,77.00,1.0000,77,2024-09-05T06:19:00+00:00,CDUS41 KOKX 050619,nhigh: first final report with data,yes,yes,True,True,False,
2024-09-04,HIGHNY-24SEP04,HIGHNY-24SEP04-B79.5,between,79,80,nws_climatological_report_daily,a6ce4cac04b81266,no,,0.0000,77,2024-09-05T06:19:00+00:00,CDUS41 KOKX 050619,nhigh: first final report with data,no,no,True,True,False,
2024-09-04,HIGHNY-24SEP04,HIGHNY-24SEP04-T73,less,,73,nws_climatological_report_daily,a6ce4cac04b81266,no,,0.0000,77,2024-09-05T06:19:00+00:00,CDUS41 KOKX 050619,nhigh: first final report with data,no,no,True,True,False,
2024-09-04,HIGHNY-24SEP04,HIGHNY-24SEP04-T80,greater,80,,nws_climatological_report_daily,a6ce4cac04b81266,no,,0.0000,77,2024-09-05T06:19:00+00:00,CDUS41 KOKX 050619,nhigh: first final report with data,no,no,True,True,False,
2024-09-05,HIGHNY-24SEP05,HIGHNY-24SEP05-B72.5,between,72,73,nws_climatological_report_daily,a6ce4cac04b81266,no,,0.0000,77,2024-09-06T06:16:00+00:00,CDUS41 KOKX 060616,nhigh: first final report with data,no,no,True,True,False,
2024-09-05,HIGHNY-24SEP05,HIGHNY-24SEP05-B74.5,between,74,75,nws_climatological_report_daily,a6ce4cac04b81266,no,,0.0000,77,2024-09-06T06:16:00+00:00,CDUS41 KOKX 060616,nhigh: first final report with data,no,no,True,True,False,
2024-09-05,HIGHNY-24SEP05,HIGHNY-24SEP05-B76.5,between,76,77,nws_climatological_report_daily,a6ce4cac04b81266,yes,77.00,1.0000,77,2024-09-06T06:16:00+00:00,CDUS41 KOKX 060616,nhigh: first final report with data,yes,yes,True,True,False,
2024-09-05,HIGHNY-24SEP05,HIGHNY-24SEP05-B78.5,between,78,79,nws_climatological_report_daily,a6ce4cac04b81266,no,,0.0000,77,2024-09-06T06:16:00+00:00,CDUS41 KOKX 060616,nhigh: first final report with data,no,no,True,True,False,
2024-09-05,HIGHNY-24SEP05,HIGHNY-24SEP05-T72,less,,72,nws_climatological_report_daily,a6ce4cac04b81266,no,,0.0000,77,2024-09-06T06:16:00+00:00,CDUS41 KOKX 060616,nhigh: first final report with data,no,no,True,True,False,
2024-09-05,HIGHNY-24SEP05,HIGHNY-24SEP05-T79,greater,79,,nws_climatological_report_daily,a6ce4cac04b81266,no,,0.0000,77,2024-09-06T06:16:00+00:00,CDUS41 KOKX 060616,nhigh: first final report with data,no,no,True,True,False,
2024-09-06,HIGHNY-24SEP06,HIGHNY-24SEP06-B74.5,between,74,75,nws_climatological_report_daily,a6ce4cac04b81266,no,,0.0000,78,2024-09-07T06:23:00+00:00,CDUS41 KOKX 070623,nhigh: first final report with data,no,no,True,True,False,
2024-09-06,HIGHNY-24SEP06,HIGHNY-24SEP06-B76.5,between,76,77,nws_climatological_report_daily,a6ce4cac04b81266,no,,0.0000,78,2024-09-07T06:23:00+00:00,CDUS41 KOKX 070623,nhigh: first final report with data,no,no,True,True,False,
2024-09-06,HIGHNY-24SEP06,HIGHNY-24SEP06-B78.5,between,78,79,nws_climatological_report_daily,a6ce4cac04b81266,yes,78.00,1.0000,78,2024-09-07T06:23:00+00:00,CDUS41 KOKX 070623,nhigh: first final report with data,yes,yes,True,True,False,
2024-09-06,HIGHNY-24SEP06,HIGHNY-24SEP06-B80.5,between,80,81,nws_climatological_report_daily,a6ce4cac04b81266,no,,0.0000,78,2024-09-07T06:23:00+00:00,CDUS41 KOKX 070623,nhigh: first final report with data,no,no,True,True,False,
2024-09-06,HIGHNY-24SEP06,HIGHNY-24SEP06-T74,less,,74,nws_climatological_report_daily,a6ce4cac04b81266,no,,0.0000,78,2024-09-07T06:23:00+00:00,CDUS41 KOKX 070623,nhigh: first final report with data,no,no,True,True,False,
2024-09-06,HIGHNY-24SEP06,HIGHNY-24SEP06-T81,greater,81,,nws_climatological_report_daily,a6ce4cac04b81266,no,,0.0000,78,2024-09-07T06:23:00+00:00,CDUS41 KOKX 070623,nhigh: first final report with data,no,no,True,True,False,
2024-09-07,HIGHNY-24SEP07,HIGHNY-24SEP07-B70.5,between,70,71,nws_climatological_report_daily,a6ce4cac04b81266,no,,0.0000,76,2024-09-08T06:17:00+00:00,CDUS41 KOKX 080617,nhigh: first final report with data,no,no,True,True,False,
2024-09-07,HIGHNY-24SEP07,HIGHNY-24SEP07-B72.5,between,72,73,nws_climatological_report_daily,a6ce4cac04b81266,no,,0.0000,76,2024-09-08T06:17:00+00:00,CDUS41 KOKX 080617,nhigh: first final report with data,no,no,True,True,False,
2024-09-07,HIGHNY-24SEP07,HIGHNY-24SEP07-B74.5,between,74,75,nws_climatological_report_daily,a6ce4cac04b81266,no,,0.0000,76,2024-09-08T06:17:00+00:00,CDUS41 KOKX 080617,nhigh: first final report with data,no,no,True,True,False,
2024-09-07,HIGHNY-24SEP07,HIGHNY-24SEP07-B76.5,between,76,77,nws_climatological_report_daily,a6ce4cac04b81266,yes,76.00,1.0000,76,2024-09-08T06:17:00+00:00,CDUS41 KOKX 080617,nhigh: first final report with data,yes,yes,True,True,False,
2024-09-07,HIGHNY-24SEP07,HIGHNY-24SEP07-T70,less,,70,nws_climatological_report_daily,a6ce4cac04b81266,no,,0.0000,76,2024-09-08T06:17:00+00:00,CDUS41 KOKX 080617,nhigh: first final report with data,no,no,True,True,False,
2024-09-07,HIGHNY-24SEP07,HIGHNY-24SEP07-T77,greater,77,,nws_climatological_report_daily,a6ce4cac04b81266,no,,0.0000,76,2024-09-08T06:17:00+00:00,CDUS41 KOKX 080617,nhigh: first final report with data,no,no,True,True,False,
2024-09-08,HIGHNY-24SEP08,HIGHNY-24SEP08-B67.5,between,67,68,nws_climatological_report_daily,a6ce4cac04b81266,no,,0.0000,69,2024-09-09T06:16:00+00:00,CDUS41 KOKX 090616,nhigh: first final report with data,no,no,True,True,False,
2024-09-08,HIGHNY-24SEP08,HIGHNY-24SEP08-B69.5,between,69,70,nws_climatological_report_daily,a6ce4cac04b81266,yes,69.00,1.0000,69,2024-09-09T06:16:00+00:00,CDUS41 KOKX 090616,nhigh: first final report with data,yes,yes,True,True,False,
2024-09-08,HIGHNY-24SEP08,HIGHNY-24SEP08-B71.5,between,71,72,nws_climatological_report_daily,a6ce4cac04b81266,no,,0.0000,69,2024-09-09T06:16:00+00:00,CDUS41 KOKX 090616,nhigh: first final report with data,no,no,True,True,False,
2024-09-08,HIGHNY-24SEP08,HIGHNY-24SEP08-B73.5,between,73,74,nws_climatological_report_daily,a6ce4cac04b81266,no,,0.0000,69,2024-09-09T06:16:00+00:00,CDUS41 KOKX 090616,nhigh: first final report with data,no,no,True,True,False,
2024-09-08,HIGHNY-24SEP08,HIGHNY-24SEP08-T67,less,,67,nws_climatological_report_daily,a6ce4cac04b81266,no,,0.0000,69,2024-09-09T06:16:00+00:00,CDUS41 KOKX 090616,nhigh: first final report with data,no,no,True,True,False,
2024-09-08,HIGHNY-24SEP08,HIGHNY-24SEP08-T74,greater,74,,nws_climatological_report_daily,a6ce4cac04b81266,no,,0.0000,69,2024-09-09T06:16:00+00:00,CDUS41 KOKX 090616,nhigh: first final report with data,no,no,True,True,False,
2024-09-09,HIGHNY-24SEP09,HIGHNY-24SEP09-B72.5,between,72,73,nws_climatological_report_daily,a6ce4cac04b81266,no,,0.0000,75,2024-09-10T06:39:00+00:00,CDUS41 KOKX 100639,nhigh: first final report with data,no,no,True,True,False,
2024-09-09,HIGHNY-24SEP09,HIGHNY-24SEP09-B74.5,between,74,75,nws_climatological_report_daily,a6ce4cac04b81266,yes,75.00,1.0000,75,2024-09-10T06:39:00+00:00,CDUS41 KOKX 100639,nhigh: first final report with data,yes,yes,True,True,False,
2024-09-09,HIGHNY-24SEP09,HIGHNY-24SEP09-B76.5,between,76,77,nws_climatological_report_daily,a6ce4cac04b81266,no,,0.0000,75,2024-09-10T06:39:00+00:00,CDUS41 KOKX 100639,nhigh: first final report with data,no,no,True,True,False,
2024-09-09,HIGHNY-24SEP09,HIGHNY-24SEP09-B78.5,between,78,79,nws_climatological_report_daily,a6ce4cac04b81266,no,,0.0000,75,2024-09-10T06:39:00+00:00,CDUS41 KOKX 100639,nhigh: first final report with data,no,no,True,True,False,
2024-09-09,HIGHNY-24SEP09,HIGHNY-24SEP09-T72,less,,72,nws_climatological_report_daily,a6ce4cac04b81266,no,,0.0000,75,2024-09-10T06:39:00+00:00,CDUS41 KOKX 100639,nhigh: first final report with data,no,no,True,True,False,
2024-09-09,HIGHNY-24SEP09,HIGHNY-24SEP09-T79,greater,79,,nws_climatological_report_daily,a6ce4cac04b81266,no,,0.0000,75,2024-09-10T06:39:00+00:00,CDUS41 KOKX 100639,nhigh: first final report with data,no,no,True,True,False,
2024-09-10,HIGHNY-24SEP10,HIGHNY-24SEP10-B75.5,between,75,76,nws_climatological_report_daily,a6ce4cac04b81266,no,,0.0000,78,2024-09-11T06:24:00+00:00,CDUS41 KOKX 110624,nhigh: first final report with data,no,no,True,True,False,
2024-09-10,HIGHNY-24SEP10,HIGHNY-24SEP10-B77.5,between,77,78,nws_climatological_report_daily,a6ce4cac04b81266,yes,78.00,1.0000,78,2024-09-11T06:24:00+00:00,CDUS41 KOKX 110624,nhigh: first final report with data,yes,yes,True,True,False,
2024-09-10,HIGHNY-24SEP10,HIGHNY-24SEP10-B79.5,between,79,80,nws_climatological_report_daily,a6ce4cac04b81266,no,,0.0000,78,2024-09-11T06:24:00+00:00,CDUS41 KOKX 110624,nhigh: first final report with data,no,no,True,True,False,
2024-09-10,HIGHNY-24SEP10,HIGHNY-24SEP10-B81.5,between,81,82,nws_climatological_report_daily,a6ce4cac04b81266,no,,0.0000,78,2024-09-11T06:24:00+00:00,CDUS41 KOKX 110624,nhigh: first final report with data,no,no,True,True,False,
2024-09-10,HIGHNY-24SEP10,HIGHNY-24SEP10-T75,less,,75,nws_climatological_report_daily,a6ce4cac04b81266,no,,0.0000,78,2024-09-11T06:24:00+00:00,CDUS41 KOKX 110624,nhigh: first final report with data,no,no,True,True,False,
2024-09-10,HIGHNY-24SEP10,HIGHNY-24SEP10-T82,greater,82,,nws_climatological_report_daily,a6ce4cac04b81266,no,,0.0000,78,2024-09-11T06:24:00+00:00,CDUS41 KOKX 110624,nhigh: first final report with data,no,no,True,True,False,
2024-09-11,HIGHNY-24SEP11,HIGHNY-24SEP11-B73.5,between,73,74,nws_climatological_report_daily,a6ce4cac04b81266,no,,0.0000,79,2024-09-12T06:18:00+00:00,CDUS41 KOKX 120618,nhigh: first final report with data,no,no,True,True,False,
2024-09-11,HIGHNY-24SEP11,HIGHNY-24SEP11-B75.5,between,75,76,nws_climatological_report_daily,a6ce4cac04b81266,no,,0.0000,79,2024-09-12T06:18:00+00:00,CDUS41 KOKX 120618,nhigh: first final report with data,no,no,True,True,False,
2024-09-11,HIGHNY-24SEP11,HIGHNY-24SEP11-B77.5,between,77,78,nws_climatological_report_daily,a6ce4cac04b81266,no,,0.0000,79,2024-09-12T06:18:00+00:00,CDUS41 KOKX 120618,nhigh: first final report with data,no,no,True,True,False,
2024-09-11,HIGHNY-24SEP11,HIGHNY-24SEP11-B79.5,between,79,80,nws_climatological_report_daily,a6ce4cac04b81266,yes,79.00,1.0000,79,2024-09-12T06:18:00+00:00,CDUS41 KOKX 120618,nhigh: first final report with data,yes,yes,True,True,False,
2024-09-11,HIGHNY-24SEP11,HIGHNY-24SEP11-T73,less,,73,nws_climatological_report_daily,a6ce4cac04b81266,no,,0.0000,79,2024-09-12T06:18:00+00:00,CDUS41 KOKX 120618,nhigh: first final report with data,no,no,True,True,False,
2024-09-11,HIGHNY-24SEP11,HIGHNY-24SEP11-T80,greater,80,,nws_climatological_report_daily,a6ce4cac04b81266,no,,0.0000,79,2024-09-12T06:18:00+00:00,CDUS41 KOKX 120618,nhigh: first final report with data,no,no,True,True,False,
2024-09-12,HIGHNY-24SEP12,HIGHNY-24SEP12-B76.5,between,76,77,nws_climatological_report_daily,a6ce4cac04b81266,no,,0.0000,80,2024-09-13T06:19:00+00:00,CDUS41 KOKX 130619,nhigh: first final report with data,no,no,True,True,False,
2024-09-12,HIGHNY-24SEP12,HIGHNY-24SEP12-B78.5,between,78,79,nws_climatological_report_daily,a6ce4cac04b81266,no,,0.0000,80,2024-09-13T06:19:00+00:00,CDUS41 KOKX 130619,nhigh: first final report with data,no,no,True,True,False,
2024-09-12,HIGHNY-24SEP12,HIGHNY-24SEP12-B80.5,between,80,81,nws_climatological_report_daily,a6ce4cac04b81266,yes,80.00,1.0000,80,2024-09-13T06:19:00+00:00,CDUS41 KOKX 130619,nhigh: first final report with data,yes,yes,True,True,False,
2024-09-12,HIGHNY-24SEP12,HIGHNY-24SEP12-B82.5,between,82,83,nws_climatological_report_daily,a6ce4cac04b81266,no,,0.0000,80,2024-09-13T06:19:00+00:00,CDUS41 KOKX 130619,nhigh: first final report with data,no,no,True,True,False,
2024-09-12,HIGHNY-24SEP12,HIGHNY-24SEP12-T76,less,,76,nws_climatological_report_daily,a6ce4cac04b81266,no,,0.0000,80,2024-09-13T06:19:00+00:00,CDUS41 KOKX 130619,nhigh: first final report with data,no,no,True,True,False,
2024-09-12,HIGHNY-24SEP12,HIGHNY-24SEP12-T83,greater,83,,nws_climatological_report_daily,a6ce4cac04b81266,no,,0.0000,80,2024-09-13T06:19:00+00:00,CDUS41 KOKX 130619,nhigh: first final report with data,no,no,True,True,False,
2024-09-13,HIGHNY-24SEP13,HIGHNY-24SEP13-B78.5,between,78,79,nws_climatological_report_daily,a6ce4cac04b81266,no,,0.0000,82,2024-09-14T06:20:00+00:00,CDUS41 KOKX 140620,nhigh: first final report with data,no,no,True,True,False,
2024-09-13,HIGHNY-24SEP13,HIGHNY-24SEP13-B80.5,between,80,81,nws_climatological_report_daily,a6ce4cac04b81266,no,,0.0000,82,2024-09-14T06:20:00+00:00,CDUS41 KOKX 140620,nhigh: first final report with data,no,no,True,True,False,
2024-09-13,HIGHNY-24SEP13,HIGHNY-24SEP13-B82.5,between,82,83,nws_climatological_report_daily,a6ce4cac04b81266,yes,82.00,1.0000,82,2024-09-14T06:20:00+00:00,CDUS41 KOKX 140620,nhigh: first final report with data,yes,yes,True,True,False,
2024-09-13,HIGHNY-24SEP13,HIGHNY-24SEP13-B84.5,between,84,85,nws_climatological_report_daily,a6ce4cac04b81266,no,,0.0000,82,2024-09-14T06:20:00+00:00,CDUS41 KOKX 140620,nhigh: first final report with data,no,no,True,True,False,
2024-09-13,HIGHNY-24SEP13,HIGHNY-24SEP13-T78,less,,78,nws_climatological_report_daily,a6ce4cac04b81266,no,,0.0000,82,2024-09-14T06:20:00+00:00,CDUS41 KOKX 140620,nhigh: first final report with data,no,no,True,True,False,
2024-09-13,HIGHNY-24SEP13,HIGHNY-24SEP13-T85,greater,85,,nws_climatological_report_daily,a6ce4cac04b81266,no,,0.0000,82,2024-09-14T06:20:00+00:00,CDUS41 KOKX 140620,nhigh: first final report with data,no,no,True,True,False,
2024-09-14,HIGHNY-24SEP14,HIGHNY-24SEP14-B78.5,between,78,79,nws_climatological_report_daily,a6ce4cac04b81266,no,,0.0000,83,2024-09-15T06:19:00+00:00,CDUS41 KOKX 150619,nhigh: first final report with data,no,no,True,True,False,
2024-09-14,HIGHNY-24SEP14,HIGHNY-24SEP14-B80.5,between,80,81,nws_climatological_report_daily,a6ce4cac04b81266,no,,0.0000,83,2024-09-15T06:19:00+00:00,CDUS41 KOKX 150619,nhigh: first final report with data,no,no,True,True,False,
2024-09-14,HIGHNY-24SEP14,HIGHNY-24SEP14-B82.5,between,82,83,nws_climatological_report_daily,a6ce4cac04b81266,yes,83.00,1.0000,83,2024-09-15T06:19:00+00:00,CDUS41 KOKX 150619,nhigh: first final report with data,yes,yes,True,True,False,
2024-09-14,HIGHNY-24SEP14,HIGHNY-24SEP14-B84.5,between,84,85,nws_climatological_report_daily,a6ce4cac04b81266,no,,0.0000,83,2024-09-15T06:19:00+00:00,CDUS41 KOKX 150619,nhigh: first final report with data,no,no,True,True,False,
2024-09-14,HIGHNY-24SEP14,HIGHNY-24SEP14-T78,less,,78,nws_climatological_report_daily,a6ce4cac04b81266,no,,0.0000,83,2024-09-15T06:19:00+00:00,CDUS41 KOKX 150619,nhigh: first final report with data,no,no,True,True,False,
2024-09-14,HIGHNY-24SEP14,HIGHNY-24SEP14-T85,greater,85,,nws_climatological_report_daily,a6ce4cac04b81266,no,,0.0000,83,2024-09-15T06:19:00+00:00,CDUS41 KOKX 150619,nhigh: first final report with data,no,no,True,True,False,
2024-09-15,HIGHNY-24SEP15,HIGHNY-24SEP15-B75.5,between,75,76,nws_climatological_report_daily,a6ce4cac04b81266,no,,0.0000,80,2024-09-16T06:28:00+00:00,CDUS41 KOKX 160628,nhigh: first final report with data,no,no,True,True,False,
2024-09-15,HIGHNY-24SEP15,HIGHNY-24SEP15-B77.5,between,77,78,nws_climatological_report_daily,a6ce4cac04b81266,no,,0.0000,80,2024-09-16T06:28:00+00:00,CDUS41 KOKX 160628,nhigh: first final report with data,no,no,True,True,False,
2024-09-15,HIGHNY-24SEP15,HIGHNY-24SEP15-B79.5,between,79,80,nws_climatological_report_daily,a6ce4cac04b81266,yes,80.00,1.0000,80,2024-09-16T06:28:00+00:00,CDUS41 KOKX 160628,nhigh: first final report with data,yes,yes,True,True,False,
2024-09-15,HIGHNY-24SEP15,HIGHNY-24SEP15-B81.5,between,81,82,nws_climatological_report_daily,a6ce4cac04b81266,no,,0.0000,80,2024-09-16T06:28:00+00:00,CDUS41 KOKX 160628,nhigh: first final report with data,no,no,True,True,False,
2024-09-15,HIGHNY-24SEP15,HIGHNY-24SEP15-T75,less,,75,nws_climatological_report_daily,a6ce4cac04b81266,no,,0.0000,80,2024-09-16T06:28:00+00:00,CDUS41 KOKX 160628,nhigh: first final report with data,no,no,True,True,False,
2024-09-15,HIGHNY-24SEP15,HIGHNY-24SEP15-T82,greater,82,,nws_climatological_report_daily,a6ce4cac04b81266,no,,0.0000,80,2024-09-16T06:28:00+00:00,CDUS41 KOKX 160628,nhigh: first final report with data,no,no,True,True,False,
2024-09-16,HIGHNY-24SEP16,HIGHNY-24SEP16-B73.5,between,73,74,nws_climatological_report_daily,a6ce4cac04b81266,no,,0.0000,77,2024-09-17T06:20:00+00:00,CDUS41 KOKX 170620,nhigh: first final report with data,no,no,True,True,False,
2024-09-16,HIGHNY-24SEP16,HIGHNY-24SEP16-B75.5,between,75,76,nws_climatological_report_daily,a6ce4cac04b81266,no,,0.0000,77,2024-09-17T06:20:00+00:00,CDUS41 KOKX 170620,nhigh: first final report with data,no,no,True,True,False,
2024-09-16,HIGHNY-24SEP16,HIGHNY-24SEP16-B77.5,between,77,78,nws_climatological_report_daily,a6ce4cac04b81266,yes,77.00,1.0000,77,2024-09-17T06:20:00+00:00,CDUS41 KOKX 170620,nhigh: first final report with data,yes,yes,True,True,False,
2024-09-16,HIGHNY-24SEP16,HIGHNY-24SEP16-B79.5,between,79,80,nws_climatological_report_daily,a6ce4cac04b81266,no,,0.0000,77,2024-09-17T06:20:00+00:00,CDUS41 KOKX 170620,nhigh: first final report with data,no,no,True,True,False,
2024-09-16,HIGHNY-24SEP16,HIGHNY-24SEP16-T73,less,,73,nws_climatological_report_daily,a6ce4cac04b81266,no,,0.0000,77,2024-09-17T06:20:00+00:00,CDUS41 KOKX 170620,nhigh: first final report with data,no,no,True,True,False,
2024-09-16,HIGHNY-24SEP16,HIGHNY-24SEP16-T80,greater,80,,nws_climatological_report_daily,a6ce4cac04b81266,no,,0.0000,77,2024-09-17T06:20:00+00:00,CDUS41 KOKX 170620,nhigh: first final report with data,no,no,True,True,False,
2024-09-17,HIGHNY-24SEP17,HIGHNY-24SEP17-B74.5,between,74,75,nws_climatological_report_daily,a6ce4cac04b81266,no,,0.0000,79,2024-09-18T06:21:00+00:00,CDUS41 KOKX 180621,nhigh: first final report with data,no,no,True,True,False,
2024-09-17,HIGHNY-24SEP17,HIGHNY-24SEP17-B76.5,between,76,77,nws_climatological_report_daily,a6ce4cac04b81266,no,,0.0000,79,2024-09-18T06:21:00+00:00,CDUS41 KOKX 180621,nhigh: first final report with data,no,no,True,True,False,
2024-09-17,HIGHNY-24SEP17,HIGHNY-24SEP17-B78.5,between,78,79,nws_climatological_report_daily,a6ce4cac04b81266,yes,79.00,1.0000,79,2024-09-18T06:21:00+00:00,CDUS41 KOKX 180621,nhigh: first final report with data,yes,yes,True,True,False,
2024-09-17,HIGHNY-24SEP17,HIGHNY-24SEP17-B80.5,between,80,81,nws_climatological_report_daily,a6ce4cac04b81266,no,,0.0000,79,2024-09-18T06:21:00+00:00,CDUS41 KOKX 180621,nhigh: first final report with data,no,no,True,True,False,
2024-09-17,HIGHNY-24SEP17,HIGHNY-24SEP17-T74,less,,74,nws_climatological_report_daily,a6ce4cac04b81266,no,,0.0000,79,2024-09-18T06:21:00+00:00,CDUS41 KOKX 180621,nhigh: first final report with data,no,no,True,True,False,
2024-09-17,HIGHNY-24SEP17,HIGHNY-24SEP17-T81,greater,81,,nws_climatological_report_daily,a6ce4cac04b81266,no,,0.0000,79,2024-09-18T06:21:00+00:00,CDUS41 KOKX 180621,nhigh: first final report with data,no,no,True,True,False,
2024-09-18,HIGHNY-24SEP18,HIGHNY-24SEP18-B70.5,between,70,71,nws_climatological_report_daily,a6ce4cac04b81266,no,,0.0000,75,2024-09-19T06:23:00+00:00,CDUS41 KOKX 190623,nhigh: first final report with data,no,no,True,True,False,
2024-09-18,HIGHNY-24SEP18,HIGHNY-24SEP18-B72.5,between,72,73,nws_climatological_report_daily,a6ce4cac04b81266,no,,0.0000,75,2024-09-19T06:23:00+00:00,CDUS41 KOKX 190623,nhigh: first final report with data,no,no,True,True,False,
2024-09-18,HIGHNY-24SEP18,HIGHNY-24SEP18-B74.5,between,74,75,nws_climatological_report_daily,a6ce4cac04b81266,yes,75.00,1.0000,75,2024-09-19T06:23:00+00:00,CDUS41 KOKX 190623,nhigh: first final report with data,yes,yes,True,True,False,
2024-09-18,HIGHNY-24SEP18,HIGHNY-24SEP18-B76.5,between,76,77,nws_climatological_report_daily,a6ce4cac04b81266,no,,0.0000,75,2024-09-19T06:23:00+00:00,CDUS41 KOKX 190623,nhigh: first final report with data,no,no,True,True,False,
2024-09-18,HIGHNY-24SEP18,HIGHNY-24SEP18-T70,less,,70,nws_climatological_report_daily,a6ce4cac04b81266,no,,0.0000,75,2024-09-19T06:23:00+00:00,CDUS41 KOKX 190623,nhigh: first final report with data,no,no,True,True,False,
2024-09-18,HIGHNY-24SEP18,HIGHNY-24SEP18-T77,greater,77,,nws_climatological_report_daily,a6ce4cac04b81266,no,,0.0000,75,2024-09-19T06:23:00+00:00,CDUS41 KOKX 190623,nhigh: first final report with data,no,no,True,True,False,
2024-09-19,HIGHNY-24SEP19,HIGHNY-24SEP19-B72.5,between,72,73,nws_climatological_report_daily,a6ce4cac04b81266,no,,0.0000,84,2024-09-20T06:28:00+00:00,CDUS41 KOKX 200628,nhigh: first final report with data,no,no,True,True,False,
2024-09-19,HIGHNY-24SEP19,HIGHNY-24SEP19-B74.5,between,74,75,nws_climatological_report_daily,a6ce4cac04b81266,no,,0.0000,84,2024-09-20T06:28:00+00:00,CDUS41 KOKX 200628,nhigh: first final report with data,no,no,True,True,False,
2024-09-19,HIGHNY-24SEP19,HIGHNY-24SEP19-B76.5,between,76,77,nws_climatological_report_daily,a6ce4cac04b81266,no,,0.0000,84,2024-09-20T06:28:00+00:00,CDUS41 KOKX 200628,nhigh: first final report with data,no,no,True,True,False,
2024-09-19,HIGHNY-24SEP19,HIGHNY-24SEP19-B78.5,between,78,79,nws_climatological_report_daily,a6ce4cac04b81266,no,,0.0000,84,2024-09-20T06:28:00+00:00,CDUS41 KOKX 200628,nhigh: first final report with data,no,no,True,True,False,
2024-09-19,HIGHNY-24SEP19,HIGHNY-24SEP19-T72,less,,72,nws_climatological_report_daily,a6ce4cac04b81266,no,,0.0000,84,2024-09-20T06:28:00+00:00,CDUS41 KOKX 200628,nhigh: first final report with data,no,no,True,True,False,
2024-09-19,HIGHNY-24SEP19,HIGHNY-24SEP19-T79,greater,79,,nws_climatological_report_daily,a6ce4cac04b81266,yes,84.00,1.0000,84,2024-09-20T06:28:00+00:00,CDUS41 KOKX 200628,nhigh: first final report with data,yes,yes,True,True,False,
2024-09-20,HIGHNY-24SEP20,HIGHNY-24SEP20-B72.5,between,72,73,nws_climatological_report_daily,a6ce4cac04b81266,no,,0.0000,81,2024-09-21T06:21:00+00:00,CDUS41 KOKX 210621,nhigh: first final report with data,no,no,True,True,False,
2024-09-20,HIGHNY-24SEP20,HIGHNY-24SEP20-B74.5,between,74,75,nws_climatological_report_daily,a6ce4cac04b81266,no,,0.0000,81,2024-09-21T06:21:00+00:00,CDUS41 KOKX 210621,nhigh: first final report with data,no,no,True,True,False,
2024-09-20,HIGHNY-24SEP20,HIGHNY-24SEP20-B76.5,between,76,77,nws_climatological_report_daily,a6ce4cac04b81266,no,,0.0000,81,2024-09-21T06:21:00+00:00,CDUS41 KOKX 210621,nhigh: first final report with data,no,no,True,True,False,
2024-09-20,HIGHNY-24SEP20,HIGHNY-24SEP20-B78.5,between,78,79,nws_climatological_report_daily,a6ce4cac04b81266,no,,0.0000,81,2024-09-21T06:21:00+00:00,CDUS41 KOKX 210621,nhigh: first final report with data,no,no,True,True,False,
2024-09-20,HIGHNY-24SEP20,HIGHNY-24SEP20-T72,less,,72,nws_climatological_report_daily,a6ce4cac04b81266,no,,0.0000,81,2024-09-21T06:21:00+00:00,CDUS41 KOKX 210621,nhigh: first final report with data,no,no,True,True,False,
2024-09-20,HIGHNY-24SEP20,HIGHNY-24SEP20-T79,greater,79,,nws_climatological_report_daily,a6ce4cac04b81266,yes,81.00,1.0000,81,2024-09-21T06:21:00+00:00,CDUS41 KOKX 210621,nhigh: first final report with data,yes,yes,True,True,False,
2024-09-21,HIGHNY-24SEP21,HIGHNY-24SEP21-B72.5,between,72,73,nws_climatological_report_daily,a6ce4cac04b81266,no,,0.0000,79,2024-09-22T06:22:00+00:00,CDUS41 KOKX 220622,nhigh: first final report with data,no,no,True,True,False,
2024-09-21,HIGHNY-24SEP21,HIGHNY-24SEP21-B74.5,between,74,75,nws_climatological_report_daily,a6ce4cac04b81266,no,,0.0000,79,2024-09-22T06:22:00+00:00,CDUS41 KOKX 220622,nhigh: first final report with data,no,no,True,True,False,
2024-09-21,HIGHNY-24SEP21,HIGHNY-24SEP21-B76.5,between,76,77,nws_climatological_report_daily,a6ce4cac04b81266,no,,0.0000,79,2024-09-22T06:22:00+00:00,CDUS41 KOKX 220622,nhigh: first final report with data,no,no,True,True,False,
2024-09-21,HIGHNY-24SEP21,HIGHNY-24SEP21-B78.5,between,78,79,nws_climatological_report_daily,a6ce4cac04b81266,yes,79.00,1.0000,79,2024-09-22T06:22:00+00:00,CDUS41 KOKX 220622,nhigh: first final report with data,yes,yes,True,True,False,
2024-09-21,HIGHNY-24SEP21,HIGHNY-24SEP21-T72,less,,72,nws_climatological_report_daily,a6ce4cac04b81266,no,,0.0000,79,2024-09-22T06:22:00+00:00,CDUS41 KOKX 220622,nhigh: first final report with data,no,no,True,True,False,
2024-09-21,HIGHNY-24SEP21,HIGHNY-24SEP21-T79,greater,79,,nws_climatological_report_daily,a6ce4cac04b81266,no,,0.0000,79,2024-09-22T06:22:00+00:00,CDUS41 KOKX 220622,nhigh: first final report with data,no,no,True,True,False,
2024-09-22,HIGHNY-24SEP22,HIGHNY-24SEP22-B69.5,between,69,70,nws_climatological_report_daily,a6ce4cac04b81266,no,,0.0000,74,2024-09-23T06:24:00+00:00,CDUS41 KOKX 230624,nhigh: first final report with data,no,no,True,True,False,
2024-09-22,HIGHNY-24SEP22,HIGHNY-24SEP22-B71.5,between,71,72,nws_climatological_report_daily,a6ce4cac04b81266,no,,0.0000,74,2024-09-23T06:24:00+00:00,CDUS41 KOKX 230624,nhigh: first final report with data,no,no,True,True,False,
2024-09-22,HIGHNY-24SEP22,HIGHNY-24SEP22-B73.5,between,73,74,nws_climatological_report_daily,a6ce4cac04b81266,yes,74.00,1.0000,74,2024-09-23T06:24:00+00:00,CDUS41 KOKX 230624,nhigh: first final report with data,yes,yes,True,True,False,
2024-09-22,HIGHNY-24SEP22,HIGHNY-24SEP22-B75.5,between,75,76,nws_climatological_report_daily,a6ce4cac04b81266,no,,0.0000,74,2024-09-23T06:24:00+00:00,CDUS41 KOKX 230624,nhigh: first final report with data,no,no,True,True,False,
2024-09-22,HIGHNY-24SEP22,HIGHNY-24SEP22-T69,less,,69,nws_climatological_report_daily,a6ce4cac04b81266,no,,0.0000,74,2024-09-23T06:24:00+00:00,CDUS41 KOKX 230624,nhigh: first final report with data,no,no,True,True,False,
2024-09-22,HIGHNY-24SEP22,HIGHNY-24SEP22-T76,greater,76,,nws_climatological_report_daily,a6ce4cac04b81266,no,,0.0000,74,2024-09-23T06:24:00+00:00,CDUS41 KOKX 230624,nhigh: first final report with data,no,no,True,True,False,
2024-09-23,HIGHNY-24SEP23,HIGHNY-24SEP23-B65.5,between,65,66,nws_climatological_report_daily,a6ce4cac04b81266,no,,0.0000,67,2024-09-24T06:22:00+00:00,CDUS41 KOKX 240622,nhigh: first final report with data,no,no,True,True,False,
2024-09-23,HIGHNY-24SEP23,HIGHNY-24SEP23-B67.5,between,67,68,nws_climatological_report_daily,a6ce4cac04b81266,yes,67.00,1.0000,67,2024-09-24T06:22:00+00:00,CDUS41 KOKX 240622,nhigh: first final report with data,yes,yes,True,True,False,
2024-09-23,HIGHNY-24SEP23,HIGHNY-24SEP23-B69.5,between,69,70,nws_climatological_report_daily,a6ce4cac04b81266,no,,0.0000,67,2024-09-24T06:22:00+00:00,CDUS41 KOKX 240622,nhigh: first final report with data,no,no,True,True,False,
2024-09-23,HIGHNY-24SEP23,HIGHNY-24SEP23-B71.5,between,71,72,nws_climatological_report_daily,a6ce4cac04b81266,no,,0.0000,67,2024-09-24T06:22:00+00:00,CDUS41 KOKX 240622,nhigh: first final report with data,no,no,True,True,False,
2024-09-23,HIGHNY-24SEP23,HIGHNY-24SEP23-T65,less,,65,nws_climatological_report_daily,a6ce4cac04b81266,no,,0.0000,67,2024-09-24T06:22:00+00:00,CDUS41 KOKX 240622,nhigh: first final report with data,no,no,True,True,False,
2024-09-23,HIGHNY-24SEP23,HIGHNY-24SEP23-T72,greater,72,,nws_climatological_report_daily,a6ce4cac04b81266,no,,0.0000,67,2024-09-24T06:22:00+00:00,CDUS41 KOKX 240622,nhigh: first final report with data,no,no,True,True,False,
2024-09-24,HIGHNY-24SEP24,HIGHNY-24SEP24-B66.5,between,66,67,nws_climatological_report_daily,a6ce4cac04b81266,no,,0.0000,68,2024-09-25T06:17:00+00:00,CDUS41 KOKX 250617,nhigh: first final report with data,no,no,True,True,False,
2024-09-24,HIGHNY-24SEP24,HIGHNY-24SEP24-B68.5,between,68,69,nws_climatological_report_daily,a6ce4cac04b81266,yes,68.00,1.0000,68,2024-09-25T06:17:00+00:00,CDUS41 KOKX 250617,nhigh: first final report with data,yes,yes,True,True,False,
2024-09-24,HIGHNY-24SEP24,HIGHNY-24SEP24-B70.5,between,70,71,nws_climatological_report_daily,a6ce4cac04b81266,no,,0.0000,68,2024-09-25T06:17:00+00:00,CDUS41 KOKX 250617,nhigh: first final report with data,no,no,True,True,False,
2024-09-24,HIGHNY-24SEP24,HIGHNY-24SEP24-B72.5,between,72,73,nws_climatological_report_daily,a6ce4cac04b81266,no,,0.0000,68,2024-09-25T06:17:00+00:00,CDUS41 KOKX 250617,nhigh: first final report with data,no,no,True,True,False,
2024-09-24,HIGHNY-24SEP24,HIGHNY-24SEP24-T66,less,,66,nws_climatological_report_daily,a6ce4cac04b81266,no,,0.0000,68,2024-09-25T06:17:00+00:00,CDUS41 KOKX 250617,nhigh: first final report with data,no,no,True,True,False,
2024-09-24,HIGHNY-24SEP24,HIGHNY-24SEP24-T73,greater,73,,nws_climatological_report_daily,a6ce4cac04b81266,no,,0.0000,68,2024-09-25T06:17:00+00:00,CDUS41 KOKX 250617,nhigh: first final report with data,no,no,True,True,False,
2024-09-25,HIGHNY-24SEP25,HIGHNY-24SEP25-B64.5,between,64,65,nws_climatological_report_daily,a6ce4cac04b81266,no,,0.0000,68,2024-09-26T06:39:00+00:00,CDUS41 KOKX 260639,nhigh: first final report with data,no,no,True,True,False,
2024-09-25,HIGHNY-24SEP25,HIGHNY-24SEP25-B66.5,between,66,67,nws_climatological_report_daily,a6ce4cac04b81266,no,,0.0000,68,2024-09-26T06:39:00+00:00,CDUS41 KOKX 260639,nhigh: first final report with data,no,no,True,True,False,
2024-09-25,HIGHNY-24SEP25,HIGHNY-24SEP25-B68.5,between,68,69,nws_climatological_report_daily,a6ce4cac04b81266,yes,68.00,1.0000,68,2024-09-26T06:39:00+00:00,CDUS41 KOKX 260639,nhigh: first final report with data,yes,yes,True,True,False,
2024-09-25,HIGHNY-24SEP25,HIGHNY-24SEP25-B70.5,between,70,71,nws_climatological_report_daily,a6ce4cac04b81266,no,,0.0000,68,2024-09-26T06:39:00+00:00,CDUS41 KOKX 260639,nhigh: first final report with data,no,no,True,True,False,
2024-09-25,HIGHNY-24SEP25,HIGHNY-24SEP25-T64,less,,64,nws_climatological_report_daily,a6ce4cac04b81266,no,,0.0000,68,2024-09-26T06:39:00+00:00,CDUS41 KOKX 260639,nhigh: first final report with data,no,no,True,True,False,
2024-09-25,HIGHNY-24SEP25,HIGHNY-24SEP25-T71,greater,71,,nws_climatological_report_daily,a6ce4cac04b81266,no,,0.0000,68,2024-09-26T06:39:00+00:00,CDUS41 KOKX 260639,nhigh: first final report with data,no,no,True,True,False,
2024-09-26,HIGHNY-24SEP26,HIGHNY-24SEP26-B72.5,between,72,73,nws_climatological_report_daily,a6ce4cac04b81266,no,,0.0000,74,2024-09-27T06:33:00+00:00,CDUS41 KOKX 270633,nhigh: first final report with data,no,no,True,True,False,
2024-09-26,HIGHNY-24SEP26,HIGHNY-24SEP26-B74.5,between,74,75,nws_climatological_report_daily,a6ce4cac04b81266,yes,74.00,1.0000,74,2024-09-27T06:33:00+00:00,CDUS41 KOKX 270633,nhigh: first final report with data,yes,yes,True,True,False,
2024-09-26,HIGHNY-24SEP26,HIGHNY-24SEP26-B76.5,between,76,77,nws_climatological_report_daily,a6ce4cac04b81266,no,,0.0000,74,2024-09-27T06:33:00+00:00,CDUS41 KOKX 270633,nhigh: first final report with data,no,no,True,True,False,
2024-09-26,HIGHNY-24SEP26,HIGHNY-24SEP26-B78.5,between,78,79,nws_climatological_report_daily,a6ce4cac04b81266,no,,0.0000,74,2024-09-27T06:33:00+00:00,CDUS41 KOKX 270633,nhigh: first final report with data,no,no,True,True,False,
2024-09-26,HIGHNY-24SEP26,HIGHNY-24SEP26-T72,less,,72,nws_climatological_report_daily,a6ce4cac04b81266,no,,0.0000,74,2024-09-27T06:33:00+00:00,CDUS41 KOKX 270633,nhigh: first final report with data,no,no,True,True,False,
2024-09-26,HIGHNY-24SEP26,HIGHNY-24SEP26-T79,greater,79,,nws_climatological_report_daily,a6ce4cac04b81266,no,,0.0000,74,2024-09-27T06:33:00+00:00,CDUS41 KOKX 270633,nhigh: first final report with data,no,no,True,True,False,
2024-09-27,HIGHNY-24SEP27,HIGHNY-24SEP27-B70.5,between,70,71,nws_climatological_report_daily,a6ce4cac04b81266,no,,0.0000,74,2024-09-28T06:19:00+00:00,CDUS41 KOKX 280619,nhigh: first final report with data,no,no,True,True,False,
2024-09-27,HIGHNY-24SEP27,HIGHNY-24SEP27-B72.5,between,72,73,nws_climatological_report_daily,a6ce4cac04b81266,no,,0.0000,74,2024-09-28T06:19:00+00:00,CDUS41 KOKX 280619,nhigh: first final report with data,no,no,True,True,False,
2024-09-27,HIGHNY-24SEP27,HIGHNY-24SEP27-B74.5,between,74,75,nws_climatological_report_daily,a6ce4cac04b81266,yes,74.00,1.0000,74,2024-09-28T06:19:00+00:00,CDUS41 KOKX 280619,nhigh: first final report with data,yes,yes,True,True,False,
2024-09-27,HIGHNY-24SEP27,HIGHNY-24SEP27-B76.5,between,76,77,nws_climatological_report_daily,a6ce4cac04b81266,no,,0.0000,74,2024-09-28T06:19:00+00:00,CDUS41 KOKX 280619,nhigh: first final report with data,no,no,True,True,False,
2024-09-27,HIGHNY-24SEP27,HIGHNY-24SEP27-T70,less,,70,nws_climatological_report_daily,a6ce4cac04b81266,no,,0.0000,74,2024-09-28T06:19:00+00:00,CDUS41 KOKX 280619,nhigh: first final report with data,no,no,True,True,False,
2024-09-27,HIGHNY-24SEP27,HIGHNY-24SEP27-T77,greater,77,,nws_climatological_report_daily,a6ce4cac04b81266,no,,0.0000,74,2024-09-28T06:19:00+00:00,CDUS41 KOKX 280619,nhigh: first final report with data,no,no,True,True,False,
2024-09-28,HIGHNY-24SEP28,HIGHNY-24SEP28-B68.5,between,68,69,nws_climatological_report_daily,a6ce4cac04b81266,yes,68.00,1.0000,68,2024-09-29T06:53:00+00:00,CDUS41 KOKX 290653,nhigh: first final report with data,yes,yes,True,True,False,
2024-09-28,HIGHNY-24SEP28,HIGHNY-24SEP28-B70.5,between,70,71,nws_climatological_report_daily,a6ce4cac04b81266,no,,0.0000,68,2024-09-29T06:53:00+00:00,CDUS41 KOKX 290653,nhigh: first final report with data,no,no,True,True,False,
2024-09-28,HIGHNY-24SEP28,HIGHNY-24SEP28-B72.5,between,72,73,nws_climatological_report_daily,a6ce4cac04b81266,no,,0.0000,68,2024-09-29T06:53:00+00:00,CDUS41 KOKX 290653,nhigh: first final report with data,no,no,True,True,False,
2024-09-28,HIGHNY-24SEP28,HIGHNY-24SEP28-B74.5,between,74,75,nws_climatological_report_daily,a6ce4cac04b81266,no,,0.0000,68,2024-09-29T06:53:00+00:00,CDUS41 KOKX 290653,nhigh: first final report with data,no,no,True,True,False,
2024-09-28,HIGHNY-24SEP28,HIGHNY-24SEP28-T68,less,,68,nws_climatological_report_daily,a6ce4cac04b81266,no,,0.0000,68,2024-09-29T06:53:00+00:00,CDUS41 KOKX 290653,nhigh: first final report with data,no,no,True,True,False,
2024-09-28,HIGHNY-24SEP28,HIGHNY-24SEP28-T75,greater,75,,nws_climatological_report_daily,a6ce4cac04b81266,no,,0.0000,68,2024-09-29T06:53:00+00:00,CDUS41 KOKX 290653,nhigh: first final report with data,no,no,True,True,False,
2024-09-29,HIGHNY-24SEP29,HIGHNY-24SEP29-B64.5,between,64,65,nws_climatological_report_daily,a6ce4cac04b81266,no,,0.0000,63,2024-09-30T06:25:00+00:00,CDUS41 KOKX 300625,nhigh: first final report with data,no,no,True,True,False,
2024-09-29,HIGHNY-24SEP29,HIGHNY-24SEP29-B66.5,between,66,67,nws_climatological_report_daily,a6ce4cac04b81266,no,,0.0000,63,2024-09-30T06:25:00+00:00,CDUS41 KOKX 300625,nhigh: first final report with data,no,no,True,True,False,
2024-09-29,HIGHNY-24SEP29,HIGHNY-24SEP29-B68.5,between,68,69,nws_climatological_report_daily,a6ce4cac04b81266,no,,0.0000,63,2024-09-30T06:25:00+00:00,CDUS41 KOKX 300625,nhigh: first final report with data,no,no,True,True,False,
2024-09-29,HIGHNY-24SEP29,HIGHNY-24SEP29-B70.5,between,70,71,nws_climatological_report_daily,a6ce4cac04b81266,no,,0.0000,63,2024-09-30T06:25:00+00:00,CDUS41 KOKX 300625,nhigh: first final report with data,no,no,True,True,False,
2024-09-29,HIGHNY-24SEP29,HIGHNY-24SEP29-T64,less,,64,nws_climatological_report_daily,a6ce4cac04b81266,yes,63.00,1.0000,63,2024-09-30T06:25:00+00:00,CDUS41 KOKX 300625,nhigh: first final report with data,yes,yes,True,True,False,
2024-09-29,HIGHNY-24SEP29,HIGHNY-24SEP29-T71,greater,71,,nws_climatological_report_daily,a6ce4cac04b81266,no,,0.0000,63,2024-09-30T06:25:00+00:00,CDUS41 KOKX 300625,nhigh: first final report with data,no,no,True,True,False,
2024-09-30,HIGHNY-24SEP30,HIGHNY-24SEP30-B69.5,between,69,70,nws_climatological_report_daily,a6ce4cac04b81266,no,,0.0000,72,2024-10-01T06:36:00+00:00,CDUS41 KOKX 010636,nhigh: first final report with data,no,no,True,True,False,
2024-09-30,HIGHNY-24SEP30,HIGHNY-24SEP30-B71.5,between,71,72,nws_climatological_report_daily,a6ce4cac04b81266,yes,72.00,1.0000,72,2024-10-01T06:36:00+00:00,CDUS41 KOKX 010636,nhigh: first final report with data,yes,yes,True,True,False,
2024-09-30,HIGHNY-24SEP30,HIGHNY-24SEP30-B73.5,between,73,74,nws_climatological_report_daily,a6ce4cac04b81266,no,,0.0000,72,2024-10-01T06:36:00+00:00,CDUS41 KOKX 010636,nhigh: first final report with data,no,no,True,True,False,
2024-09-30,HIGHNY-24SEP30,HIGHNY-24SEP30-B75.5,between,75,76,nws_climatological_report_daily,a6ce4cac04b81266,no,,0.0000,72,2024-10-01T06:36:00+00:00,CDUS41 KOKX 010636,nhigh: first final report with data,no,no,True,True,False,
2024-09-30,HIGHNY-24SEP30,HIGHNY-24SEP30-T69,less,,69,nws_climatological_report_daily,a6ce4cac04b81266,no,,0.0000,72,2024-10-01T06:36:00+00:00,CDUS41 KOKX 010636,nhigh: first final report with data,no,no,True,True,False,
2024-09-30,HIGHNY-24SEP30,HIGHNY-24SEP30-T76,greater,76,,nws_climatological_report_daily,a6ce4cac04b81266,no,,0.0000,72,2024-10-01T06:36:00+00:00,CDUS41 KOKX 010636,nhigh: first final report with data,no,no,True,True,False,
2024-10-01,HIGHNY-24OCT01,HIGHNY-24OCT01-B66.5,between,66,67,nws_climatological_report_daily,a6ce4cac04b81266,no,,0.0000,69,2024-10-02T06:16:00+00:00,CDUS41 KOKX 020616,nhigh: first final report with data,no,no,True,True,False,
2024-10-01,HIGHNY-24OCT01,HIGHNY-24OCT01-B68.5,between,68,69,nws_climatological_report_daily,a6ce4cac04b81266,yes,69.00,1.0000,69,2024-10-02T06:16:00+00:00,CDUS41 KOKX 020616,nhigh: first final report with data,yes,yes,True,True,False,
2024-10-01,HIGHNY-24OCT01,HIGHNY-24OCT01-B70.5,between,70,71,nws_climatological_report_daily,a6ce4cac04b81266,no,,0.0000,69,2024-10-02T06:16:00+00:00,CDUS41 KOKX 020616,nhigh: first final report with data,no,no,True,True,False,
2024-10-01,HIGHNY-24OCT01,HIGHNY-24OCT01-B72.5,between,72,73,nws_climatological_report_daily,a6ce4cac04b81266,no,,0.0000,69,2024-10-02T06:16:00+00:00,CDUS41 KOKX 020616,nhigh: first final report with data,no,no,True,True,False,
2024-10-01,HIGHNY-24OCT01,HIGHNY-24OCT01-T66,less,,66,nws_climatological_report_daily,a6ce4cac04b81266,no,,0.0000,69,2024-10-02T06:16:00+00:00,CDUS41 KOKX 020616,nhigh: first final report with data,no,no,True,True,False,
2024-10-01,HIGHNY-24OCT01,HIGHNY-24OCT01-T73,greater,73,,nws_climatological_report_daily,a6ce4cac04b81266,no,,0.0000,69,2024-10-02T06:16:00+00:00,CDUS41 KOKX 020616,nhigh: first final report with data,no,no,True,True,False,
2024-10-02,HIGHNY-24OCT02,HIGHNY-24OCT02-B64.5,between,64,65,nws_climatological_report_daily,a6ce4cac04b81266,no,,0.0000,68,2024-10-03T06:18:00+00:00,CDUS41 KOKX 030618,nhigh: first final report with data,no,no,True,True,False,
2024-10-02,HIGHNY-24OCT02,HIGHNY-24OCT02-B66.5,between,66,67,nws_climatological_report_daily,a6ce4cac04b81266,no,,0.0000,68,2024-10-03T06:18:00+00:00,CDUS41 KOKX 030618,nhigh: first final report with data,no,no,True,True,False,
2024-10-02,HIGHNY-24OCT02,HIGHNY-24OCT02-B68.5,between,68,69,nws_climatological_report_daily,a6ce4cac04b81266,yes,68.00,1.0000,68,2024-10-03T06:18:00+00:00,CDUS41 KOKX 030618,nhigh: first final report with data,yes,yes,True,True,False,
2024-10-02,HIGHNY-24OCT02,HIGHNY-24OCT02-B70.5,between,70,71,nws_climatological_report_daily,a6ce4cac04b81266,no,,0.0000,68,2024-10-03T06:18:00+00:00,CDUS41 KOKX 030618,nhigh: first final report with data,no,no,True,True,False,
2024-10-02,HIGHNY-24OCT02,HIGHNY-24OCT02-T64,less,,64,nws_climatological_report_daily,a6ce4cac04b81266,no,,0.0000,68,2024-10-03T06:18:00+00:00,CDUS41 KOKX 030618,nhigh: first final report with data,no,no,True,True,False,
2024-10-02,HIGHNY-24OCT02,HIGHNY-24OCT02-T71,greater,71,,nws_climatological_report_daily,a6ce4cac04b81266,no,,0.0000,68,2024-10-03T06:18:00+00:00,CDUS41 KOKX 030618,nhigh: first final report with data,no,no,True,True,False,
2024-10-03,HIGHNY-24OCT03,HIGHNY-24OCT03-B68.5,between,68,69,nws_climatological_report_daily,a6ce4cac04b81266,no,,0.0000,72,2024-10-04T06:22:00+00:00,CDUS41 KOKX 040622,nhigh: first final report with data,no,no,True,True,False,
2024-10-03,HIGHNY-24OCT03,HIGHNY-24OCT03-B70.5,between,70,71,nws_climatological_report_daily,a6ce4cac04b81266,no,,0.0000,72,2024-10-04T06:22:00+00:00,CDUS41 KOKX 040622,nhigh: first final report with data,no,no,True,True,False,
2024-10-03,HIGHNY-24OCT03,HIGHNY-24OCT03-B72.5,between,72,73,nws_climatological_report_daily,a6ce4cac04b81266,yes,72.00,1.0000,72,2024-10-04T06:22:00+00:00,CDUS41 KOKX 040622,nhigh: first final report with data,yes,yes,True,True,False,
2024-10-03,HIGHNY-24OCT03,HIGHNY-24OCT03-B74.5,between,74,75,nws_climatological_report_daily,a6ce4cac04b81266,no,,0.0000,72,2024-10-04T06:22:00+00:00,CDUS41 KOKX 040622,nhigh: first final report with data,no,no,True,True,False,
2024-10-03,HIGHNY-24OCT03,HIGHNY-24OCT03-T68,less,,68,nws_climatological_report_daily,a6ce4cac04b81266,no,,0.0000,72,2024-10-04T06:22:00+00:00,CDUS41 KOKX 040622,nhigh: first final report with data,no,no,True,True,False,
2024-10-03,HIGHNY-24OCT03,HIGHNY-24OCT03-T75,greater,75,,nws_climatological_report_daily,a6ce4cac04b81266,no,,0.0000,72,2024-10-04T06:22:00+00:00,CDUS41 KOKX 040622,nhigh: first final report with data,no,no,True,True,False,
2024-10-04,HIGHNY-24OCT04,HIGHNY-24OCT04-B70.5,between,70,71,nws_climatological_report_daily,a6ce4cac04b81266,no,,0.0000,73,2024-10-05T06:23:00+00:00,CDUS41 KOKX 050623,nhigh: first final report with data,no,no,True,True,False,
2024-10-04,HIGHNY-24OCT04,HIGHNY-24OCT04-B72.5,between,72,73,nws_climatological_report_daily,a6ce4cac04b81266,yes,73.00,1.0000,73,2024-10-05T06:23:00+00:00,CDUS41 KOKX 050623,nhigh: first final report with data,yes,yes,True,True,False,
2024-10-04,HIGHNY-24OCT04,HIGHNY-24OCT04-B74.5,between,74,75,nws_climatological_report_daily,a6ce4cac04b81266,no,,0.0000,73,2024-10-05T06:23:00+00:00,CDUS41 KOKX 050623,nhigh: first final report with data,no,no,True,True,False,
2024-10-04,HIGHNY-24OCT04,HIGHNY-24OCT04-B76.5,between,76,77,nws_climatological_report_daily,a6ce4cac04b81266,no,,0.0000,73,2024-10-05T06:23:00+00:00,CDUS41 KOKX 050623,nhigh: first final report with data,no,no,True,True,False,
2024-10-04,HIGHNY-24OCT04,HIGHNY-24OCT04-T70,less,,70,nws_climatological_report_daily,a6ce4cac04b81266,no,,0.0000,73,2024-10-05T06:23:00+00:00,CDUS41 KOKX 050623,nhigh: first final report with data,no,no,True,True,False,
2024-10-04,HIGHNY-24OCT04,HIGHNY-24OCT04-T77,greater,77,,nws_climatological_report_daily,a6ce4cac04b81266,no,,0.0000,73,2024-10-05T06:23:00+00:00,CDUS41 KOKX 050623,nhigh: first final report with data,no,no,True,True,False,
2024-10-05,HIGHNY-24OCT05,HIGHNY-24OCT05-B71.5,between,71,72,nws_climatological_report_daily,a6ce4cac04b81266,no,,0.0000,75,2024-10-06T06:17:00+00:00,CDUS41 KOKX 060617,nhigh: first final report with data,no,no,True,True,False,
2024-10-05,HIGHNY-24OCT05,HIGHNY-24OCT05-B73.5,between,73,74,nws_climatological_report_daily,a6ce4cac04b81266,no,,0.0000,75,2024-10-06T06:17:00+00:00,CDUS41 KOKX 060617,nhigh: first final report with data,no,no,True,True,False,
2024-10-05,HIGHNY-24OCT05,HIGHNY-24OCT05-B75.5,between,75,76,nws_climatological_report_daily,a6ce4cac04b81266,yes,75.00,1.0000,75,2024-10-06T06:17:00+00:00,CDUS41 KOKX 060617,nhigh: first final report with data,yes,yes,True,True,False,
2024-10-05,HIGHNY-24OCT05,HIGHNY-24OCT05-B77.5,between,77,78,nws_climatological_report_daily,a6ce4cac04b81266,no,,0.0000,75,2024-10-06T06:17:00+00:00,CDUS41 KOKX 060617,nhigh: first final report with data,no,no,True,True,False,
2024-10-05,HIGHNY-24OCT05,HIGHNY-24OCT05-T71,less,,71,nws_climatological_report_daily,a6ce4cac04b81266,no,,0.0000,75,2024-10-06T06:17:00+00:00,CDUS41 KOKX 060617,nhigh: first final report with data,no,no,True,True,False,
2024-10-05,HIGHNY-24OCT05,HIGHNY-24OCT05-T78,greater,78,,nws_climatological_report_daily,a6ce4cac04b81266,no,,0.0000,75,2024-10-06T06:17:00+00:00,CDUS41 KOKX 060617,nhigh: first final report with data,no,no,True,True,False,
2024-10-06,HIGHNY-24OCT06,HIGHNY-24OCT06-B67.5,between,67,68,nws_climatological_report_daily,a6ce4cac04b81266,no,,0.0000,71,2024-10-07T06:38:00+00:00,CDUS41 KOKX 070638,nhigh: first final report with data,no,no,True,True,False,
2024-10-06,HIGHNY-24OCT06,HIGHNY-24OCT06-B69.5,between,69,70,nws_climatological_report_daily,a6ce4cac04b81266,no,,0.0000,71,2024-10-07T06:38:00+00:00,CDUS41 KOKX 070638,nhigh: first final report with data,no,no,True,True,False,
2024-10-06,HIGHNY-24OCT06,HIGHNY-24OCT06-B71.5,between,71,72,nws_climatological_report_daily,a6ce4cac04b81266,yes,71.00,1.0000,71,2024-10-07T06:38:00+00:00,CDUS41 KOKX 070638,nhigh: first final report with data,yes,yes,True,True,False,
2024-10-06,HIGHNY-24OCT06,HIGHNY-24OCT06-B73.5,between,73,74,nws_climatological_report_daily,a6ce4cac04b81266,no,,0.0000,71,2024-10-07T06:38:00+00:00,CDUS41 KOKX 070638,nhigh: first final report with data,no,no,True,True,False,
2024-10-06,HIGHNY-24OCT06,HIGHNY-24OCT06-T67,less,,67,nws_climatological_report_daily,a6ce4cac04b81266,no,,0.0000,71,2024-10-07T06:38:00+00:00,CDUS41 KOKX 070638,nhigh: first final report with data,no,no,True,True,False,
2024-10-06,HIGHNY-24OCT06,HIGHNY-24OCT06-T74,greater,74,,nws_climatological_report_daily,a6ce4cac04b81266,no,,0.0000,71,2024-10-07T06:38:00+00:00,CDUS41 KOKX 070638,nhigh: first final report with data,no,no,True,True,False,
2024-10-07,HIGHNY-24OCT07,HIGHNY-24OCT07-B68.5,between,68,69,nws_climatological_report_daily,a6ce4cac04b81266,no,,0.0000,75,2024-10-08T06:45:00+00:00,CDUS41 KOKX 080645,nhigh: first final report with data,no,no,True,True,False,
2024-10-07,HIGHNY-24OCT07,HIGHNY-24OCT07-B70.5,between,70,71,nws_climatological_report_daily,a6ce4cac04b81266,no,,0.0000,75,2024-10-08T06:45:00+00:00,CDUS41 KOKX 080645,nhigh: first final report with data,no,no,True,True,False,
2024-10-07,HIGHNY-24OCT07,HIGHNY-24OCT07-B72.5,between,72,73,nws_climatological_report_daily,a6ce4cac04b81266,no,,0.0000,75,2024-10-08T06:45:00+00:00,CDUS41 KOKX 080645,nhigh: first final report with data,no,no,True,True,False,
2024-10-07,HIGHNY-24OCT07,HIGHNY-24OCT07-B74.5,between,74,75,nws_climatological_report_daily,a6ce4cac04b81266,yes,75.00,1.0000,75,2024-10-08T06:45:00+00:00,CDUS41 KOKX 080645,nhigh: first final report with data,yes,yes,True,True,False,
2024-10-07,HIGHNY-24OCT07,HIGHNY-24OCT07-T68,less,,68,nws_climatological_report_daily,a6ce4cac04b81266,no,,0.0000,75,2024-10-08T06:45:00+00:00,CDUS41 KOKX 080645,nhigh: first final report with data,no,no,True,True,False,
2024-10-07,HIGHNY-24OCT07,HIGHNY-24OCT07-T75,greater,75,,nws_climatological_report_daily,a6ce4cac04b81266,no,,0.0000,75,2024-10-08T06:45:00+00:00,CDUS41 KOKX 080645,nhigh: first final report with data,no,no,True,True,False,
2024-10-08,HIGHNY-24OCT08,HIGHNY-24OCT08-B64.5,between,64,65,nws_climatological_report_daily,a6ce4cac04b81266,no,,0.0000,68,2024-10-09T06:22:00+00:00,CDUS41 KOKX 090622,nhigh: first final report with data,no,no,True,True,False,
2024-10-08,HIGHNY-24OCT08,HIGHNY-24OCT08-B66.5,between,66,67,nws_climatological_report_daily,a6ce4cac04b81266,no,,0.0000,68,2024-10-09T06:22:00+00:00,CDUS41 KOKX 090622,nhigh: first final report with data,no,no,True,True,False,
2024-10-08,HIGHNY-24OCT08,HIGHNY-24OCT08-B68.5,between,68,69,nws_climatological_report_daily,a6ce4cac04b81266,yes,68.00,1.0000,68,2024-10-09T06:22:00+00:00,CDUS41 KOKX 090622,nhigh: first final report with data,yes,yes,True,True,False,
2024-10-08,HIGHNY-24OCT08,HIGHNY-24OCT08-B70.5,between,70,71,nws_climatological_report_daily,a6ce4cac04b81266,no,,0.0000,68,2024-10-09T06:22:00+00:00,CDUS41 KOKX 090622,nhigh: first final report with data,no,no,True,True,False,
2024-10-08,HIGHNY-24OCT08,HIGHNY-24OCT08-T64,less,,64,nws_climatological_report_daily,a6ce4cac04b81266,no,,0.0000,68,2024-10-09T06:22:00+00:00,CDUS41 KOKX 090622,nhigh: first final report with data,no,no,True,True,False,
2024-10-08,HIGHNY-24OCT08,HIGHNY-24OCT08-T71,greater,71,,nws_climatological_report_daily,a6ce4cac04b81266,no,,0.0000,68,2024-10-09T06:22:00+00:00,CDUS41 KOKX 090622,nhigh: first final report with data,no,no,True,True,False,
2024-10-09,HIGHNY-24OCT09,HIGHNY-24OCT09-B63.5,between,63,64,nws_climatological_report_daily,a6ce4cac04b81266,no,,0.0000,68,2024-10-10T06:37:00+00:00,CDUS41 KOKX 100637,nhigh: first final report with data,no,no,True,True,False,
2024-10-09,HIGHNY-24OCT09,HIGHNY-24OCT09-B65.5,between,65,66,nws_climatological_report_daily,a6ce4cac04b81266,no,,0.0000,68,2024-10-10T06:37:00+00:00,CDUS41 KOKX 100637,nhigh: first final report with data,no,no,True,True,False,
2024-10-09,HIGHNY-24OCT09,HIGHNY-24OCT09-B67.5,between,67,68,nws_climatological_report_daily,a6ce4cac04b81266,yes,68.00,1.0000,68,2024-10-10T06:37:00+00:00,CDUS41 KOKX 100637,nhigh: first final report with data,yes,yes,True,True,False,
2024-10-09,HIGHNY-24OCT09,HIGHNY-24OCT09-B69.5,between,69,70,nws_climatological_report_daily,a6ce4cac04b81266,no,,0.0000,68,2024-10-10T06:37:00+00:00,CDUS41 KOKX 100637,nhigh: first final report with data,no,no,True,True,False,
2024-10-09,HIGHNY-24OCT09,HIGHNY-24OCT09-T63,less,,63,nws_climatological_report_daily,a6ce4cac04b81266,no,,0.0000,68,2024-10-10T06:37:00+00:00,CDUS41 KOKX 100637,nhigh: first final report with data,no,no,True,True,False,
2024-10-09,HIGHNY-24OCT09,HIGHNY-24OCT09-T70,greater,70,,nws_climatological_report_daily,a6ce4cac04b81266,no,,0.0000,68,2024-10-10T06:37:00+00:00,CDUS41 KOKX 100637,nhigh: first final report with data,no,no,True,True,False,
2024-10-10,HIGHNY-24OCT10,HIGHNY-24OCT10-B57.5,between,57,58,nws_climatological_report_daily,a6ce4cac04b81266,no,,0.0000,62,2024-10-11T06:25:00+00:00,CDUS41 KOKX 110625,nhigh: first final report with data,no,no,True,True,False,
2024-10-10,HIGHNY-24OCT10,HIGHNY-24OCT10-B59.5,between,59,60,nws_climatological_report_daily,a6ce4cac04b81266,no,,0.0000,62,2024-10-11T06:25:00+00:00,CDUS41 KOKX 110625,nhigh: first final report with data,no,no,True,True,False,
2024-10-10,HIGHNY-24OCT10,HIGHNY-24OCT10-B61.5,between,61,62,nws_climatological_report_daily,a6ce4cac04b81266,yes,62.00,1.0000,62,2024-10-11T06:25:00+00:00,CDUS41 KOKX 110625,nhigh: first final report with data,yes,yes,True,True,False,
2024-10-10,HIGHNY-24OCT10,HIGHNY-24OCT10-B63.5,between,63,64,nws_climatological_report_daily,a6ce4cac04b81266,no,,0.0000,62,2024-10-11T06:25:00+00:00,CDUS41 KOKX 110625,nhigh: first final report with data,no,no,True,True,False,
2024-10-10,HIGHNY-24OCT10,HIGHNY-24OCT10-T57,less,,57,nws_climatological_report_daily,a6ce4cac04b81266,no,,0.0000,62,2024-10-11T06:25:00+00:00,CDUS41 KOKX 110625,nhigh: first final report with data,no,no,True,True,False,
2024-10-10,HIGHNY-24OCT10,HIGHNY-24OCT10-T64,greater,64,,nws_climatological_report_daily,a6ce4cac04b81266,no,,0.0000,62,2024-10-11T06:25:00+00:00,CDUS41 KOKX 110625,nhigh: first final report with data,no,no,True,True,False,
2024-10-11,HIGHNY-24OCT11,HIGHNY-24OCT11-B64.5,between,64,65,nws_climatological_report_daily,a6ce4cac04b81266,no,,0.0000,68,2024-10-12T06:48:00+00:00,CDUS41 KOKX 120648,nhigh: first final report with data,no,no,True,True,False,
2024-10-11,HIGHNY-24OCT11,HIGHNY-24OCT11-B66.5,between,66,67,nws_climatological_report_daily,a6ce4cac04b81266,no,,0.0000,68,2024-10-12T06:48:00+00:00,CDUS41 KOKX 120648,nhigh: first final report with data,no,no,True,True,False,
2024-10-11,HIGHNY-24OCT11,HIGHNY-24OCT11-B68.5,between,68,69,nws_climatological_report_daily,a6ce4cac04b81266,yes,68.00,1.0000,68,2024-10-12T06:48:00+00:00,CDUS41 KOKX 120648,nhigh: first final report with data,yes,yes,True,True,False,
2024-10-11,HIGHNY-24OCT11,HIGHNY-24OCT11-B70.5,between,70,71,nws_climatological_report_daily,a6ce4cac04b81266,no,,0.0000,68,2024-10-12T06:48:00+00:00,CDUS41 KOKX 120648,nhigh: first final report with data,no,no,True,True,False,
2024-10-11,HIGHNY-24OCT11,HIGHNY-24OCT11-T64,less,,64,nws_climatological_report_daily,a6ce4cac04b81266,no,,0.0000,68,2024-10-12T06:48:00+00:00,CDUS41 KOKX 120648,nhigh: first final report with data,no,no,True,True,False,
2024-10-11,HIGHNY-24OCT11,HIGHNY-24OCT11-T71,greater,71,,nws_climatological_report_daily,a6ce4cac04b81266,no,,0.0000,68,2024-10-12T06:48:00+00:00,CDUS41 KOKX 120648,nhigh: first final report with data,no,no,True,True,False,
2024-10-12,HIGHNY-24OCT12,HIGHNY-24OCT12-B71.5,between,71,72,nws_climatological_report_daily,a6ce4cac04b81266,no,,0.0000,74,2024-10-13T06:29:00+00:00,CDUS41 KOKX 130629,nhigh: first final report with data,no,no,True,True,False,
2024-10-12,HIGHNY-24OCT12,HIGHNY-24OCT12-B73.5,between,73,74,nws_climatological_report_daily,a6ce4cac04b81266,yes,74.00,1.0000,74,2024-10-13T06:29:00+00:00,CDUS41 KOKX 130629,nhigh: first final report with data,yes,yes,True,True,False,
2024-10-12,HIGHNY-24OCT12,HIGHNY-24OCT12-B75.5,between,75,76,nws_climatological_report_daily,a6ce4cac04b81266,no,,0.0000,74,2024-10-13T06:29:00+00:00,CDUS41 KOKX 130629,nhigh: first final report with data,no,no,True,True,False,
2024-10-12,HIGHNY-24OCT12,HIGHNY-24OCT12-B77.5,between,77,78,nws_climatological_report_daily,a6ce4cac04b81266,no,,0.0000,74,2024-10-13T06:29:00+00:00,CDUS41 KOKX 130629,nhigh: first final report with data,no,no,True,True,False,
2024-10-12,HIGHNY-24OCT12,HIGHNY-24OCT12-T71,less,,71,nws_climatological_report_daily,a6ce4cac04b81266,no,,0.0000,74,2024-10-13T06:29:00+00:00,CDUS41 KOKX 130629,nhigh: first final report with data,no,no,True,True,False,
2024-10-12,HIGHNY-24OCT12,HIGHNY-24OCT12-T78,greater,78,,nws_climatological_report_daily,a6ce4cac04b81266,no,,0.0000,74,2024-10-13T06:29:00+00:00,CDUS41 KOKX 130629,nhigh: first final report with data,no,no,True,True,False,
2024-10-13,HIGHNY-24OCT13,HIGHNY-24OCT13-B65.5,between,65,66,nws_climatological_report_daily,a6ce4cac04b81266,no,,0.0000,69,2024-10-14T06:31:00+00:00,CDUS41 KOKX 140631,nhigh: first final report with data,no,no,True,True,False,
2024-10-13,HIGHNY-24OCT13,HIGHNY-24OCT13-B67.5,between,67,68,nws_climatological_report_daily,a6ce4cac04b81266,no,,0.0000,69,2024-10-14T06:31:00+00:00,CDUS41 KOKX 140631,nhigh: first final report with data,no,no,True,True,False,
2024-10-13,HIGHNY-24OCT13,HIGHNY-24OCT13-B69.5,between,69,70,nws_climatological_report_daily,a6ce4cac04b81266,yes,69.00,1.0000,69,2024-10-14T06:31:00+00:00,CDUS41 KOKX 140631,nhigh: first final report with data,yes,yes,True,True,False,
2024-10-13,HIGHNY-24OCT13,HIGHNY-24OCT13-B71.5,between,71,72,nws_climatological_report_daily,a6ce4cac04b81266,no,,0.0000,69,2024-10-14T06:31:00+00:00,CDUS41 KOKX 140631,nhigh: first final report with data,no,no,True,True,False,
2024-10-13,HIGHNY-24OCT13,HIGHNY-24OCT13-T65,less,,65,nws_climatological_report_daily,a6ce4cac04b81266,no,,0.0000,69,2024-10-14T06:31:00+00:00,CDUS41 KOKX 140631,nhigh: first final report with data,no,no,True,True,False,
2024-10-13,HIGHNY-24OCT13,HIGHNY-24OCT13-T72,greater,72,,nws_climatological_report_daily,a6ce4cac04b81266,no,,0.0000,69,2024-10-14T06:31:00+00:00,CDUS41 KOKX 140631,nhigh: first final report with data,no,no,True,True,False,
2024-10-14,HIGHNY-24OCT14,HIGHNY-24OCT14-B59.5,between,59,60,nws_climatological_report_daily,a6ce4cac04b81266,no,,0.0000,66,2024-10-15T06:20:00+00:00,CDUS41 KOKX 150620,nhigh: first final report with data,no,no,True,True,False,
2024-10-14,HIGHNY-24OCT14,HIGHNY-24OCT14-B61.5,between,61,62,nws_climatological_report_daily,a6ce4cac04b81266,no,,0.0000,66,2024-10-15T06:20:00+00:00,CDUS41 KOKX 150620,nhigh: first final report with data,no,no,True,True,False,
2024-10-14,HIGHNY-24OCT14,HIGHNY-24OCT14-B63.5,between,63,64,nws_climatological_report_daily,a6ce4cac04b81266,no,,0.0000,66,2024-10-15T06:20:00+00:00,CDUS41 KOKX 150620,nhigh: first final report with data,no,no,True,True,False,
2024-10-14,HIGHNY-24OCT14,HIGHNY-24OCT14-B65.5,between,65,66,nws_climatological_report_daily,a6ce4cac04b81266,yes,66.00,1.0000,66,2024-10-15T06:20:00+00:00,CDUS41 KOKX 150620,nhigh: first final report with data,yes,yes,True,True,False,
2024-10-14,HIGHNY-24OCT14,HIGHNY-24OCT14-T59,less,,59,nws_climatological_report_daily,a6ce4cac04b81266,no,,0.0000,66,2024-10-15T06:20:00+00:00,CDUS41 KOKX 150620,nhigh: first final report with data,no,no,True,True,False,
2024-10-14,HIGHNY-24OCT14,HIGHNY-24OCT14-T66,greater,66,,nws_climatological_report_daily,a6ce4cac04b81266,no,,0.0000,66,2024-10-15T06:20:00+00:00,CDUS41 KOKX 150620,nhigh: first final report with data,no,no,True,True,False,
2024-10-15,HIGHNY-24OCT15,HIGHNY-24OCT15-B52.5,between,52,53,nws_climatological_report_daily,a6ce4cac04b81266,no,,0.0000,57,2024-10-16T06:21:00+00:00,CDUS41 KOKX 160621,nhigh: first final report with data,no,no,True,True,False,
2024-10-15,HIGHNY-24OCT15,HIGHNY-24OCT15-B54.5,between,54,55,nws_climatological_report_daily,a6ce4cac04b81266,no,,0.0000,57,2024-10-16T06:21:00+00:00,CDUS41 KOKX 160621,nhigh: first final report with data,no,no,True,True,False,
2024-10-15,HIGHNY-24OCT15,HIGHNY-24OCT15-B56.5,between,56,57,nws_climatological_report_daily,a6ce4cac04b81266,yes,57.00,1.0000,57,2024-10-16T06:21:00+00:00,CDUS41 KOKX 160621,nhigh: first final report with data,yes,yes,True,True,False,
2024-10-15,HIGHNY-24OCT15,HIGHNY-24OCT15-B58.5,between,58,59,nws_climatological_report_daily,a6ce4cac04b81266,no,,0.0000,57,2024-10-16T06:21:00+00:00,CDUS41 KOKX 160621,nhigh: first final report with data,no,no,True,True,False,
2024-10-15,HIGHNY-24OCT15,HIGHNY-24OCT15-T52,less,,52,nws_climatological_report_daily,a6ce4cac04b81266,no,,0.0000,57,2024-10-16T06:21:00+00:00,CDUS41 KOKX 160621,nhigh: first final report with data,no,no,True,True,False,
2024-10-15,HIGHNY-24OCT15,HIGHNY-24OCT15-T59,greater,59,,nws_climatological_report_daily,a6ce4cac04b81266,no,,0.0000,57,2024-10-16T06:21:00+00:00,CDUS41 KOKX 160621,nhigh: first final report with data,no,no,True,True,False,
2024-10-16,HIGHNY-24OCT16,HIGHNY-24OCT16-B51.5,between,51,52,nws_climatological_report_daily,a6ce4cac04b81266,no,,0.0000,59,2024-10-17T06:28:00+00:00,CDUS41 KOKX 170628,nhigh: first final report with data,no,no,True,True,False,
2024-10-16,HIGHNY-24OCT16,HIGHNY-24OCT16-B53.5,between,53,54,nws_climatological_report_daily,a6ce4cac04b81266,no,,0.0000,59,2024-10-17T06:28:00+00:00,CDUS41 KOKX 170628,nhigh: first final report with data,no,no,True,True,False,
2024-10-16,HIGHNY-24OCT16,HIGHNY-24OCT16-B55.5,between,55,56,nws_climatological_report_daily,a6ce4cac04b81266,no,,0.0000,59,2024-10-17T06:28:00+00:00,CDUS41 KOKX 170628,nhigh: first final report with data,no,no,True,True,False,
2024-10-16,HIGHNY-24OCT16,HIGHNY-24OCT16-B57.5,between,57,58,nws_climatological_report_daily,a6ce4cac04b81266,no,,0.0000,59,2024-10-17T06:28:00+00:00,CDUS41 KOKX 170628,nhigh: first final report with data,no,no,True,True,False,
2024-10-16,HIGHNY-24OCT16,HIGHNY-24OCT16-T51,less,,51,nws_climatological_report_daily,a6ce4cac04b81266,no,,0.0000,59,2024-10-17T06:28:00+00:00,CDUS41 KOKX 170628,nhigh: first final report with data,no,no,True,True,False,
2024-10-16,HIGHNY-24OCT16,HIGHNY-24OCT16-T58,greater,58,,nws_climatological_report_daily,a6ce4cac04b81266,yes,59.00,1.0000,59,2024-10-17T06:28:00+00:00,CDUS41 KOKX 170628,nhigh: first final report with data,yes,yes,True,True,False,
2024-10-17,HIGHNY-24OCT17,HIGHNY-24OCT17-B55.5,between,55,56,nws_climatological_report_daily,a6ce4cac04b81266,no,,0.0000,58,2024-10-18T06:16:00+00:00,CDUS41 KOKX 180616,nhigh: first final report with data,no,no,True,True,False,
2024-10-17,HIGHNY-24OCT17,HIGHNY-24OCT17-B57.5,between,57,58,nws_climatological_report_daily,a6ce4cac04b81266,yes,58.00,1.0000,58,2024-10-18T06:16:00+00:00,CDUS41 KOKX 180616,nhigh: first final report with data,yes,yes,True,True,False,
2024-10-17,HIGHNY-24OCT17,HIGHNY-24OCT17-B59.5,between,59,60,nws_climatological_report_daily,a6ce4cac04b81266,no,,0.0000,58,2024-10-18T06:16:00+00:00,CDUS41 KOKX 180616,nhigh: first final report with data,no,no,True,True,False,
2024-10-17,HIGHNY-24OCT17,HIGHNY-24OCT17-B61.5,between,61,62,nws_climatological_report_daily,a6ce4cac04b81266,no,,0.0000,58,2024-10-18T06:16:00+00:00,CDUS41 KOKX 180616,nhigh: first final report with data,no,no,True,True,False,
2024-10-17,HIGHNY-24OCT17,HIGHNY-24OCT17-T55,less,,55,nws_climatological_report_daily,a6ce4cac04b81266,no,,0.0000,58,2024-10-18T06:16:00+00:00,CDUS41 KOKX 180616,nhigh: first final report with data,no,no,True,True,False,
2024-10-17,HIGHNY-24OCT17,HIGHNY-24OCT17-T62,greater,62,,nws_climatological_report_daily,a6ce4cac04b81266,no,,0.0000,58,2024-10-18T06:16:00+00:00,CDUS41 KOKX 180616,nhigh: first final report with data,no,no,True,True,False,
2024-10-18,HIGHNY-24OCT18,HIGHNY-24OCT18-B61.5,between,61,62,nws_climatological_report_daily,a6ce4cac04b81266,no,,0.0000,66,2024-10-19T06:16:00+00:00,CDUS41 KOKX 190616,nhigh: first final report with data,no,no,True,True,False,
2024-10-18,HIGHNY-24OCT18,HIGHNY-24OCT18-B63.5,between,63,64,nws_climatological_report_daily,a6ce4cac04b81266,no,,0.0000,66,2024-10-19T06:16:00+00:00,CDUS41 KOKX 190616,nhigh: first final report with data,no,no,True,True,False,
2024-10-18,HIGHNY-24OCT18,HIGHNY-24OCT18-B65.5,between,65,66,nws_climatological_report_daily,a6ce4cac04b81266,yes,66.00,1.0000,66,2024-10-19T06:16:00+00:00,CDUS41 KOKX 190616,nhigh: first final report with data,yes,yes,True,True,False,
2024-10-18,HIGHNY-24OCT18,HIGHNY-24OCT18-B67.5,between,67,68,nws_climatological_report_daily,a6ce4cac04b81266,no,,0.0000,66,2024-10-19T06:16:00+00:00,CDUS41 KOKX 190616,nhigh: first final report with data,no,no,True,True,False,
2024-10-18,HIGHNY-24OCT18,HIGHNY-24OCT18-T61,less,,61,nws_climatological_report_daily,a6ce4cac04b81266,no,,0.0000,66,2024-10-19T06:16:00+00:00,CDUS41 KOKX 190616,nhigh: first final report with data,no,no,True,True,False,
2024-10-18,HIGHNY-24OCT18,HIGHNY-24OCT18-T68,greater,68,,nws_climatological_report_daily,a6ce4cac04b81266,no,,0.0000,66,2024-10-19T06:16:00+00:00,CDUS41 KOKX 190616,nhigh: first final report with data,no,no,True,True,False,
2024-10-19,HIGHNY-24OCT19,HIGHNY-24OCT19-B65.5,between,65,66,nws_climatological_report_daily,a6ce4cac04b81266,no,,0.0000,71,2024-10-20T08:11:00+00:00,CDUS41 KOKX 200811,nhigh: first final report with data,no,no,True,True,False,
2024-10-19,HIGHNY-24OCT19,HIGHNY-24OCT19-B67.5,between,67,68,nws_climatological_report_daily,a6ce4cac04b81266,no,,0.0000,71,2024-10-20T08:11:00+00:00,CDUS41 KOKX 200811,nhigh: first final report with data,no,no,True,True,False,
2024-10-19,HIGHNY-24OCT19,HIGHNY-24OCT19-B69.5,between,69,70,nws_climatological_report_daily,a6ce4cac04b81266,no,,0.0000,71,2024-10-20T08:11:00+00:00,CDUS41 KOKX 200811,nhigh: first final report with data,no,no,True,True,False,
2024-10-19,HIGHNY-24OCT19,HIGHNY-24OCT19-B71.5,between,71,72,nws_climatological_report_daily,a6ce4cac04b81266,yes,71.00,1.0000,71,2024-10-20T08:11:00+00:00,CDUS41 KOKX 200811,nhigh: first final report with data,yes,yes,True,True,False,
2024-10-19,HIGHNY-24OCT19,HIGHNY-24OCT19-T65,less,,65,nws_climatological_report_daily,a6ce4cac04b81266,no,,0.0000,71,2024-10-20T08:11:00+00:00,CDUS41 KOKX 200811,nhigh: first final report with data,no,no,True,True,False,
2024-10-19,HIGHNY-24OCT19,HIGHNY-24OCT19-T72,greater,72,,nws_climatological_report_daily,a6ce4cac04b81266,no,,0.0000,71,2024-10-20T08:11:00+00:00,CDUS41 KOKX 200811,nhigh: first final report with data,no,no,True,True,False,
2024-10-20,HIGHNY-24OCT20,HIGHNY-24OCT20-B68.5,between,68,69,nws_climatological_report_daily,a6ce4cac04b81266,no,,0.0000,73,2024-10-21T06:17:00+00:00,CDUS41 KOKX 210617,nhigh: first final report with data,no,no,True,True,False,
2024-10-20,HIGHNY-24OCT20,HIGHNY-24OCT20-B70.5,between,70,71,nws_climatological_report_daily,a6ce4cac04b81266,no,,0.0000,73,2024-10-21T06:17:00+00:00,CDUS41 KOKX 210617,nhigh: first final report with data,no,no,True,True,False,
2024-10-20,HIGHNY-24OCT20,HIGHNY-24OCT20-B72.5,between,72,73,nws_climatological_report_daily,a6ce4cac04b81266,yes,73.00,1.0000,73,2024-10-21T06:17:00+00:00,CDUS41 KOKX 210617,nhigh: first final report with data,yes,yes,True,True,False,
2024-10-20,HIGHNY-24OCT20,HIGHNY-24OCT20-B74.5,between,74,75,nws_climatological_report_daily,a6ce4cac04b81266,no,,0.0000,73,2024-10-21T06:17:00+00:00,CDUS41 KOKX 210617,nhigh: first final report with data,no,no,True,True,False,
2024-10-20,HIGHNY-24OCT20,HIGHNY-24OCT20-T68,less,,68,nws_climatological_report_daily,a6ce4cac04b81266,no,,0.0000,73,2024-10-21T06:17:00+00:00,CDUS41 KOKX 210617,nhigh: first final report with data,no,no,True,True,False,
2024-10-20,HIGHNY-24OCT20,HIGHNY-24OCT20-T75,greater,75,,nws_climatological_report_daily,a6ce4cac04b81266,no,,0.0000,73,2024-10-21T06:17:00+00:00,CDUS41 KOKX 210617,nhigh: first final report with data,no,no,True,True,False,
2024-10-21,HIGHNY-24OCT21,HIGHNY-24OCT21-B73.5,between,73,74,nws_climatological_report_daily,a6ce4cac04b81266,no,,0.0000,79,2024-10-22T06:18:00+00:00,CDUS41 KOKX 220618,nhigh: first final report with data,no,no,True,True,False,
2024-10-21,HIGHNY-24OCT21,HIGHNY-24OCT21-B75.5,between,75,76,nws_climatological_report_daily,a6ce4cac04b81266,no,,0.0000,79,2024-10-22T06:18:00+00:00,CDUS41 KOKX 220618,nhigh: first final report with data,no,no,True,True,False,
2024-10-21,HIGHNY-24OCT21,HIGHNY-24OCT21-B77.5,between,77,78,nws_climatological_report_daily,a6ce4cac04b81266,no,,0.0000,79,2024-10-22T06:18:00+00:00,CDUS41 KOKX 220618,nhigh: first final report with data,no,no,True,True,False,
2024-10-21,HIGHNY-24OCT21,HIGHNY-24OCT21-B79.5,between,79,80,nws_climatological_report_daily,a6ce4cac04b81266,yes,79.00,1.0000,79,2024-10-22T06:18:00+00:00,CDUS41 KOKX 220618,nhigh: first final report with data,yes,yes,True,True,False,
2024-10-21,HIGHNY-24OCT21,HIGHNY-24OCT21-T73,less,,73,nws_climatological_report_daily,a6ce4cac04b81266,no,,0.0000,79,2024-10-22T06:18:00+00:00,CDUS41 KOKX 220618,nhigh: first final report with data,no,no,True,True,False,
2024-10-21,HIGHNY-24OCT21,HIGHNY-24OCT21-T80,greater,80,,nws_climatological_report_daily,a6ce4cac04b81266,no,,0.0000,79,2024-10-22T06:18:00+00:00,CDUS41 KOKX 220618,nhigh: first final report with data,no,no,True,True,False,
2024-10-22,HIGHNY-24OCT22,HIGHNY-24OCT22-B74.5,between,74,75,nws_climatological_report_daily,a6ce4cac04b81266,no,,0.0000,81,2024-10-23T06:17:00+00:00,CDUS41 KOKX 230617,nhigh: first final report with data,no,no,True,True,False,
2024-10-22,HIGHNY-24OCT22,HIGHNY-24OCT22-B76.5,between,76,77,nws_climatological_report_daily,a6ce4cac04b81266,no,,0.0000,81,2024-10-23T06:17:00+00:00,CDUS41 KOKX 230617,nhigh: first final report with data,no,no,True,True,False,
2024-10-22,HIGHNY-24OCT22,HIGHNY-24OCT22-B78.5,between,78,79,nws_climatological_report_daily,a6ce4cac04b81266,no,,0.0000,81,2024-10-23T06:17:00+00:00,CDUS41 KOKX 230617,nhigh: first final report with data,no,no,True,True,False,
2024-10-22,HIGHNY-24OCT22,HIGHNY-24OCT22-B80.5,between,80,81,nws_climatological_report_daily,a6ce4cac04b81266,yes,81.00,1.0000,81,2024-10-23T06:17:00+00:00,CDUS41 KOKX 230617,nhigh: first final report with data,yes,yes,True,True,False,
2024-10-22,HIGHNY-24OCT22,HIGHNY-24OCT22-T74,less,,74,nws_climatological_report_daily,a6ce4cac04b81266,no,,0.0000,81,2024-10-23T06:17:00+00:00,CDUS41 KOKX 230617,nhigh: first final report with data,no,no,True,True,False,
2024-10-22,HIGHNY-24OCT22,HIGHNY-24OCT22-T81,greater,81,,nws_climatological_report_daily,a6ce4cac04b81266,no,,0.0000,81,2024-10-23T06:17:00+00:00,CDUS41 KOKX 230617,nhigh: first final report with data,no,no,True,True,False,
2024-10-23,HIGHNY-24OCT23,HIGHNY-24OCT23-B71.5,between,71,72,nws_climatological_report_daily,a6ce4cac04b81266,no,,0.0000,75,2024-10-24T06:22:00+00:00,CDUS41 KOKX 240622,nhigh: first final report with data,no,no,True,True,False,
2024-10-23,HIGHNY-24OCT23,HIGHNY-24OCT23-B73.5,between,73,74,nws_climatological_report_daily,a6ce4cac04b81266,no,,0.0000,75,2024-10-24T06:22:00+00:00,CDUS41 KOKX 240622,nhigh: first final report with data,no,no,True,True,False,
2024-10-23,HIGHNY-24OCT23,HIGHNY-24OCT23-B75.5,between,75,76,nws_climatological_report_daily,a6ce4cac04b81266,yes,75.00,1.0000,75,2024-10-24T06:22:00+00:00,CDUS41 KOKX 240622,nhigh: first final report with data,yes,yes,True,True,False,
2024-10-23,HIGHNY-24OCT23,HIGHNY-24OCT23-B77.5,between,77,78,nws_climatological_report_daily,a6ce4cac04b81266,no,,0.0000,75,2024-10-24T06:22:00+00:00,CDUS41 KOKX 240622,nhigh: first final report with data,no,no,True,True,False,
2024-10-23,HIGHNY-24OCT23,HIGHNY-24OCT23-T71,less,,71,nws_climatological_report_daily,a6ce4cac04b81266,no,,0.0000,75,2024-10-24T06:22:00+00:00,CDUS41 KOKX 240622,nhigh: first final report with data,no,no,True,True,False,
2024-10-23,HIGHNY-24OCT23,HIGHNY-24OCT23-T78,greater,78,,nws_climatological_report_daily,a6ce4cac04b81266,no,,0.0000,75,2024-10-24T06:22:00+00:00,CDUS41 KOKX 240622,nhigh: first final report with data,no,no,True,True,False,
2024-10-24,KXHIGHNY-24OCT24,KXHIGHNY-24OCT24-B60.5,between,60,61,nws_climatological_report_daily,a6ce4cac04b81266,no,,0.0000,69,2024-10-25T06:16:00+00:00,CDUS41 KOKX 250616,nhigh: first final report with data,no,no,True,True,False,
2024-10-24,KXHIGHNY-24OCT24,KXHIGHNY-24OCT24-B62.5,between,62,63,nws_climatological_report_daily,a6ce4cac04b81266,no,,0.0000,69,2024-10-25T06:16:00+00:00,CDUS41 KOKX 250616,nhigh: first final report with data,no,no,True,True,False,
2024-10-24,KXHIGHNY-24OCT24,KXHIGHNY-24OCT24-B64.5,between,64,65,nws_climatological_report_daily,a6ce4cac04b81266,no,,0.0000,69,2024-10-25T06:16:00+00:00,CDUS41 KOKX 250616,nhigh: first final report with data,no,no,True,True,False,
2024-10-24,KXHIGHNY-24OCT24,KXHIGHNY-24OCT24-B66.5,between,66,67,nws_climatological_report_daily,a6ce4cac04b81266,no,,0.0000,69,2024-10-25T06:16:00+00:00,CDUS41 KOKX 250616,nhigh: first final report with data,no,no,True,True,False,
2024-10-24,KXHIGHNY-24OCT24,KXHIGHNY-24OCT24-T60,less,,60,nws_climatological_report_daily,a6ce4cac04b81266,no,,0.0000,69,2024-10-25T06:16:00+00:00,CDUS41 KOKX 250616,nhigh: first final report with data,no,no,True,True,False,
2024-10-24,KXHIGHNY-24OCT24,KXHIGHNY-24OCT24-T67,greater,67,,nws_climatological_report_daily,a6ce4cac04b81266,yes,69.00,1.0000,69,2024-10-25T06:16:00+00:00,CDUS41 KOKX 250616,nhigh: first final report with data,yes,yes,True,True,False,
2024-10-25,KXHIGHNY-24OCT25,KXHIGHNY-24OCT25-B59.5,between,59,60,nws_climatological_report_daily,a6ce4cac04b81266,no,,0.0000,62,2024-10-26T06:18:00+00:00,CDUS41 KOKX 260618,nhigh: first final report with data,no,no,True,True,False,
2024-10-25,KXHIGHNY-24OCT25,KXHIGHNY-24OCT25-B61.5,between,61,62,nws_climatological_report_daily,a6ce4cac04b81266,yes,62.00,1.0000,62,2024-10-26T06:18:00+00:00,CDUS41 KOKX 260618,nhigh: first final report with data,yes,yes,True,True,False,
2024-10-25,KXHIGHNY-24OCT25,KXHIGHNY-24OCT25-B63.5,between,63,64,nws_climatological_report_daily,a6ce4cac04b81266,no,,0.0000,62,2024-10-26T06:18:00+00:00,CDUS41 KOKX 260618,nhigh: first final report with data,no,no,True,True,False,
2024-10-25,KXHIGHNY-24OCT25,KXHIGHNY-24OCT25-B65.5,between,65,66,nws_climatological_report_daily,a6ce4cac04b81266,no,,0.0000,62,2024-10-26T06:18:00+00:00,CDUS41 KOKX 260618,nhigh: first final report with data,no,no,True,True,False,
2024-10-25,KXHIGHNY-24OCT25,KXHIGHNY-24OCT25-T59,less,,59,nws_climatological_report_daily,a6ce4cac04b81266,no,,0.0000,62,2024-10-26T06:18:00+00:00,CDUS41 KOKX 260618,nhigh: first final report with data,no,no,True,True,False,
2024-10-25,KXHIGHNY-24OCT25,KXHIGHNY-24OCT25-T66,greater,66,,nws_climatological_report_daily,a6ce4cac04b81266,no,,0.0000,62,2024-10-26T06:18:00+00:00,CDUS41 KOKX 260618,nhigh: first final report with data,no,no,True,True,False,
2024-10-26,KXHIGHNY-24OCT26,KXHIGHNY-24OCT26-B63.5,between,63,64,nws_climatological_report_daily,a6ce4cac04b81266,yes,64.00,1.0000,64,2024-10-27T07:00:00+00:00,CDUS41 KOKX 270700,nhigh: first final report with data,yes,yes,True,True,False,
2024-10-26,KXHIGHNY-24OCT26,KXHIGHNY-24OCT26-B65.5,between,65,66,nws_climatological_report_daily,a6ce4cac04b81266,no,,0.0000,64,2024-10-27T07:00:00+00:00,CDUS41 KOKX 270700,nhigh: first final report with data,no,no,True,True,False,
2024-10-26,KXHIGHNY-24OCT26,KXHIGHNY-24OCT26-B67.5,between,67,68,nws_climatological_report_daily,a6ce4cac04b81266,no,,0.0000,64,2024-10-27T07:00:00+00:00,CDUS41 KOKX 270700,nhigh: first final report with data,no,no,True,True,False,
2024-10-26,KXHIGHNY-24OCT26,KXHIGHNY-24OCT26-B69.5,between,69,70,nws_climatological_report_daily,a6ce4cac04b81266,no,,0.0000,64,2024-10-27T07:00:00+00:00,CDUS41 KOKX 270700,nhigh: first final report with data,no,no,True,True,False,
2024-10-26,KXHIGHNY-24OCT26,KXHIGHNY-24OCT26-T63,less,,63,nws_climatological_report_daily,a6ce4cac04b81266,no,,0.0000,64,2024-10-27T07:00:00+00:00,CDUS41 KOKX 270700,nhigh: first final report with data,no,no,True,True,False,
2024-10-26,KXHIGHNY-24OCT26,KXHIGHNY-24OCT26-T70,greater,70,,nws_climatological_report_daily,a6ce4cac04b81266,no,,0.0000,64,2024-10-27T07:00:00+00:00,CDUS41 KOKX 270700,nhigh: first final report with data,no,no,True,True,False,
2024-10-27,KXHIGHNY-24OCT27,KXHIGHNY-24OCT27-B53.5,between,53,54,nws_climatological_report_daily,a6ce4cac04b81266,no,,0.0000,57,2024-10-28T06:16:00+00:00,CDUS41 KOKX 280616,nhigh: first final report with data,no,no,True,True,False,
2024-10-27,KXHIGHNY-24OCT27,KXHIGHNY-24OCT27-B55.5,between,55,56,nws_climatological_report_daily,a6ce4cac04b81266,no,,0.0000,57,2024-10-28T06:16:00+00:00,CDUS41 KOKX 280616,nhigh: first final report with data,no,no,True,True,False,
2024-10-27,KXHIGHNY-24OCT27,KXHIGHNY-24OCT27-B57.5,between,57,58,nws_climatological_report_daily,a6ce4cac04b81266,yes,57.00,1.0000,57,2024-10-28T06:16:00+00:00,CDUS41 KOKX 280616,nhigh: first final report with data,yes,yes,True,True,False,
2024-10-27,KXHIGHNY-24OCT27,KXHIGHNY-24OCT27-B59.5,between,59,60,nws_climatological_report_daily,a6ce4cac04b81266,no,,0.0000,57,2024-10-28T06:16:00+00:00,CDUS41 KOKX 280616,nhigh: first final report with data,no,no,True,True,False,
2024-10-27,KXHIGHNY-24OCT27,KXHIGHNY-24OCT27-T53,less,,53,nws_climatological_report_daily,a6ce4cac04b81266,no,,0.0000,57,2024-10-28T06:16:00+00:00,CDUS41 KOKX 280616,nhigh: first final report with data,no,no,True,True,False,
2024-10-27,KXHIGHNY-24OCT27,KXHIGHNY-24OCT27-T60,greater,60,,nws_climatological_report_daily,a6ce4cac04b81266,no,,0.0000,57,2024-10-28T06:16:00+00:00,CDUS41 KOKX 280616,nhigh: first final report with data,no,no,True,True,False,
2024-10-28,KXHIGHNY-24OCT28,KXHIGHNY-24OCT28-B55.5,between,55,56,nws_climatological_report_daily,a6ce4cac04b81266,no,,0.0000,61,2024-10-29T06:18:00+00:00,CDUS41 KOKX 290618,nhigh: first final report with data,no,no,True,True,False,
2024-10-28,KXHIGHNY-24OCT28,KXHIGHNY-24OCT28-B57.5,between,57,58,nws_climatological_report_daily,a6ce4cac04b81266,no,,0.0000,61,2024-10-29T06:18:00+00:00,CDUS41 KOKX 290618,nhigh: first final report with data,no,no,True,True,False,
2024-10-28,KXHIGHNY-24OCT28,KXHIGHNY-24OCT28-B59.5,between,59,60,nws_climatological_report_daily,a6ce4cac04b81266,no,,0.0000,61,2024-10-29T06:18:00+00:00,CDUS41 KOKX 290618,nhigh: first final report with data,no,no,True,True,False,
2024-10-28,KXHIGHNY-24OCT28,KXHIGHNY-24OCT28-B61.5,between,61,62,nws_climatological_report_daily,a6ce4cac04b81266,yes,61.00,1.0000,61,2024-10-29T06:18:00+00:00,CDUS41 KOKX 290618,nhigh: first final report with data,yes,yes,True,True,False,
2024-10-28,KXHIGHNY-24OCT28,KXHIGHNY-24OCT28-T55,less,,55,nws_climatological_report_daily,a6ce4cac04b81266,no,,0.0000,61,2024-10-29T06:18:00+00:00,CDUS41 KOKX 290618,nhigh: first final report with data,no,no,True,True,False,
2024-10-28,KXHIGHNY-24OCT28,KXHIGHNY-24OCT28-T62,greater,62,,nws_climatological_report_daily,a6ce4cac04b81266,no,,0.0000,61,2024-10-29T06:18:00+00:00,CDUS41 KOKX 290618,nhigh: first final report with data,no,no,True,True,False,
2024-10-29,KXHIGHNY-24OCT29,KXHIGHNY-24OCT29-B60.5,between,60,61,nws_climatological_report_daily,a6ce4cac04b81266,no,,0.0000,63,2024-10-30T06:18:00+00:00,CDUS41 KOKX 300618,nhigh: first final report with data,no,no,True,True,False,
2024-10-29,KXHIGHNY-24OCT29,KXHIGHNY-24OCT29-B62.5,between,62,63,nws_climatological_report_daily,a6ce4cac04b81266,yes,63.00,1.0000,63,2024-10-30T06:18:00+00:00,CDUS41 KOKX 300618,nhigh: first final report with data,yes,yes,True,True,False,
2024-10-29,KXHIGHNY-24OCT29,KXHIGHNY-24OCT29-B64.5,between,64,65,nws_climatological_report_daily,a6ce4cac04b81266,no,,0.0000,63,2024-10-30T06:18:00+00:00,CDUS41 KOKX 300618,nhigh: first final report with data,no,no,True,True,False,
2024-10-29,KXHIGHNY-24OCT29,KXHIGHNY-24OCT29-B66.5,between,66,67,nws_climatological_report_daily,a6ce4cac04b81266,no,,0.0000,63,2024-10-30T06:18:00+00:00,CDUS41 KOKX 300618,nhigh: first final report with data,no,no,True,True,False,
2024-10-29,KXHIGHNY-24OCT29,KXHIGHNY-24OCT29-T60,less,,60,nws_climatological_report_daily,a6ce4cac04b81266,no,,0.0000,63,2024-10-30T06:18:00+00:00,CDUS41 KOKX 300618,nhigh: first final report with data,no,no,True,True,False,
2024-10-29,KXHIGHNY-24OCT29,KXHIGHNY-24OCT29-T67,greater,67,,nws_climatological_report_daily,a6ce4cac04b81266,no,,0.0000,63,2024-10-30T06:18:00+00:00,CDUS41 KOKX 300618,nhigh: first final report with data,no,no,True,True,False,
2024-10-30,KXHIGHNY-24OCT30,KXHIGHNY-24OCT30-B69.5,between,69,70,nws_climatological_report_daily,a6ce4cac04b81266,no,,0.0000,76,2024-10-31T06:17:00+00:00,CDUS41 KOKX 310617,nhigh: first final report with data,no,no,True,True,False,
2024-10-30,KXHIGHNY-24OCT30,KXHIGHNY-24OCT30-B71.5,between,71,72,nws_climatological_report_daily,a6ce4cac04b81266,no,,0.0000,76,2024-10-31T06:17:00+00:00,CDUS41 KOKX 310617,nhigh: first final report with data,no,no,True,True,False,
2024-10-30,KXHIGHNY-24OCT30,KXHIGHNY-24OCT30-B73.5,between,73,74,nws_climatological_report_daily,a6ce4cac04b81266,no,,0.0000,76,2024-10-31T06:17:00+00:00,CDUS41 KOKX 310617,nhigh: first final report with data,no,no,True,True,False,
2024-10-30,KXHIGHNY-24OCT30,KXHIGHNY-24OCT30-B75.5,between,75,76,nws_climatological_report_daily,a6ce4cac04b81266,yes,76.00,1.0000,76,2024-10-31T06:17:00+00:00,CDUS41 KOKX 310617,nhigh: first final report with data,yes,yes,True,True,False,
2024-10-30,KXHIGHNY-24OCT30,KXHIGHNY-24OCT30-T69,less,,69,nws_climatological_report_daily,a6ce4cac04b81266,no,,0.0000,76,2024-10-31T06:17:00+00:00,CDUS41 KOKX 310617,nhigh: first final report with data,no,no,True,True,False,
2024-10-30,KXHIGHNY-24OCT30,KXHIGHNY-24OCT30-T76,greater,76,,nws_climatological_report_daily,a6ce4cac04b81266,no,,0.0000,76,2024-10-31T06:17:00+00:00,CDUS41 KOKX 310617,nhigh: first final report with data,no,no,True,True,False,
2024-10-31,KXHIGHNY-24OCT31,KXHIGHNY-24OCT31-B74.5,between,74,75,nws_climatological_report_daily,a6ce4cac04b81266,no,,0.0000,81,2024-11-01T06:16:00+00:00,CDUS41 KOKX 010616,nhigh: first final report with data,no,no,True,True,False,
2024-10-31,KXHIGHNY-24OCT31,KXHIGHNY-24OCT31-B76.5,between,76,77,nws_climatological_report_daily,a6ce4cac04b81266,no,,0.0000,81,2024-11-01T06:16:00+00:00,CDUS41 KOKX 010616,nhigh: first final report with data,no,no,True,True,False,
2024-10-31,KXHIGHNY-24OCT31,KXHIGHNY-24OCT31-B78.5,between,78,79,nws_climatological_report_daily,a6ce4cac04b81266,no,,0.0000,81,2024-11-01T06:16:00+00:00,CDUS41 KOKX 010616,nhigh: first final report with data,no,no,True,True,False,
2024-10-31,KXHIGHNY-24OCT31,KXHIGHNY-24OCT31-B80.5,between,80,81,nws_climatological_report_daily,a6ce4cac04b81266,yes,81.00,1.0000,81,2024-11-01T06:16:00+00:00,CDUS41 KOKX 010616,nhigh: first final report with data,yes,yes,True,True,False,
2024-10-31,KXHIGHNY-24OCT31,KXHIGHNY-24OCT31-T74,less,,74,nws_climatological_report_daily,a6ce4cac04b81266,no,,0.0000,81,2024-11-01T06:16:00+00:00,CDUS41 KOKX 010616,nhigh: first final report with data,no,no,True,True,False,
2024-10-31,KXHIGHNY-24OCT31,KXHIGHNY-24OCT31-T81,greater,81,,nws_climatological_report_daily,a6ce4cac04b81266,no,,0.0000,81,2024-11-01T06:16:00+00:00,CDUS41 KOKX 010616,nhigh: first final report with data,no,no,True,True,False,
2024-11-01,KXHIGHNY-24NOV01,KXHIGHNY-24NOV01-B72.5,between,72,73,nws_climatological_report_daily,a6ce4cac04b81266,no,,0.0000,79,2024-11-02T06:19:00+00:00,CDUS41 KOKX 020619,nhigh: first final report with data,no,no,True,True,False,
2024-11-01,KXHIGHNY-24NOV01,KXHIGHNY-24NOV01-B74.5,between,74,75,nws_climatological_report_daily,a6ce4cac04b81266,no,,0.0000,79,2024-11-02T06:19:00+00:00,CDUS41 KOKX 020619,nhigh: first final report with data,no,no,True,True,False,
2024-11-01,KXHIGHNY-24NOV01,KXHIGHNY-24NOV01-B76.5,between,76,77,nws_climatological_report_daily,a6ce4cac04b81266,no,,0.0000,79,2024-11-02T06:19:00+00:00,CDUS41 KOKX 020619,nhigh: first final report with data,no,no,True,True,False,
2024-11-01,KXHIGHNY-24NOV01,KXHIGHNY-24NOV01-B78.5,between,78,79,nws_climatological_report_daily,a6ce4cac04b81266,yes,79.00,1.0000,79,2024-11-02T06:19:00+00:00,CDUS41 KOKX 020619,nhigh: first final report with data,yes,yes,True,True,False,
2024-11-01,KXHIGHNY-24NOV01,KXHIGHNY-24NOV01-T72,less,,72,nws_climatological_report_daily,a6ce4cac04b81266,no,,0.0000,79,2024-11-02T06:19:00+00:00,CDUS41 KOKX 020619,nhigh: first final report with data,no,no,True,True,False,
2024-11-01,KXHIGHNY-24NOV01,KXHIGHNY-24NOV01-T79,greater,79,,nws_climatological_report_daily,a6ce4cac04b81266,no,,0.0000,79,2024-11-02T06:19:00+00:00,CDUS41 KOKX 020619,nhigh: first final report with data,no,no,True,True,False,
2024-11-02,KXHIGHNY-24NOV02,KXHIGHNY-24NOV02-B55.5,between,55,56,nws_climatological_report_daily,a6ce4cac04b81266,no,,0.0000,60,2024-11-03T06:18:00+00:00,CDUS41 KOKX 030618,nhigh: first final report with data,no,no,True,True,False,
2024-11-02,KXHIGHNY-24NOV02,KXHIGHNY-24NOV02-B57.5,between,57,58,nws_climatological_report_daily,a6ce4cac04b81266,no,,0.0000,60,2024-11-03T06:18:00+00:00,CDUS41 KOKX 030618,nhigh: first final report with data,no,no,True,True,False,
2024-11-02,KXHIGHNY-24NOV02,KXHIGHNY-24NOV02-B59.5,between,59,60,nws_climatological_report_daily,a6ce4cac04b81266,yes,60.00,1.0000,60,2024-11-03T06:18:00+00:00,CDUS41 KOKX 030618,nhigh: first final report with data,yes,yes,True,True,False,
2024-11-02,KXHIGHNY-24NOV02,KXHIGHNY-24NOV02-B61.5,between,61,62,nws_climatological_report_daily,a6ce4cac04b81266,no,,0.0000,60,2024-11-03T06:18:00+00:00,CDUS41 KOKX 030618,nhigh: first final report with data,no,no,True,True,False,
2024-11-02,KXHIGHNY-24NOV02,KXHIGHNY-24NOV02-T55,less,,55,nws_climatological_report_daily,a6ce4cac04b81266,no,,0.0000,60,2024-11-03T06:18:00+00:00,CDUS41 KOKX 030618,nhigh: first final report with data,no,no,True,True,False,
2024-11-02,KXHIGHNY-24NOV02,KXHIGHNY-24NOV02-T62,greater,62,,nws_climatological_report_daily,a6ce4cac04b81266,no,,0.0000,60,2024-11-03T06:18:00+00:00,CDUS41 KOKX 030618,nhigh: first final report with data,no,no,True,True,False,
2024-11-03,KXHIGHNY-24NOV03,KXHIGHNY-24NOV03-B52.5,between,52,53,nws_climatological_report_daily,a6ce4cac04b81266,no,,0.0000,54,2024-11-04T06:17:00+00:00,CDUS41 KOKX 040617,nhigh: first final report with data,no,no,True,True,False,
2024-11-03,KXHIGHNY-24NOV03,KXHIGHNY-24NOV03-B54.5,between,54,55,nws_climatological_report_daily,a6ce4cac04b81266,yes,54.00,1.0000,54,2024-11-04T06:17:00+00:00,CDUS41 KOKX 040617,nhigh: first final report with data,yes,yes,True,True,False,
2024-11-03,KXHIGHNY-24NOV03,KXHIGHNY-24NOV03-B56.5,between,56,57,nws_climatological_report_daily,a6ce4cac04b81266,no,,0.0000,54,2024-11-04T06:17:00+00:00,CDUS41 KOKX 040617,nhigh: first final report with data,no,no,True,True,False,
2024-11-03,KXHIGHNY-24NOV03,KXHIGHNY-24NOV03-B58.5,between,58,59,nws_climatological_report_daily,a6ce4cac04b81266,no,,0.0000,54,2024-11-04T06:17:00+00:00,CDUS41 KOKX 040617,nhigh: first final report with data,no,no,True,True,False,
2024-11-03,KXHIGHNY-24NOV03,KXHIGHNY-24NOV03-T52,less,,52,nws_climatological_report_daily,a6ce4cac04b81266,no,,0.0000,54,2024-11-04T06:17:00+00:00,CDUS41 KOKX 040617,nhigh: first final report with data,no,no,True,True,False,
2024-11-03,KXHIGHNY-24NOV03,KXHIGHNY-24NOV03-T59,greater,59,,nws_climatological_report_daily,a6ce4cac04b81266,no,,0.0000,54,2024-11-04T06:17:00+00:00,CDUS41 KOKX 040617,nhigh: first final report with data,no,no,True,True,False,
2024-11-04,KXHIGHNY-24NOV04,KXHIGHNY-24NOV04-B55.5,between,55,56,nws_climatological_report_daily,a6ce4cac04b81266,no,,0.0000,58,2024-11-05T06:19:00+00:00,CDUS41 KOKX 050619,nhigh: first final report with data,no,no,True,True,False,
2024-11-04,KXHIGHNY-24NOV04,KXHIGHNY-24NOV04-B57.5,between,57,58,nws_climatological_report_daily,a6ce4cac04b81266,yes,58.00,1.0000,58,2024-11-05T06:19:00+00:00,CDUS41 KOKX 050619,nhigh: first final report with data,yes,yes,True,True,False,
2024-11-04,KXHIGHNY-24NOV04,KXHIGHNY-24NOV04-B59.5,between,59,60,nws_climatological_report_daily,a6ce4cac04b81266,no,,0.0000,58,2024-11-05T06:19:00+00:00,CDUS41 KOKX 050619,nhigh: first final report with data,no,no,True,True,False,
2024-11-04,KXHIGHNY-24NOV04,KXHIGHNY-24NOV04-B61.5,between,61,62,nws_climatological_report_daily,a6ce4cac04b81266,no,,0.0000,58,2024-11-05T06:19:00+00:00,CDUS41 KOKX 050619,nhigh: first final report with data,no,no,True,True,False,
2024-11-04,KXHIGHNY-24NOV04,KXHIGHNY-24NOV04-T55,less,,55,nws_climatological_report_daily,a6ce4cac04b81266,no,,0.0000,58,2024-11-05T06:19:00+00:00,CDUS41 KOKX 050619,nhigh: first final report with data,no,no,True,True,False,
2024-11-04,KXHIGHNY-24NOV04,KXHIGHNY-24NOV04-T62,greater,62,,nws_climatological_report_daily,a6ce4cac04b81266,no,,0.0000,58,2024-11-05T06:19:00+00:00,CDUS41 KOKX 050619,nhigh: first final report with data,no,no,True,True,False,
2024-11-05,KXHIGHNY-24NOV05,KXHIGHNY-24NOV05-B67.5,between,67,68,nws_climatological_report_daily,a6ce4cac04b81266,no,,0.0000,73,2024-11-06T06:16:00+00:00,CDUS41 KOKX 060616,nhigh: first final report with data,no,no,True,True,False,
2024-11-05,KXHIGHNY-24NOV05,KXHIGHNY-24NOV05-B69.5,between,69,70,nws_climatological_report_daily,a6ce4cac04b81266,no,,0.0000,73,2024-11-06T06:16:00+00:00,CDUS41 KOKX 060616,nhigh: first final report with data,no,no,True,True,False,
2024-11-05,KXHIGHNY-24NOV05,KXHIGHNY-24NOV05-B71.5,between,71,72,nws_climatological_report_daily,a6ce4cac04b81266,no,,0.0000,73,2024-11-06T06:16:00+00:00,CDUS41 KOKX 060616,nhigh: first final report with data,no,no,True,True,False,
2024-11-05,KXHIGHNY-24NOV05,KXHIGHNY-24NOV05-B73.5,between,73,74,nws_climatological_report_daily,a6ce4cac04b81266,yes,73.00,1.0000,73,2024-11-06T06:16:00+00:00,CDUS41 KOKX 060616,nhigh: first final report with data,yes,yes,True,True,False,
2024-11-05,KXHIGHNY-24NOV05,KXHIGHNY-24NOV05-T67,less,,67,nws_climatological_report_daily,a6ce4cac04b81266,no,,0.0000,73,2024-11-06T06:16:00+00:00,CDUS41 KOKX 060616,nhigh: first final report with data,no,no,True,True,False,
2024-11-05,KXHIGHNY-24NOV05,KXHIGHNY-24NOV05-T74,greater,74,,nws_climatological_report_daily,a6ce4cac04b81266,no,,0.0000,73,2024-11-06T06:16:00+00:00,CDUS41 KOKX 060616,nhigh: first final report with data,no,no,True,True,False,
2024-11-06,KXHIGHNY-24NOV06,KXHIGHNY-24NOV06-B73.5,between,73,74,nws_climatological_report_daily,a6ce4cac04b81266,no,,0.0000,80,2024-11-07T06:23:00+00:00,CDUS41 KOKX 070623,nhigh: first final report with data,no,no,True,True,False,
2024-11-06,KXHIGHNY-24NOV06,KXHIGHNY-24NOV06-B75.5,between,75,76,nws_climatological_report_daily,a6ce4cac04b81266,no,,0.0000,80,2024-11-07T06:23:00+00:00,CDUS41 KOKX 070623,nhigh: first final report with data,no,no,True,True,False,
2024-11-06,KXHIGHNY-24NOV06,KXHIGHNY-24NOV06-B77.5,between,77,78,nws_climatological_report_daily,a6ce4cac04b81266,no,,0.0000,80,2024-11-07T06:23:00+00:00,CDUS41 KOKX 070623,nhigh: first final report with data,no,no,True,True,False,
2024-11-06,KXHIGHNY-24NOV06,KXHIGHNY-24NOV06-B79.5,between,79,80,nws_climatological_report_daily,a6ce4cac04b81266,yes,80.00,1.0000,80,2024-11-07T06:23:00+00:00,CDUS41 KOKX 070623,nhigh: first final report with data,yes,yes,True,True,False,
2024-11-06,KXHIGHNY-24NOV06,KXHIGHNY-24NOV06-T73,less,,73,nws_climatological_report_daily,a6ce4cac04b81266,no,,0.0000,80,2024-11-07T06:23:00+00:00,CDUS41 KOKX 070623,nhigh: first final report with data,no,no,True,True,False,
2024-11-06,KXHIGHNY-24NOV06,KXHIGHNY-24NOV06-T80,greater,80,,nws_climatological_report_daily,a6ce4cac04b81266,no,,0.0000,80,2024-11-07T06:23:00+00:00,CDUS41 KOKX 070623,nhigh: first final report with data,no,no,True,True,False,
2024-11-07,KXHIGHNY-24NOV07,KXHIGHNY-24NOV07-B70.5,between,70,71,nws_climatological_report_daily,a6ce4cac04b81266,no,,0.0000,73,2024-11-08T06:39:00+00:00,CDUS41 KOKX 080639,nhigh: first final report with data,no,no,True,True,False,
2024-11-07,KXHIGHNY-24NOV07,KXHIGHNY-24NOV07-B72.5,between,72,73,nws_climatological_report_daily,a6ce4cac04b81266,yes,73.00,1.0000,73,2024-11-08T06:39:00+00:00,CDUS41 KOKX 080639,nhigh: first final report with data,yes,yes,True,True,False,
2024-11-07,KXHIGHNY-24NOV07,KXHIGHNY-24NOV07-B74.5,between,74,75,nws_climatological_report_daily,a6ce4cac04b81266,no,,0.0000,73,2024-11-08T06:39:00+00:00,CDUS41 KOKX 080639,nhigh: first final report with data,no,no,True,True,False,
2024-11-07,KXHIGHNY-24NOV07,KXHIGHNY-24NOV07-B76.5,between,76,77,nws_climatological_report_daily,a6ce4cac04b81266,no,,0.0000,73,2024-11-08T06:39:00+00:00,CDUS41 KOKX 080639,nhigh: first final report with data,no,no,True,True,False,
2024-11-07,KXHIGHNY-24NOV07,KXHIGHNY-24NOV07-T70,less,,70,nws_climatological_report_daily,a6ce4cac04b81266,no,,0.0000,73,2024-11-08T06:39:00+00:00,CDUS41 KOKX 080639,nhigh: first final report with data,no,no,True,True,False,
2024-11-07,KXHIGHNY-24NOV07,KXHIGHNY-24NOV07-T77,greater,77,,nws_climatological_report_daily,a6ce4cac04b81266,no,,0.0000,73,2024-11-08T06:39:00+00:00,CDUS41 KOKX 080639,nhigh: first final report with data,no,no,True,True,False,
2024-11-08,KXHIGHNY-24NOV08,KXHIGHNY-24NOV08-B63.5,between,63,64,nws_climatological_report_daily,a6ce4cac04b81266,no,,0.0000,69,2024-11-09T06:24:00+00:00,CDUS41 KOKX 090624,nhigh: first final report with data,no,no,True,True,False,
2024-11-08,KXHIGHNY-24NOV08,KXHIGHNY-24NOV08-B65.5,between,65,66,nws_climatological_report_daily,a6ce4cac04b81266,no,,0.0000,69,2024-11-09T06:24:00+00:00,CDUS41 KOKX 090624,nhigh: first final report with data,no,no,True,True,False,
2024-11-08,KXHIGHNY-24NOV08,KXHIGHNY-24NOV08-B67.5,between,67,68,nws_climatological_report_daily,a6ce4cac04b81266,no,,0.0000,69,2024-11-09T06:24:00+00:00,CDUS41 KOKX 090624,nhigh: first final report with data,no,no,True,True,False,
2024-11-08,KXHIGHNY-24NOV08,KXHIGHNY-24NOV08-B69.5,between,69,70,nws_climatological_report_daily,a6ce4cac04b81266,yes,69.00,1.0000,69,2024-11-09T06:24:00+00:00,CDUS41 KOKX 090624,nhigh: first final report with data,yes,yes,True,True,False,
2024-11-08,KXHIGHNY-24NOV08,KXHIGHNY-24NOV08-T63,less,,63,nws_climatological_report_daily,a6ce4cac04b81266,no,,0.0000,69,2024-11-09T06:24:00+00:00,CDUS41 KOKX 090624,nhigh: first final report with data,no,no,True,True,False,
2024-11-08,KXHIGHNY-24NOV08,KXHIGHNY-24NOV08-T70,greater,70,,nws_climatological_report_daily,a6ce4cac04b81266,no,,0.0000,69,2024-11-09T06:24:00+00:00,CDUS41 KOKX 090624,nhigh: first final report with data,no,no,True,True,False,
2024-11-09,KXHIGHNY-24NOV09,KXHIGHNY-24NOV09-B50.5,between,50,51,nws_climatological_report_daily,a6ce4cac04b81266,no,,0.0000,54,2024-11-10T06:31:00+00:00,CDUS41 KOKX 100631,nhigh: first final report with data,no,no,True,True,False,
2024-11-09,KXHIGHNY-24NOV09,KXHIGHNY-24NOV09-B52.5,between,52,53,nws_climatological_report_daily,a6ce4cac04b81266,no,,0.0000,54,2024-11-10T06:31:00+00:00,CDUS41 KOKX 100631,nhigh: first final report with data,no,no,True,True,False,
2024-11-09,KXHIGHNY-24NOV09,KXHIGHNY-24NOV09-B54.5,between,54,55,nws_climatological_report_daily,a6ce4cac04b81266,yes,54.00,1.0000,54,2024-11-10T06:31:00+00:00,CDUS41 KOKX 100631,nhigh: first final report with data,yes,yes,True,True,False,
2024-11-09,KXHIGHNY-24NOV09,KXHIGHNY-24NOV09-B56.5,between,56,57,nws_climatological_report_daily,a6ce4cac04b81266,no,,0.0000,54,2024-11-10T06:31:00+00:00,CDUS41 KOKX 100631,nhigh: first final report with data,no,no,True,True,False,
2024-11-09,KXHIGHNY-24NOV09,KXHIGHNY-24NOV09-T50,less,,50,nws_climatological_report_daily,a6ce4cac04b81266,no,,0.0000,54,2024-11-10T06:31:00+00:00,CDUS41 KOKX 100631,nhigh: first final report with data,no,no,True,True,False,
2024-11-09,KXHIGHNY-24NOV09,KXHIGHNY-24NOV09-T57,greater,57,,nws_climatological_report_daily,a6ce4cac04b81266,no,,0.0000,54,2024-11-10T06:31:00+00:00,CDUS41 KOKX 100631,nhigh: first final report with data,no,no,True,True,False,
2024-11-10,KXHIGHNY-24NOV10,KXHIGHNY-24NOV10-B55.5,between,55,56,nws_climatological_report_daily,a6ce4cac04b81266,no,,0.0000,58,2024-11-11T06:20:00+00:00,CDUS41 KOKX 110620,nhigh: first final report with data,no,no,True,True,False,
2024-11-10,KXHIGHNY-24NOV10,KXHIGHNY-24NOV10-B57.5,between,57,58,nws_climatological_report_daily,a6ce4cac04b81266,yes,58.00,1.0000,58,2024-11-11T06:20:00+00:00,CDUS41 KOKX 110620,nhigh: first final report with data,yes,yes,True,True,False,
2024-11-10,KXHIGHNY-24NOV10,KXHIGHNY-24NOV10-B59.5,between,59,60,nws_climatological_report_daily,a6ce4cac04b81266,no,,0.0000,58,2024-11-11T06:20:00+00:00,CDUS41 KOKX 110620,nhigh: first final report with data,no,no,True,True,False,
2024-11-10,KXHIGHNY-24NOV10,KXHIGHNY-24NOV10-B61.5,between,61,62,nws_climatological_report_daily,a6ce4cac04b81266,no,,0.0000,58,2024-11-11T06:20:00+00:00,CDUS41 KOKX 110620,nhigh: first final report with data,no,no,True,True,False,
2024-11-10,KXHIGHNY-24NOV10,KXHIGHNY-24NOV10-T55,less,,55,nws_climatological_report_daily,a6ce4cac04b81266,no,,0.0000,58,2024-11-11T06:20:00+00:00,CDUS41 KOKX 110620,nhigh: first final report with data,no,no,True,True,False,
2024-11-10,KXHIGHNY-24NOV10,KXHIGHNY-24NOV10-T62,greater,62,,nws_climatological_report_daily,a6ce4cac04b81266,no,,0.0000,58,2024-11-11T06:20:00+00:00,CDUS41 KOKX 110620,nhigh: first final report with data,no,no,True,True,False,
2024-11-11,KXHIGHNY-24NOV11,KXHIGHNY-24NOV11-B63.5,between,63,64,nws_climatological_report_daily,a6ce4cac04b81266,no,,0.0000,68,2024-11-12T06:27:00+00:00,CDUS41 KOKX 120627,nhigh: first final report with data,no,no,True,True,False,
2024-11-11,KXHIGHNY-24NOV11,KXHIGHNY-24NOV11-B65.5,between,65,66,nws_climatological_report_daily,a6ce4cac04b81266,no,,0.0000,68,2024-11-12T06:27:00+00:00,CDUS41 KOKX 120627,nhigh: first final report with data,no,no,True,True,False,
2024-11-11,KXHIGHNY-24NOV11,KXHIGHNY-24NOV11-B67.5,between,67,68,nws_climatological_report_daily,a6ce4cac04b81266,yes,68.00,1.0000,68,2024-11-12T06:27:00+00:00,CDUS41 KOKX 120627,nhigh: first final report with data,yes,yes,True,True,False,
2024-11-11,KXHIGHNY-24NOV11,KXHIGHNY-24NOV11-B69.5,between,69,70,nws_climatological_report_daily,a6ce4cac04b81266,no,,0.0000,68,2024-11-12T06:27:00+00:00,CDUS41 KOKX 120627,nhigh: first final report with data,no,no,True,True,False,
2024-11-11,KXHIGHNY-24NOV11,KXHIGHNY-24NOV11-T63,less,,63,nws_climatological_report_daily,a6ce4cac04b81266,no,,0.0000,68,2024-11-12T06:27:00+00:00,CDUS41 KOKX 120627,nhigh: first final report with data,no,no,True,True,False,
2024-11-11,KXHIGHNY-24NOV11,KXHIGHNY-24NOV11-T70,greater,70,,nws_climatological_report_daily,a6ce4cac04b81266,no,,0.0000,68,2024-11-12T06:27:00+00:00,CDUS41 KOKX 120627,nhigh: first final report with data,no,no,True,True,False,
2024-11-12,KXHIGHNY-24NOV12,KXHIGHNY-24NOV12-B49.5,between,49,50,nws_climatological_report_daily,a6ce4cac04b81266,no,,0.0000,59,2024-11-13T06:27:00+00:00,CDUS41 KOKX 130627,nhigh: first final report with data,no,no,True,True,False,
2024-11-12,KXHIGHNY-24NOV12,KXHIGHNY-24NOV12-B51.5,between,51,52,nws_climatological_report_daily,a6ce4cac04b81266,no,,0.0000,59,2024-11-13T06:27:00+00:00,CDUS41 KOKX 130627,nhigh: first final report with data,no,no,True,True,False,
2024-11-12,KXHIGHNY-24NOV12,KXHIGHNY-24NOV12-B53.5,between,53,54,nws_climatological_report_daily,a6ce4cac04b81266,no,,0.0000,59,2024-11-13T06:27:00+00:00,CDUS41 KOKX 130627,nhigh: first final report with data,no,no,True,True,False,
2024-11-12,KXHIGHNY-24NOV12,KXHIGHNY-24NOV12-B55.5,between,55,56,nws_climatological_report_daily,a6ce4cac04b81266,no,,0.0000,59,2024-11-13T06:27:00+00:00,CDUS41 KOKX 130627,nhigh: first final report with data,no,no,True,True,False,
2024-11-12,KXHIGHNY-24NOV12,KXHIGHNY-24NOV12-T49,less,,49,nws_climatological_report_daily,a6ce4cac04b81266,no,,0.0000,59,2024-11-13T06:27:00+00:00,CDUS41 KOKX 130627,nhigh: first final report with data,no,no,True,True,False,
2024-11-12,KXHIGHNY-24NOV12,KXHIGHNY-24NOV12-T56,greater,56,,nws_climatological_report_daily,a6ce4cac04b81266,yes,59.00,1.0000,59,2024-11-13T06:27:00+00:00,CDUS41 KOKX 130627,nhigh: first final report with data,yes,yes,True,True,False,
2024-11-13,KXHIGHNY-24NOV13,KXHIGHNY-24NOV13-B44.5,between,44,45,nws_climatological_report_daily,a6ce4cac04b81266,no,,0.0000,50,2024-11-14T06:23:00+00:00,CDUS41 KOKX 140623,nhigh: first final report with data,no,no,True,True,False,
2024-11-13,KXHIGHNY-24NOV13,KXHIGHNY-24NOV13-B46.5,between,46,47,nws_climatological_report_daily,a6ce4cac04b81266,no,,0.0000,50,2024-11-14T06:23:00+00:00,CDUS41 KOKX 140623,nhigh: first final report with data,no,no,True,True,False,
2024-11-13,KXHIGHNY-24NOV13,KXHIGHNY-24NOV13-B48.5,between,48,49,nws_climatological_report_daily,a6ce4cac04b81266,no,,0.0000,50,2024-11-14T06:23:00+00:00,CDUS41 KOKX 140623,nhigh: first final report with data,no,no,True,True,False,
2024-11-13,KXHIGHNY-24NOV13,KXHIGHNY-24NOV13-B50.5,between,50,51,nws_climatological_report_daily,a6ce4cac04b81266,yes,50.00,1.0000,50,2024-11-14T06:23:00+00:00,CDUS41 KOKX 140623,nhigh: first final report with data,yes,yes,True,True,False,
2024-11-13,KXHIGHNY-24NOV13,KXHIGHNY-24NOV13-T44,less,,44,nws_climatological_report_daily,a6ce4cac04b81266,no,,0.0000,50,2024-11-14T06:23:00+00:00,CDUS41 KOKX 140623,nhigh: first final report with data,no,no,True,True,False,
2024-11-13,KXHIGHNY-24NOV13,KXHIGHNY-24NOV13-T51,greater,51,,nws_climatological_report_daily,a6ce4cac04b81266,no,,0.0000,50,2024-11-14T06:23:00+00:00,CDUS41 KOKX 140623,nhigh: first final report with data,no,no,True,True,False,
2024-11-14,KXHIGHNY-24NOV14,KXHIGHNY-24NOV14-B44.5,between,44,45,nws_climatological_report_daily,a6ce4cac04b81266,no,,0.0000,47,2024-11-15T06:22:00+00:00,CDUS41 KOKX 150622,nhigh: first final report with data,no,no,True,True,False,
2024-11-14,KXHIGHNY-24NOV14,KXHIGHNY-24NOV14-B46.5,between,46,47,nws_climatological_report_daily,a6ce4cac04b81266,yes,47.00,1.0000,47,2024-11-15T06:22:00+00:00,CDUS41 KOKX 150622,nhigh: first final report with data,yes,yes,True,True,False,
2024-11-14,KXHIGHNY-24NOV14,KXHIGHNY-24NOV14-B48.5,between,48,49,nws_climatological_report_daily,a6ce4cac04b81266,no,,0.0000,47,2024-11-15T06:22:00+00:00,CDUS41 KOKX 150622,nhigh: first final report with data,no,no,True,True,False,
2024-11-14,KXHIGHNY-24NOV14,KXHIGHNY-24NOV14-B50.5,between,50,51,nws_climatological_report_daily,a6ce4cac04b81266,no,,0.0000,47,2024-11-15T06:22:00+00:00,CDUS41 KOKX 150622,nhigh: first final report with data,no,no,True,True,False,
2024-11-14,KXHIGHNY-24NOV14,KXHIGHNY-24NOV14-T44,less,,44,nws_climatological_report_daily,a6ce4cac04b81266,no,,0.0000,47,2024-11-15T06:22:00+00:00,CDUS41 KOKX 150622,nhigh: first final report with data,no,no,True,True,False,
2024-11-14,KXHIGHNY-24NOV14,KXHIGHNY-24NOV14-T51,greater,51,,nws_climatological_report_daily,a6ce4cac04b81266,no,,0.0000,47,2024-11-15T06:22:00+00:00,CDUS41 KOKX 150622,nhigh: first final report with data,no,no,True,True,False,
2024-11-15,KXHIGHNY-24NOV15,KXHIGHNY-24NOV15-B52.5,between,52,53,nws_climatological_report_daily,a6ce4cac04b81266,no,,0.0000,58,2024-11-16T06:17:00+00:00,CDUS41 KOKX 160617,nhigh: first final report with data,no,no,True,True,False,
2024-11-15,KXHIGHNY-24NOV15,KXHIGHNY-24NOV15-B54.5,between,54,55,nws_climatological_report_daily,a6ce4cac04b81266,no,,0.0000,58,2024-11-16T06:17:00+00:00,CDUS41 KOKX 160617,nhigh: first final report with data,no,no,True,True,False,
2024-11-15,KXHIGHNY-24NOV15,KXHIGHNY-24NOV15-B56.5,between,56,57,nws_climatological_report_daily,a6ce4cac04b81266,no,,0.0000,58,2024-11-16T06:17:00+00:00,CDUS41 KOKX 160617,nhigh: first final report with data,no,no,True,True,False,
2024-11-15,KXHIGHNY-24NOV15,KXHIGHNY-24NOV15-B58.5,between,58,59,nws_climatological_report_daily,a6ce4cac04b81266,yes,58.00,1.0000,58,2024-11-16T06:17:00+00:00,CDUS41 KOKX 160617,nhigh: first final report with data,yes,yes,True,True,False,
2024-11-15,KXHIGHNY-24NOV15,KXHIGHNY-24NOV15-T52,less,,52,nws_climatological_report_daily,a6ce4cac04b81266,no,,0.0000,58,2024-11-16T06:17:00+00:00,CDUS41 KOKX 160617,nhigh: first final report with data,no,no,True,True,False,
2024-11-15,KXHIGHNY-24NOV15,KXHIGHNY-24NOV15-T59,greater,59,,nws_climatological_report_daily,a6ce4cac04b81266,no,,0.0000,58,2024-11-16T06:17:00+00:00,CDUS41 KOKX 160617,nhigh: first final report with data,no,no,True,True,False,
2024-11-16,KXHIGHNY-24NOV16,KXHIGHNY-24NOV16-B57.5,between,57,58,nws_climatological_report_daily,a6ce4cac04b81266,no,,0.0000,62,2024-11-17T06:24:00+00:00,CDUS41 KOKX 170624,nhigh: first final report with data,no,no,True,True,False,
2024-11-16,KXHIGHNY-24NOV16,KXHIGHNY-24NOV16-B59.5,between,59,60,nws_climatological_report_daily,a6ce4cac04b81266,no,,0.0000,62,2024-11-17T06:24:00+00:00,CDUS41 KOKX 170624,nhigh: first final report with data,no,no,True,True,False,
2024-11-16,KXHIGHNY-24NOV16,KXHIGHNY-24NOV16-B61.5,between,61,62,nws_climatological_report_daily,a6ce4cac04b81266,yes,62.00,1.0000,62,2024-11-17T06:24:00+00:00,CDUS41 KOKX 170624,nhigh: first final report with data,yes,yes,True,True,False,
2024-11-16,KXHIGHNY-24NOV16,KXHIGHNY-24NOV16-B63.5,between,63,64,nws_climatological_report_daily,a6ce4cac04b81266,no,,0.0000,62,2024-11-17T06:24:00+00:00,CDUS41 KOKX 170624,nhigh: first final report with data,no,no,True,True,False,
2024-11-16,KXHIGHNY-24NOV16,KXHIGHNY-24NOV16-T57,less,,57,nws_climatological_report_daily,a6ce4cac04b81266,no,,0.0000,62,2024-11-17T06:24:00+00:00,CDUS41 KOKX 170624,nhigh: first final report with data,no,no,True,True,False,
2024-11-16,KXHIGHNY-24NOV16,KXHIGHNY-24NOV16-T64,greater,64,,nws_climatological_report_daily,a6ce4cac04b81266,no,,0.0000,62,2024-11-17T06:24:00+00:00,CDUS41 KOKX 170624,nhigh: first final report with data,no,no,True,True,False,
2024-11-17,KXHIGHNY-24NOV17,KXHIGHNY-24NOV17-B58.5,between,58,59,nws_climatological_report_daily,a6ce4cac04b81266,no,,0.0000,63,2024-11-18T06:17:00+00:00,CDUS41 KOKX 180617,nhigh: first final report with data,no,no,True,True,False,
2024-11-17,KXHIGHNY-24NOV17,KXHIGHNY-24NOV17-B60.5,between,60,61,nws_climatological_report_daily,a6ce4cac04b81266,no,,0.0000,63,2024-11-18T06:17:00+00:00,CDUS41 KOKX 180617,nhigh: first final report with data,no,no,True,True,False,
2024-11-17,KXHIGHNY-24NOV17,KXHIGHNY-24NOV17-B62.5,between,62,63,nws_climatological_report_daily,a6ce4cac04b81266,yes,63.00,1.0000,63,2024-11-18T06:17:00+00:00,CDUS41 KOKX 180617,nhigh: first final report with data,yes,yes,True,True,False,
2024-11-17,KXHIGHNY-24NOV17,KXHIGHNY-24NOV17-B64.5,between,64,65,nws_climatological_report_daily,a6ce4cac04b81266,no,,0.0000,63,2024-11-18T06:17:00+00:00,CDUS41 KOKX 180617,nhigh: first final report with data,no,no,True,True,False,
2024-11-17,KXHIGHNY-24NOV17,KXHIGHNY-24NOV17-T58,less,,58,nws_climatological_report_daily,a6ce4cac04b81266,no,,0.0000,63,2024-11-18T06:17:00+00:00,CDUS41 KOKX 180617,nhigh: first final report with data,no,no,True,True,False,
2024-11-17,KXHIGHNY-24NOV17,KXHIGHNY-24NOV17-T65,greater,65,,nws_climatological_report_daily,a6ce4cac04b81266,no,,0.0000,63,2024-11-18T06:17:00+00:00,CDUS41 KOKX 180617,nhigh: first final report with data,no,no,True,True,False,
2024-11-18,KXHIGHNY-24NOV18,KXHIGHNY-24NOV18-B60.5,between,60,61,nws_climatological_report_daily,a6ce4cac04b81266,no,,0.0000,66,2024-11-19T06:17:00+00:00,CDUS41 KOKX 190617,nhigh: first final report with data,no,no,True,True,False,
2024-11-18,KXHIGHNY-24NOV18,KXHIGHNY-24NOV18-B62.5,between,62,63,nws_climatological_report_daily,a6ce4cac04b81266,no,,0.0000,66,2024-11-19T06:17:00+00:00,CDUS41 KOKX 190617,nhigh: first final report with data,no,no,True,True,False,
2024-11-18,KXHIGHNY-24NOV18,KXHIGHNY-24NOV18-B64.5,between,64,65,nws_climatological_report_daily,a6ce4cac04b81266,no,,0.0000,66,2024-11-19T06:17:00+00:00,CDUS41 KOKX 190617,nhigh: first final report with data,no,no,True,True,False,
2024-11-18,KXHIGHNY-24NOV18,KXHIGHNY-24NOV18-B66.5,between,66,67,nws_climatological_report_daily,a6ce4cac04b81266,yes,66.00,1.0000,66,2024-11-19T06:17:00+00:00,CDUS41 KOKX 190617,nhigh: first final report with data,yes,yes,True,True,False,
2024-11-18,KXHIGHNY-24NOV18,KXHIGHNY-24NOV18-T60,less,,60,nws_climatological_report_daily,a6ce4cac04b81266,no,,0.0000,66,2024-11-19T06:17:00+00:00,CDUS41 KOKX 190617,nhigh: first final report with data,no,no,True,True,False,
2024-11-18,KXHIGHNY-24NOV18,KXHIGHNY-24NOV18-T67,greater,67,,nws_climatological_report_daily,a6ce4cac04b81266,no,,0.0000,66,2024-11-19T06:17:00+00:00,CDUS41 KOKX 190617,nhigh: first final report with data,no,no,True,True,False,
2024-11-19,KXHIGHNY-24NOV19,KXHIGHNY-24NOV19-B54.5,between,54,55,nws_climatological_report_daily,a6ce4cac04b81266,no,,0.0000,60,2024-11-20T06:20:00+00:00,CDUS41 KOKX 200620,nhigh: first final report with data,no,no,True,True,False,
2024-11-19,KXHIGHNY-24NOV19,KXHIGHNY-24NOV19-B56.5,between,56,57,nws_climatological_report_daily,a6ce4cac04b81266,no,,0.0000,60,2024-11-20T06:20:00+00:00,CDUS41 KOKX 200620,nhigh: first final report with data,no,no,True,True,False,
2024-11-19,KXHIGHNY-24NOV19,KXHIGHNY-24NOV19-B58.5,between,58,59,nws_climatological_report_daily,a6ce4cac04b81266,no,,0.0000,60,2024-11-20T06:20:00+00:00,CDUS41 KOKX 200620,nhigh: first final report with data,no,no,True,True,False,
2024-11-19,KXHIGHNY-24NOV19,KXHIGHNY-24NOV19-B60.5,between,60,61,nws_climatological_report_daily,a6ce4cac04b81266,yes,60.00,1.0000,60,2024-11-20T06:20:00+00:00,CDUS41 KOKX 200620,nhigh: first final report with data,yes,yes,True,True,False,
2024-11-19,KXHIGHNY-24NOV19,KXHIGHNY-24NOV19-T54,less,,54,nws_climatological_report_daily,a6ce4cac04b81266,no,,0.0000,60,2024-11-20T06:20:00+00:00,CDUS41 KOKX 200620,nhigh: first final report with data,no,no,True,True,False,
2024-11-19,KXHIGHNY-24NOV19,KXHIGHNY-24NOV19-T61,greater,61,,nws_climatological_report_daily,a6ce4cac04b81266,no,,0.0000,60,2024-11-20T06:20:00+00:00,CDUS41 KOKX 200620,nhigh: first final report with data,no,no,True,True,False,
2024-11-20,KXHIGHNY-24NOV20,KXHIGHNY-24NOV20-B55.5,between,55,56,nws_climatological_report_daily,a6ce4cac04b81266,no,,0.0000,60,2024-11-21T06:16:00+00:00,CDUS41 KOKX 210616,nhigh: first final report with data,no,no,True,True,False,
2024-11-20,KXHIGHNY-24NOV20,KXHIGHNY-24NOV20-B57.5,between,57,58,nws_climatological_report_daily,a6ce4cac04b81266,no,,0.0000,60,2024-11-21T06:16:00+00:00,CDUS41 KOKX 210616,nhigh: first final report with data,no,no,True,True,False,
2024-11-20,KXHIGHNY-24NOV20,KXHIGHNY-24NOV20-B59.5,between,59,60,nws_climatological_report_daily,a6ce4cac04b81266,yes,60.00,1.0000,60,2024-11-21T06:16:00+00:00,CDUS41 KOKX 210616,nhigh: first final report with data,yes,yes,True,True,False,
2024-11-20,KXHIGHNY-24NOV20,KXHIGHNY-24NOV20-B61.5,between,61,62,nws_climatological_report_daily,a6ce4cac04b81266,no,,0.0000,60,2024-11-21T06:16:00+00:00,CDUS41 KOKX 210616,nhigh: first final report with data,no,no,True,True,False,
2024-11-20,KXHIGHNY-24NOV20,KXHIGHNY-24NOV20-T55,less,,55,nws_climatological_report_daily,a6ce4cac04b81266,no,,0.0000,60,2024-11-21T06:16:00+00:00,CDUS41 KOKX 210616,nhigh: first final report with data,no,no,True,True,False,
2024-11-20,KXHIGHNY-24NOV20,KXHIGHNY-24NOV20-T62,greater,62,,nws_climatological_report_daily,a6ce4cac04b81266,no,,0.0000,60,2024-11-21T06:16:00+00:00,CDUS41 KOKX 210616,nhigh: first final report with data,no,no,True,True,False,
2024-11-21,KXHIGHNY-24NOV21,KXHIGHNY-24NOV21-B48.5,between,48,49,nws_climatological_report_daily,a6ce4cac04b81266,no,,0.0000,54,2024-11-22T06:29:00+00:00,CDUS41 KOKX 220629,nhigh: first final report with data,no,no,True,True,False,
2024-11-21,KXHIGHNY-24NOV21,KXHIGHNY-24NOV21-B50.5,between,50,51,nws_climatological_report_daily,a6ce4cac04b81266,no,,0.0000,54,2024-11-22T06:29:00+00:00,CDUS41 KOKX 220629,nhigh: first final report with data,no,no,True,True,False,
2024-11-21,KXHIGHNY-24NOV21,KXHIGHNY-24NOV21-B52.5,between,52,53,nws_climatological_report_daily,a6ce4cac04b81266,no,,0.0000,54,2024-11-22T06:29:00+00:00,CDUS41 KOKX 220629,nhigh: first final report with data,no,no,True,True,False,
2024-11-21,KXHIGHNY-24NOV21,KXHIGHNY-24NOV21-B54.5,between,54,55,nws_climatological_report_daily,a6ce4cac04b81266,yes,54.00,1.0000,54,2024-11-22T06:29:00+00:00,CDUS41 KOKX 220629,nhigh: first final report with data,yes,yes,True,True,False,
2024-11-21,KXHIGHNY-24NOV21,KXHIGHNY-24NOV21-T48,less,,48,nws_climatological_report_daily,a6ce4cac04b81266,no,,0.0000,54,2024-11-22T06:29:00+00:00,CDUS41 KOKX 220629,nhigh: first final report with data,no,no,True,True,False,
2024-11-21,KXHIGHNY-24NOV21,KXHIGHNY-24NOV21-T55,greater,55,,nws_climatological_report_daily,a6ce4cac04b81266,no,,0.0000,54,2024-11-22T06:29:00+00:00,CDUS41 KOKX 220629,nhigh: first final report with data,no,no,True,True,False,
2024-11-22,KXHIGHNY-24NOV22,KXHIGHNY-24NOV22-B41.5,between,41,42,nws_climatological_report_daily,a6ce4cac04b81266,no,,0.0000,40,2024-11-23T06:30:00+00:00,CDUS41 KOKX 230630,nhigh: first final report with data,no,no,True,True,False,
2024-11-22,KXHIGHNY-24NOV22,KXHIGHNY-24NOV22-B43.5,between,43,44,nws_climatological_report_daily,a6ce4cac04b81266,no,,0.0000,40,2024-11-23T06:30:00+00:00,CDUS41 KOKX 230630,nhigh: first final report with data,no,no,True,True,False,
2024-11-22,KXHIGHNY-24NOV22,KXHIGHNY-24NOV22-B45.5,between,45,46,nws_climatological_report_daily,a6ce4cac04b81266,no,,0.0000,40,2024-11-23T06:30:00+00:00,CDUS41 KOKX 230630,nhigh: first final report with data,no,no,True,True,False,
2024-11-22,KXHIGHNY-24NOV22,KXHIGHNY-24NOV22-B47.5,between,47,48,nws_climatological_report_daily,a6ce4cac04b81266,no,,0.0000,40,2024-11-23T06:30:00+00:00,CDUS41 KOKX 230630,nhigh: first final report with data,no,no,True,True,False,
2024-11-22,KXHIGHNY-24NOV22,KXHIGHNY-24NOV22-T41,less,,41,nws_climatological_report_daily,a6ce4cac04b81266,yes,40.00,1.0000,40,2024-11-23T06:30:00+00:00,CDUS41 KOKX 230630,nhigh: first final report with data,yes,yes,True,True,False,
2024-11-22,KXHIGHNY-24NOV22,KXHIGHNY-24NOV22-T48,greater,48,,nws_climatological_report_daily,a6ce4cac04b81266,no,,0.0000,40,2024-11-23T06:30:00+00:00,CDUS41 KOKX 230630,nhigh: first final report with data,no,no,True,True,False,
2024-11-23,KXHIGHNY-24NOV23,KXHIGHNY-24NOV23-B46.5,between,46,47,nws_climatological_report_daily,a6ce4cac04b81266,no,,0.0000,49,2024-11-24T06:45:00+00:00,CDUS41 KOKX 240645,nhigh: first final report with data,no,no,True,True,False,
2024-11-23,KXHIGHNY-24NOV23,KXHIGHNY-24NOV23-B48.5,between,48,49,nws_climatological_report_daily,a6ce4cac04b81266,yes,49.00,1.0000,49,2024-11-24T06:45:00+00:00,CDUS41 KOKX 240645,nhigh: first final report with data,yes,yes,True,True,False,
2024-11-23,KXHIGHNY-24NOV23,KXHIGHNY-24NOV23-B50.5,between,50,51,nws_climatological_report_daily,a6ce4cac04b81266,no,,0.0000,49,2024-11-24T06:45:00+00:00,CDUS41 KOKX 240645,nhigh: first final report with data,no,no,True,True,False,
2024-11-23,KXHIGHNY-24NOV23,KXHIGHNY-24NOV23-B52.5,between,52,53,nws_climatological_report_daily,a6ce4cac04b81266,no,,0.0000,49,2024-11-24T06:45:00+00:00,CDUS41 KOKX 240645,nhigh: first final report with data,no,no,True,True,False,
2024-11-23,KXHIGHNY-24NOV23,KXHIGHNY-24NOV23-T46,less,,46,nws_climatological_report_daily,a6ce4cac04b81266,no,,0.0000,49,2024-11-24T06:45:00+00:00,CDUS41 KOKX 240645,nhigh: first final report with data,no,no,True,True,False,
2024-11-23,KXHIGHNY-24NOV23,KXHIGHNY-24NOV23-T53,greater,53,,nws_climatological_report_daily,a6ce4cac04b81266,no,,0.0000,49,2024-11-24T06:45:00+00:00,CDUS41 KOKX 240645,nhigh: first final report with data,no,no,True,True,False,
2024-11-24,KXHIGHNY-24NOV24,KXHIGHNY-24NOV24-B49.5,between,49,50,nws_climatological_report_daily,a6ce4cac04b81266,no,,0.0000,53,2024-11-25T06:19:00+00:00,CDUS41 KOKX 250619,nhigh: first final report with data,no,no,True,True,False,
2024-11-24,KXHIGHNY-24NOV24,KXHIGHNY-24NOV24-B51.5,between,51,52,nws_climatological_report_daily,a6ce4cac04b81266,no,,0.0000,53,2024-11-25T06:19:00+00:00,CDUS41 KOKX 250619,nhigh: first final report with data,no,no,True,True,False,
2024-11-24,KXHIGHNY-24NOV24,KXHIGHNY-24NOV24-B53.5,between,53,54,nws_climatological_report_daily,a6ce4cac04b81266,yes,53.00,1.0000,53,2024-11-25T06:19:00+00:00,CDUS41 KOKX 250619,nhigh: first final report with data,yes,yes,True,True,False,
2024-11-24,KXHIGHNY-24NOV24,KXHIGHNY-24NOV24-B55.5,between,55,56,nws_climatological_report_daily,a6ce4cac04b81266,no,,0.0000,53,2024-11-25T06:19:00+00:00,CDUS41 KOKX 250619,nhigh: first final report with data,no,no,True,True,False,
2024-11-24,KXHIGHNY-24NOV24,KXHIGHNY-24NOV24-T49,less,,49,nws_climatological_report_daily,a6ce4cac04b81266,no,,0.0000,53,2024-11-25T06:19:00+00:00,CDUS41 KOKX 250619,nhigh: first final report with data,no,no,True,True,False,
2024-11-24,KXHIGHNY-24NOV24,KXHIGHNY-24NOV24-T56,greater,56,,nws_climatological_report_daily,a6ce4cac04b81266,no,,0.0000,53,2024-11-25T06:19:00+00:00,CDUS41 KOKX 250619,nhigh: first final report with data,no,no,True,True,False,
2024-11-25,KXHIGHNY-24NOV25,KXHIGHNY-24NOV25-B50.5,between,50,51,nws_climatological_report_daily,a6ce4cac04b81266,no,,0.0000,54,2024-11-26T06:50:00+00:00,CDUS41 KOKX 260650,nhigh: first final report with data,no,no,True,True,False,
2024-11-25,KXHIGHNY-24NOV25,KXHIGHNY-24NOV25-B52.5,between,52,53,nws_climatological_report_daily,a6ce4cac04b81266,no,,0.0000,54,2024-11-26T06:50:00+00:00,CDUS41 KOKX 260650,nhigh: first final report with data,no,no,True,True,False,
2024-11-25,KXHIGHNY-24NOV25,KXHIGHNY-24NOV25-B54.5,between,54,55,nws_climatological_report_daily,a6ce4cac04b81266,yes,54.00,1.0000,54,2024-11-26T06:50:00+00:00,CDUS41 KOKX 260650,nhigh: first final report with data,yes,yes,True,True,False,
2024-11-25,KXHIGHNY-24NOV25,KXHIGHNY-24NOV25-B56.5,between,56,57,nws_climatological_report_daily,a6ce4cac04b81266,no,,0.0000,54,2024-11-26T06:50:00+00:00,CDUS41 KOKX 260650,nhigh: first final report with data,no,no,True,True,False,
2024-11-25,KXHIGHNY-24NOV25,KXHIGHNY-24NOV25-T50,less,,50,nws_climatological_report_daily,a6ce4cac04b81266,no,,0.0000,54,2024-11-26T06:50:00+00:00,CDUS41 KOKX 260650,nhigh: first final report with data,no,no,True,True,False,
2024-11-25,KXHIGHNY-24NOV25,KXHIGHNY-24NOV25-T57,greater,57,,nws_climatological_report_daily,a6ce4cac04b81266,no,,0.0000,54,2024-11-26T06:50:00+00:00,CDUS41 KOKX 260650,nhigh: first final report with data,no,no,True,True,False,
2024-11-26,KXHIGHNY-24NOV26,KXHIGHNY-24NOV26-B54.5,between,54,55,nws_climatological_report_daily,a6ce4cac04b81266,no,,0.0000,58,2024-11-27T06:16:00+00:00,CDUS41 KOKX 270616,nhigh: first final report with data,no,no,True,True,False,
2024-11-26,KXHIGHNY-24NOV26,KXHIGHNY-24NOV26-B56.5,between,56,57,nws_climatological_report_daily,a6ce4cac04b81266,no,,0.0000,58,2024-11-27T06:16:00+00:00,CDUS41 KOKX 270616,nhigh: first final report with data,no,no,True,True,False,
2024-11-26,KXHIGHNY-24NOV26,KXHIGHNY-24NOV26-B58.5,between,58,59,nws_climatological_report_daily,a6ce4cac04b81266,yes,58.00,1.0000,58,2024-11-27T06:16:00+00:00,CDUS41 KOKX 270616,nhigh: first final report with data,yes,yes,True,True,False,
2024-11-26,KXHIGHNY-24NOV26,KXHIGHNY-24NOV26-B60.5,between,60,61,nws_climatological_report_daily,a6ce4cac04b81266,no,,0.0000,58,2024-11-27T06:16:00+00:00,CDUS41 KOKX 270616,nhigh: first final report with data,no,no,True,True,False,
2024-11-26,KXHIGHNY-24NOV26,KXHIGHNY-24NOV26-T54,less,,54,nws_climatological_report_daily,a6ce4cac04b81266,no,,0.0000,58,2024-11-27T06:16:00+00:00,CDUS41 KOKX 270616,nhigh: first final report with data,no,no,True,True,False,
2024-11-26,KXHIGHNY-24NOV26,KXHIGHNY-24NOV26-T61,greater,61,,nws_climatological_report_daily,a6ce4cac04b81266,no,,0.0000,58,2024-11-27T06:16:00+00:00,CDUS41 KOKX 270616,nhigh: first final report with data,no,no,True,True,False,
2024-11-27,KXHIGHNY-24NOV27,KXHIGHNY-24NOV27-B46.5,between,46,47,nws_climatological_report_daily,a6ce4cac04b81266,no,,0.0000,52,2024-11-28T06:17:00+00:00,CDUS41 KOKX 280617,nhigh: first final report with data,no,no,True,True,False,
2024-11-27,KXHIGHNY-24NOV27,KXHIGHNY-24NOV27-B48.5,between,48,49,nws_climatological_report_daily,a6ce4cac04b81266,no,,0.0000,52,2024-11-28T06:17:00+00:00,CDUS41 KOKX 280617,nhigh: first final report with data,no,no,True,True,False,
2024-11-27,KXHIGHNY-24NOV27,KXHIGHNY-24NOV27-B50.5,between,50,51,nws_climatological_report_daily,a6ce4cac04b81266,no,,0.0000,52,2024-11-28T06:17:00+00:00,CDUS41 KOKX 280617,nhigh: first final report with data,no,no,True,True,False,
2024-11-27,KXHIGHNY-24NOV27,KXHIGHNY-24NOV27-B52.5,between,52,53,nws_climatological_report_daily,a6ce4cac04b81266,yes,52.00,1.0000,52,2024-11-28T06:17:00+00:00,CDUS41 KOKX 280617,nhigh: first final report with data,yes,yes,True,True,False,
2024-11-27,KXHIGHNY-24NOV27,KXHIGHNY-24NOV27-T46,less,,46,nws_climatological_report_daily,a6ce4cac04b81266,no,,0.0000,52,2024-11-28T06:17:00+00:00,CDUS41 KOKX 280617,nhigh: first final report with data,no,no,True,True,False,
2024-11-27,KXHIGHNY-24NOV27,KXHIGHNY-24NOV27-T53,greater,53,,nws_climatological_report_daily,a6ce4cac04b81266,no,,0.0000,52,2024-11-28T06:17:00+00:00,CDUS41 KOKX 280617,nhigh: first final report with data,no,no,True,True,False,
2024-11-28,KXHIGHNY-24NOV28,KXHIGHNY-24NOV28-B44.5,between,44,45,nws_climatological_report_daily,a6ce4cac04b81266,no,,0.0000,49,2024-11-29T06:17:00+00:00,CDUS41 KOKX 290617,nhigh: first final report with data,no,no,True,True,False,
2024-11-28,KXHIGHNY-24NOV28,KXHIGHNY-24NOV28-B46.5,between,46,47,nws_climatological_report_daily,a6ce4cac04b81266,no,,0.0000,49,2024-11-29T06:17:00+00:00,CDUS41 KOKX 290617,nhigh: first final report with data,no,no,True,True,False,
2024-11-28,KXHIGHNY-24NOV28,KXHIGHNY-24NOV28-B48.5,between,48,49,nws_climatological_report_daily,a6ce4cac04b81266,yes,49.00,1.0000,49,2024-11-29T06:17:00+00:00,CDUS41 KOKX 290617,nhigh: first final report with data,yes,yes,True,True,False,
2024-11-28,KXHIGHNY-24NOV28,KXHIGHNY-24NOV28-B50.5,between,50,51,nws_climatological_report_daily,a6ce4cac04b81266,no,,0.0000,49,2024-11-29T06:17:00+00:00,CDUS41 KOKX 290617,nhigh: first final report with data,no,no,True,True,False,
2024-11-28,KXHIGHNY-24NOV28,KXHIGHNY-24NOV28-T44,less,,44,nws_climatological_report_daily,a6ce4cac04b81266,no,,0.0000,49,2024-11-29T06:17:00+00:00,CDUS41 KOKX 290617,nhigh: first final report with data,no,no,True,True,False,
2024-11-28,KXHIGHNY-24NOV28,KXHIGHNY-24NOV28-T51,greater,51,,nws_climatological_report_daily,a6ce4cac04b81266,no,,0.0000,49,2024-11-29T06:17:00+00:00,CDUS41 KOKX 290617,nhigh: first final report with data,no,no,True,True,False,
2024-11-29,KXHIGHNY-24NOV29,KXHIGHNY-24NOV29-B42.5,between,42,43,nws_climatological_report_daily,a6ce4cac04b81266,no,,0.0000,47,2024-11-30T06:18:00+00:00,CDUS41 KOKX 300618,nhigh: first final report with data,no,no,True,True,False,
2024-11-29,KXHIGHNY-24NOV29,KXHIGHNY-24NOV29-B44.5,between,44,45,nws_climatological_report_daily,a6ce4cac04b81266,no,,0.0000,47,2024-11-30T06:18:00+00:00,CDUS41 KOKX 300618,nhigh: first final report with data,no,no,True,True,False,
2024-11-29,KXHIGHNY-24NOV29,KXHIGHNY-24NOV29-B46.5,between,46,47,nws_climatological_report_daily,a6ce4cac04b81266,yes,47.00,1.0000,47,2024-11-30T06:18:00+00:00,CDUS41 KOKX 300618,nhigh: first final report with data,yes,yes,True,True,False,
2024-11-29,KXHIGHNY-24NOV29,KXHIGHNY-24NOV29-B48.5,between,48,49,nws_climatological_report_daily,a6ce4cac04b81266,no,,0.0000,47,2024-11-30T06:18:00+00:00,CDUS41 KOKX 300618,nhigh: first final report with data,no,no,True,True,False,
2024-11-29,KXHIGHNY-24NOV29,KXHIGHNY-24NOV29-T42,less,,42,nws_climatological_report_daily,a6ce4cac04b81266,no,,0.0000,47,2024-11-30T06:18:00+00:00,CDUS41 KOKX 300618,nhigh: first final report with data,no,no,True,True,False,
2024-11-29,KXHIGHNY-24NOV29,KXHIGHNY-24NOV29-T49,greater,49,,nws_climatological_report_daily,a6ce4cac04b81266,no,,0.0000,47,2024-11-30T06:18:00+00:00,CDUS41 KOKX 300618,nhigh: first final report with data,no,no,True,True,False,
2024-11-30,KXHIGHNY-24NOV30,KXHIGHNY-24NOV30-B36.5,between,36,37,nws_climatological_report_daily,a6ce4cac04b81266,no,,0.0000,39,2024-12-01T06:17:00+00:00,CDUS41 KOKX 010617,nhigh: first final report with data,no,no,True,True,False,
2024-11-30,KXHIGHNY-24NOV30,KXHIGHNY-24NOV30-B38.5,between,38,39,nws_climatological_report_daily,a6ce4cac04b81266,yes,39.00,1.0000,39,2024-12-01T06:17:00+00:00,CDUS41 KOKX 010617,nhigh: first final report with data,yes,yes,True,True,False,
2024-11-30,KXHIGHNY-24NOV30,KXHIGHNY-24NOV30-B40.5,between,40,41,nws_climatological_report_daily,a6ce4cac04b81266,no,,0.0000,39,2024-12-01T06:17:00+00:00,CDUS41 KOKX 010617,nhigh: first final report with data,no,no,True,True,False,
2024-11-30,KXHIGHNY-24NOV30,KXHIGHNY-24NOV30-B42.5,between,42,43,nws_climatological_report_daily,a6ce4cac04b81266,no,,0.0000,39,2024-12-01T06:17:00+00:00,CDUS41 KOKX 010617,nhigh: first final report with data,no,no,True,True,False,
2024-11-30,KXHIGHNY-24NOV30,KXHIGHNY-24NOV30-T36,less,,36,nws_climatological_report_daily,a6ce4cac04b81266,no,,0.0000,39,2024-12-01T06:17:00+00:00,CDUS41 KOKX 010617,nhigh: first final report with data,no,no,True,True,False,
2024-11-30,KXHIGHNY-24NOV30,KXHIGHNY-24NOV30-T43,greater,43,,nws_climatological_report_daily,a6ce4cac04b81266,no,,0.0000,39,2024-12-01T06:17:00+00:00,CDUS41 KOKX 010617,nhigh: first final report with data,no,no,True,True,False,
2024-12-01,KXHIGHNY-24DEC01,KXHIGHNY-24DEC01-B33.5,between,33,34,nws_climatological_report_daily,a6ce4cac04b81266,no,,0.0000,38,2024-12-02T06:18:00+00:00,CDUS41 KOKX 020618,nhigh: first final report with data,no,no,True,True,False,
2024-12-01,KXHIGHNY-24DEC01,KXHIGHNY-24DEC01-B35.5,between,35,36,nws_climatological_report_daily,a6ce4cac04b81266,no,,0.0000,38,2024-12-02T06:18:00+00:00,CDUS41 KOKX 020618,nhigh: first final report with data,no,no,True,True,False,
2024-12-01,KXHIGHNY-24DEC01,KXHIGHNY-24DEC01-B37.5,between,37,38,nws_climatological_report_daily,a6ce4cac04b81266,yes,38.00,1.0000,38,2024-12-02T06:18:00+00:00,CDUS41 KOKX 020618,nhigh: first final report with data,yes,yes,True,True,False,
2024-12-01,KXHIGHNY-24DEC01,KXHIGHNY-24DEC01-B39.5,between,39,40,nws_climatological_report_daily,a6ce4cac04b81266,no,,0.0000,38,2024-12-02T06:18:00+00:00,CDUS41 KOKX 020618,nhigh: first final report with data,no,no,True,True,False,
2024-12-01,KXHIGHNY-24DEC01,KXHIGHNY-24DEC01-T33,less,,33,nws_climatological_report_daily,a6ce4cac04b81266,no,,0.0000,38,2024-12-02T06:18:00+00:00,CDUS41 KOKX 020618,nhigh: first final report with data,no,no,True,True,False,
2024-12-01,KXHIGHNY-24DEC01,KXHIGHNY-24DEC01-T40,greater,40,,nws_climatological_report_daily,a6ce4cac04b81266,no,,0.0000,38,2024-12-02T06:18:00+00:00,CDUS41 KOKX 020618,nhigh: first final report with data,no,no,True,True,False,
2024-12-02,KXHIGHNY-24DEC02,KXHIGHNY-24DEC02-B36.5,between,36,37,nws_climatological_report_daily,a6ce4cac04b81266,no,,0.0000,39,2024-12-03T06:16:00+00:00,CDUS41 KOKX 030616,nhigh: first final report with data,no,no,True,True,False,
2024-12-02,KXHIGHNY-24DEC02,KXHIGHNY-24DEC02-B38.5,between,38,39,nws_climatological_report_daily,a6ce4cac04b81266,yes,39.00,1.0000,39,2024-12-03T06:16:00+00:00,CDUS41 KOKX 030616,nhigh: first final report with data,yes,yes,True,True,False,
2024-12-02,KXHIGHNY-24DEC02,KXHIGHNY-24DEC02-B40.5,between,40,41,nws_climatological_report_daily,a6ce4cac04b81266,no,,0.0000,39,2024-12-03T06:16:00+00:00,CDUS41 KOKX 030616,nhigh: first final report with data,no,no,True,True,False,
2024-12-02,KXHIGHNY-24DEC02,KXHIGHNY-24DEC02-B42.5,between,42,43,nws_climatological_report_daily,a6ce4cac04b81266,no,,0.0000,39,2024-12-03T06:16:00+00:00,CDUS41 KOKX 030616,nhigh: first final report with data,no,no,True,True,False,
2024-12-02,KXHIGHNY-24DEC02,KXHIGHNY-24DEC02-T36,less,,36,nws_climatological_report_daily,a6ce4cac04b81266,no,,0.0000,39,2024-12-03T06:16:00+00:00,CDUS41 KOKX 030616,nhigh: first final report with data,no,no,True,True,False,
2024-12-02,KXHIGHNY-24DEC02,KXHIGHNY-24DEC02-T43,greater,43,,nws_climatological_report_daily,a6ce4cac04b81266,no,,0.0000,39,2024-12-03T06:16:00+00:00,CDUS41 KOKX 030616,nhigh: first final report with data,no,no,True,True,False,
2024-12-03,KXHIGHNY-24DEC03,KXHIGHNY-24DEC03-B37.5,between,37,38,nws_climatological_report_daily,a6ce4cac04b81266,no,,0.0000,42,2024-12-04T06:25:00+00:00,CDUS41 KOKX 040625,nhigh: first final report with data,no,no,True,True,False,
2024-12-03,KXHIGHNY-24DEC03,KXHIGHNY-24DEC03-B39.5,between,39,40,nws_climatological_report_daily,a6ce4cac04b81266,no,,0.0000,42,2024-12-04T06:25:00+00:00,CDUS41 KOKX 040625,nhigh: first final report with data,no,no,True,True,False,
2024-12-03,KXHIGHNY-24DEC03,KXHIGHNY-24DEC03-B41.5,between,41,42,nws_climatological_report_daily,a6ce4cac04b81266,yes,42.00,1.0000,42,2024-12-04T06:25:00+00:00,CDUS41 KOKX 040625,nhigh: first final report with data,yes,yes,True,True,False,
2024-12-03,KXHIGHNY-24DEC03,KXHIGHNY-24DEC03-B43.5,between,43,44,nws_climatological_report_daily,a6ce4cac04b81266,no,,0.0000,42,2024-12-04T06:25:00+00:00,CDUS41 KOKX 040625,nhigh: first final report with data,no,no,True,True,False,
2024-12-03,KXHIGHNY-24DEC03,KXHIGHNY-24DEC03-T37,less,,37,nws_climatological_report_daily,a6ce4cac04b81266,no,,0.0000,42,2024-12-04T06:25:00+00:00,CDUS41 KOKX 040625,nhigh: first final report with data,no,no,True,True,False,
2024-12-03,KXHIGHNY-24DEC03,KXHIGHNY-24DEC03-T44,greater,44,,nws_climatological_report_daily,a6ce4cac04b81266,no,,0.0000,42,2024-12-04T06:25:00+00:00,CDUS41 KOKX 040625,nhigh: first final report with data,no,no,True,True,False,
2024-12-04,KXHIGHNY-24DEC04,KXHIGHNY-24DEC04-B37.5,between,37,38,nws_climatological_report_daily,a6ce4cac04b81266,no,,0.0000,42,2024-12-05T06:28:00+00:00,CDUS41 KOKX 050628,nhigh: first final report with data,no,no,True,True,False,
2024-12-04,KXHIGHNY-24DEC04,KXHIGHNY-24DEC04-B39.5,between,39,40,nws_climatological_report_daily,a6ce4cac04b81266,no,,0.0000,42,2024-12-05T06:28:00+00:00,CDUS41 KOKX 050628,nhigh: first final report with data,no,no,True,True,False,
2024-12-04,KXHIGHNY-24DEC04,KXHIGHNY-24DEC04-B41.5,between,41,42,nws_climatological_report_daily,a6ce4cac04b81266,yes,42.00,1.0000,42,2024-12-05T06:28:00+00:00,CDUS41 KOKX 050628,nhigh: first final report with data,yes,yes,True,True,False,
2024-12-04,KXHIGHNY-24DEC04,KXHIGHNY-24DEC04-B43.5,between,43,44,nws_climatological_report_daily,a6ce4cac04b81266,no,,0.0000,42,2024-12-05T06:28:00+00:00,CDUS41 KOKX 050628,nhigh: first final report with data,no,no,True,True,False,
2024-12-04,KXHIGHNY-24DEC04,KXHIGHNY-24DEC04-T37,less,,37,nws_climatological_report_daily,a6ce4cac04b81266,no,,0.0000,42,2024-12-05T06:28:00+00:00,CDUS41 KOKX 050628,nhigh: first final report with data,no,no,True,True,False,
2024-12-04,KXHIGHNY-24DEC04,KXHIGHNY-24DEC04-T44,greater,44,,nws_climatological_report_daily,a6ce4cac04b81266,no,,0.0000,42,2024-12-05T06:28:00+00:00,CDUS41 KOKX 050628,nhigh: first final report with data,no,no,True,True,False,
2024-12-05,KXHIGHNY-24DEC05,KXHIGHNY-24DEC05-B36.5,between,36,37,nws_climatological_report_daily,a6ce4cac04b81266,no,,0.0000,40,2024-12-06T06:29:00+00:00,CDUS41 KOKX 060629,nhigh: first final report with data,no,no,True,True,False,
2024-12-05,KXHIGHNY-24DEC05,KXHIGHNY-24DEC05-B38.5,between,38,39,nws_climatological_report_daily,a6ce4cac04b81266,no,,0.0000,40,2024-12-06T06:29:00+00:00,CDUS41 KOKX 060629,nhigh: first final report with data,no,no,True,True,False,
2024-12-05,KXHIGHNY-24DEC05,KXHIGHNY-24DEC05-B40.5,between,40,41,nws_climatological_report_daily,a6ce4cac04b81266,yes,40.00,1.0000,40,2024-12-06T06:29:00+00:00,CDUS41 KOKX 060629,nhigh: first final report with data,yes,yes,True,True,False,
2024-12-05,KXHIGHNY-24DEC05,KXHIGHNY-24DEC05-B42.5,between,42,43,nws_climatological_report_daily,a6ce4cac04b81266,no,,0.0000,40,2024-12-06T06:29:00+00:00,CDUS41 KOKX 060629,nhigh: first final report with data,no,no,True,True,False,
2024-12-05,KXHIGHNY-24DEC05,KXHIGHNY-24DEC05-T36,less,,36,nws_climatological_report_daily,a6ce4cac04b81266,no,,0.0000,40,2024-12-06T06:29:00+00:00,CDUS41 KOKX 060629,nhigh: first final report with data,no,no,True,True,False,
2024-12-05,KXHIGHNY-24DEC05,KXHIGHNY-24DEC05-T43,greater,43,,nws_climatological_report_daily,a6ce4cac04b81266,no,,0.0000,40,2024-12-06T06:29:00+00:00,CDUS41 KOKX 060629,nhigh: first final report with data,no,no,True,True,False,
2024-12-06,KXHIGHNY-24DEC06,KXHIGHNY-24DEC06-B31.5,between,31,32,nws_climatological_report_daily,a6ce4cac04b81266,no,,0.0000,34,2024-12-07T06:39:00+00:00,CDUS41 KOKX 070639,nhigh: first final report with data,no,no,True,True,False,
2024-12-06,KXHIGHNY-24DEC06,KXHIGHNY-24DEC06-B33.5,between,33,34,nws_climatological_report_daily,a6ce4cac04b81266,yes,34.00,1.0000,34,2024-12-07T06:39:00+00:00,CDUS41 KOKX 070639,nhigh: first final report with data,yes,yes,True,True,False,
2024-12-06,KXHIGHNY-24DEC06,KXHIGHNY-24DEC06-B35.5,between,35,36,nws_climatological_report_daily,a6ce4cac04b81266,no,,0.0000,34,2024-12-07T06:39:00+00:00,CDUS41 KOKX 070639,nhigh: first final report with data,no,no,True,True,False,
2024-12-06,KXHIGHNY-24DEC06,KXHIGHNY-24DEC06-B37.5,between,37,38,nws_climatological_report_daily,a6ce4cac04b81266,no,,0.0000,34,2024-12-07T06:39:00+00:00,CDUS41 KOKX 070639,nhigh: first final report with data,no,no,True,True,False,
2024-12-06,KXHIGHNY-24DEC06,KXHIGHNY-24DEC06-T31,less,,31,nws_climatological_report_daily,a6ce4cac04b81266,no,,0.0000,34,2024-12-07T06:39:00+00:00,CDUS41 KOKX 070639,nhigh: first final report with data,no,no,True,True,False,
2024-12-06,KXHIGHNY-24DEC06,KXHIGHNY-24DEC06-T38,greater,38,,nws_climatological_report_daily,a6ce4cac04b81266,no,,0.0000,34,2024-12-07T06:39:00+00:00,CDUS41 KOKX 070639,nhigh: first final report with data,no,no,True,True,False,
2024-12-07,KXHIGHNY-24DEC07,KXHIGHNY-24DEC07-B34.5,between,34,35,nws_climatological_report_daily,a6ce4cac04b81266,no,,0.0000,41,2024-12-08T06:22:00+00:00,CDUS41 KOKX 080622,nhigh: first final report with data,no,no,True,True,False,
2024-12-07,KXHIGHNY-24DEC07,KXHIGHNY-24DEC07-B36.5,between,36,37,nws_climatological_report_daily,a6ce4cac04b81266,no,,0.0000,41,2024-12-08T06:22:00+00:00,CDUS41 KOKX 080622,nhigh: first final report with data,no,no,True,True,False,
2024-12-07,KXHIGHNY-24DEC07,KXHIGHNY-24DEC07-B38.5,between,38,39,nws_climatological_report_daily,a6ce4cac04b81266,no,,0.0000,41,2024-12-08T06:22:00+00:00,CDUS41 KOKX 080622,nhigh: first final report with data,no,no,True,True,False,
2024-12-07,KXHIGHNY-24DEC07,KXHIGHNY-24DEC07-B40.5,between,40,41,nws_climatological_report_daily,a6ce4cac04b81266,yes,41.00,1.0000,41,2024-12-08T06:22:00+00:00,CDUS41 KOKX 080622,nhigh: first final report with data,yes,yes,True,True,False,
2024-12-07,KXHIGHNY-24DEC07,KXHIGHNY-24DEC07-T34,less,,34,nws_climatological_report_daily,a6ce4cac04b81266,no,,0.0000,41,2024-12-08T06:22:00+00:00,CDUS41 KOKX 080622,nhigh: first final report with data,no,no,True,True,False,
2024-12-07,KXHIGHNY-24DEC07,KXHIGHNY-24DEC07-T41,greater,41,,nws_climatological_report_daily,a6ce4cac04b81266,no,,0.0000,41,2024-12-08T06:22:00+00:00,CDUS41 KOKX 080622,nhigh: first final report with data,no,no,True,True,False,
2024-12-08,KXHIGHNY-24DEC08,KXHIGHNY-24DEC08-B46.5,between,46,47,nws_climatological_report_daily,a6ce4cac04b81266,no,,0.0000,55,2024-12-09T06:19:00+00:00,CDUS41 KOKX 090619,nhigh: first final report with data,no,no,True,True,False,
2024-12-08,KXHIGHNY-24DEC08,KXHIGHNY-24DEC08-B48.5,between,48,49,nws_climatological_report_daily,a6ce4cac04b81266,no,,0.0000,55,2024-12-09T06:19:00+00:00,CDUS41 KOKX 090619,nhigh: first final report with data,no,no,True,True,False,
2024-12-08,KXHIGHNY-24DEC08,KXHIGHNY-24DEC08-B50.5,between,50,51,nws_climatological_report_daily,a6ce4cac04b81266,no,,0.0000,55,2024-12-09T06:19:00+00:00,CDUS41 KOKX 090619,nhigh: first final report with data,no,no,True,True,False,
2024-12-08,KXHIGHNY-24DEC08,KXHIGHNY-24DEC08-B52.5,between,52,53,nws_climatological_report_daily,a6ce4cac04b81266,no,,0.0000,55,2024-12-09T06:19:00+00:00,CDUS41 KOKX 090619,nhigh: first final report with data,no,no,True,True,False,
2024-12-08,KXHIGHNY-24DEC08,KXHIGHNY-24DEC08-T46,less,,46,nws_climatological_report_daily,a6ce4cac04b81266,no,,0.0000,55,2024-12-09T06:19:00+00:00,CDUS41 KOKX 090619,nhigh: first final report with data,no,no,True,True,False,
2024-12-08,KXHIGHNY-24DEC08,KXHIGHNY-24DEC08-T53,greater,53,,nws_climatological_report_daily,a6ce4cac04b81266,yes,55.00,1.0000,55,2024-12-09T06:19:00+00:00,CDUS41 KOKX 090619,nhigh: first final report with data,yes,yes,True,True,False,
2024-12-09,KXHIGHNY-24DEC09,KXHIGHNY-24DEC09-B44.5,between,44,45,nws_climatological_report_daily,a6ce4cac04b81266,no,,0.0000,51,2024-12-10T06:18:00+00:00,CDUS41 KOKX 100618,nhigh: first final report with data,no,no,True,True,False,
2024-12-09,KXHIGHNY-24DEC09,KXHIGHNY-24DEC09-B46.5,between,46,47,nws_climatological_report_daily,a6ce4cac04b81266,no,,0.0000,51,2024-12-10T06:18:00+00:00,CDUS41 KOKX 100618,nhigh: first final report with data,no,no,True,True,False,
2024-12-09,KXHIGHNY-24DEC09,KXHIGHNY-24DEC09-B48.5,between,48,49,nws_climatological_report_daily,a6ce4cac04b81266,no,,0.0000,51,2024-12-10T06:18:00+00:00,CDUS41 KOKX 100618,nhigh: first final report with data,no,no,True,True,False,
2024-12-09,KXHIGHNY-24DEC09,KXHIGHNY-24DEC09-B50.5,between,50,51,nws_climatological_report_daily,a6ce4cac04b81266,yes,51.00,1.0000,51,2024-12-10T06:18:00+00:00,CDUS41 KOKX 100618,nhigh: first final report with data,yes,yes,True,True,False,
2024-12-09,KXHIGHNY-24DEC09,KXHIGHNY-24DEC09-T44,less,,44,nws_climatological_report_daily,a6ce4cac04b81266,no,,0.0000,51,2024-12-10T06:18:00+00:00,CDUS41 KOKX 100618,nhigh: first final report with data,no,no,True,True,False,
2024-12-09,KXHIGHNY-24DEC09,KXHIGHNY-24DEC09-T51,greater,51,,nws_climatological_report_daily,a6ce4cac04b81266,no,,0.0000,51,2024-12-10T06:18:00+00:00,CDUS41 KOKX 100618,nhigh: first final report with data,no,no,True,True,False,
2024-12-10,KXHIGHNY-24DEC10,KXHIGHNY-24DEC10-B48.5,between,48,49,nws_climatological_report_daily,a6ce4cac04b81266,no,,0.0000,50,2024-12-11T06:27:00+00:00,CDUS41 KOKX 110627,nhigh: first final report with data,no,no,True,True,False,
2024-12-10,KXHIGHNY-24DEC10,KXHIGHNY-24DEC10-B50.5,between,50,51,nws_climatological_report_daily,a6ce4cac04b81266,yes,50.00,1.0000,50,2024-12-11T06:27:00+00:00,CDUS41 KOKX 110627,nhigh: first final report with data,yes,yes,True,True,False,
2024-12-10,KXHIGHNY-24DEC10,KXHIGHNY-24DEC10-B52.5,between,52,53,nws_climatological_report_daily,a6ce4cac04b81266,no,,0.0000,50,2024-12-11T06:27:00+00:00,CDUS41 KOKX 110627,nhigh: first final report with data,no,no,True,True,False,
2024-12-10,KXHIGHNY-24DEC10,KXHIGHNY-24DEC10-B54.5,between,54,55,nws_climatological_report_daily,a6ce4cac04b81266,no,,0.0000,50,2024-12-11T06:27:00+00:00,CDUS41 KOKX 110627,nhigh: first final report with data,no,no,True,True,False,
2024-12-10,KXHIGHNY-24DEC10,KXHIGHNY-24DEC10-T48,less,,48,nws_climatological_report_daily,a6ce4cac04b81266,no,,0.0000,50,2024-12-11T06:27:00+00:00,CDUS41 KOKX 110627,nhigh: first final report with data,no,no,True,True,False,
2024-12-10,KXHIGHNY-24DEC10,KXHIGHNY-24DEC10-T55,greater,55,,nws_climatological_report_daily,a6ce4cac04b81266,no,,0.0000,50,2024-12-11T06:27:00+00:00,CDUS41 KOKX 110627,nhigh: first final report with data,no,no,True,True,False,
2024-12-11,KXHIGHNY-24DEC11,KXHIGHNY-24DEC11-B58.5,between,58,59,nws_climatological_report_daily,a6ce4cac04b81266,no,,0.0000,60,2024-12-12T06:29:00+00:00,CDUS41 KOKX 120629,nhigh: first final report with data,no,no,True,True,False,
2024-12-11,KXHIGHNY-24DEC11,KXHIGHNY-24DEC11-B60.5,between,60,61,nws_climatological_report_daily,a6ce4cac04b81266,yes,60.00,1.0000,60,2024-12-12T06:29:00+00:00,CDUS41 KOKX 120629,nhigh: first final report with data,yes,yes,True,True,False,
2024-12-11,KXHIGHNY-24DEC11,KXHIGHNY-24DEC11-B62.5,between,62,63,nws_climatological_report_daily,a6ce4cac04b81266,no,,0.0000,60,2024-12-12T06:29:00+00:00,CDUS41 KOKX 120629,nhigh: first final report with data,no,no,True,True,False,
2024-12-11,KXHIGHNY-24DEC11,KXHIGHNY-24DEC11-B64.5,between,64,65,nws_climatological_report_daily,a6ce4cac04b81266,no,,0.0000,60,2024-12-12T06:29:00+00:00,CDUS41 KOKX 120629,nhigh: first final report with data,no,no,True,True,False,
2024-12-11,KXHIGHNY-24DEC11,KXHIGHNY-24DEC11-T58,less,,58,nws_climatological_report_daily,a6ce4cac04b81266,no,,0.0000,60,2024-12-12T06:29:00+00:00,CDUS41 KOKX 120629,nhigh: first final report with data,no,no,True,True,False,
2024-12-11,KXHIGHNY-24DEC11,KXHIGHNY-24DEC11-T65,greater,65,,nws_climatological_report_daily,a6ce4cac04b81266,no,,0.0000,60,2024-12-12T06:29:00+00:00,CDUS41 KOKX 120629,nhigh: first final report with data,no,no,True,True,False,
2024-12-12,KXHIGHNY-24DEC12,KXHIGHNY-24DEC12-B35.5,between,35,36,nws_climatological_report_daily,a6ce4cac04b81266,no,,0.0000,41,2024-12-13T06:23:00+00:00,CDUS41 KOKX 130623,nhigh: first final report with data,no,no,True,True,False,
2024-12-12,KXHIGHNY-24DEC12,KXHIGHNY-24DEC12-B37.5,between,37,38,nws_climatological_report_daily,a6ce4cac04b81266,no,,0.0000,41,2024-12-13T06:23:00+00:00,CDUS41 KOKX 130623,nhigh: first final report with data,no,no,True,True,False,
2024-12-12,KXHIGHNY-24DEC12,KXHIGHNY-24DEC12-B39.5,between,39,40,nws_climatological_report_daily,a6ce4cac04b81266,no,,0.0000,41,2024-12-13T06:23:00+00:00,CDUS41 KOKX 130623,nhigh: first final report with data,no,no,True,True,False,
2024-12-12,KXHIGHNY-24DEC12,KXHIGHNY-24DEC12-B41.5,between,41,42,nws_climatological_report_daily,a6ce4cac04b81266,yes,41.00,1.0000,41,2024-12-13T06:23:00+00:00,CDUS41 KOKX 130623,nhigh: first final report with data,yes,yes,True,True,False,
2024-12-12,KXHIGHNY-24DEC12,KXHIGHNY-24DEC12-T35,less,,35,nws_climatological_report_daily,a6ce4cac04b81266,no,,0.0000,41,2024-12-13T06:23:00+00:00,CDUS41 KOKX 130623,nhigh: first final report with data,no,no,True,True,False,
2024-12-12,KXHIGHNY-24DEC12,KXHIGHNY-24DEC12-T42,greater,42,,nws_climatological_report_daily,a6ce4cac04b81266,no,,0.0000,41,2024-12-13T06:23:00+00:00,CDUS41 KOKX 130623,nhigh: first final report with data,no,no,True,True,False,
2024-12-13,KXHIGHNY-24DEC13,KXHIGHNY-24DEC13-B31.5,between,31,32,nws_climatological_report_daily,a6ce4cac04b81266,no,,0.0000,33,2024-12-14T06:21:00+00:00,CDUS41 KOKX 140621,nhigh: first final report with data,no,no,True,True,False,
2024-12-13,KXHIGHNY-24DEC13,KXHIGHNY-24DEC13-B33.5,between,33,34,nws_climatological_report_daily,a6ce4cac04b81266,yes,33.00,1.0000,33,2024-12-14T06:21:00+00:00,CDUS41 KOKX 140621,nhigh: first final report with data,yes,yes,True,True,False,
2024-12-13,KXHIGHNY-24DEC13,KXHIGHNY-24DEC13-B35.5,between,35,36,nws_climatological_report_daily,a6ce4cac04b81266,no,,0.0000,33,2024-12-14T06:21:00+00:00,CDUS41 KOKX 140621,nhigh: first final report with data,no,no,True,True,False,
2024-12-13,KXHIGHNY-24DEC13,KXHIGHNY-24DEC13-B37.5,between,37,38,nws_climatological_report_daily,a6ce4cac04b81266,no,,0.0000,33,2024-12-14T06:21:00+00:00,CDUS41 KOKX 140621,nhigh: first final report with data,no,no,True,True,False,
2024-12-13,KXHIGHNY-24DEC13,KXHIGHNY-24DEC13-T31,less,,31,nws_climatological_report_daily,a6ce4cac04b81266,no,,0.0000,33,2024-12-14T06:21:00+00:00,CDUS41 KOKX 140621,nhigh: first final report with data,no,no,True,True,False,
2024-12-13,KXHIGHNY-24DEC13,KXHIGHNY-24DEC13-T38,greater,38,,nws_climatological_report_daily,a6ce4cac04b81266,no,,0.0000,33,2024-12-14T06:21:00+00:00,CDUS41 KOKX 140621,nhigh: first final report with data,no,no,True,True,False,
2024-12-14,KXHIGHNY-24DEC14,KXHIGHNY-24DEC14-B32.5,between,32,33,nws_climatological_report_daily,a6ce4cac04b81266,no,,0.0000,34,2024-12-15T06:17:00+00:00,CDUS41 KOKX 150617,nhigh: first final report with data,no,no,True,True,False,
2024-12-14,KXHIGHNY-24DEC14,KXHIGHNY-24DEC14-B34.5,between,34,35,nws_climatological_report_daily,a6ce4cac04b81266,yes,34.00,1.0000,34,2024-12-15T06:17:00+00:00,CDUS41 KOKX 150617,nhigh: first final report with data,yes,yes,True,True,False,
2024-12-14,KXHIGHNY-24DEC14,KXHIGHNY-24DEC14-B36.5,between,36,37,nws_climatological_report_daily,a6ce4cac04b81266,no,,0.0000,34,2024-12-15T06:17:00+00:00,CDUS41 KOKX 150617,nhigh: first final report with data,no,no,True,True,False,
2024-12-14,KXHIGHNY-24DEC14,KXHIGHNY-24DEC14-B38.5,between,38,39,nws_climatological_report_daily,a6ce4cac04b81266,no,,0.0000,34,2024-12-15T06:17:00+00:00,CDUS41 KOKX 150617,nhigh: first final report with data,no,no,True,True,False,
2024-12-14,KXHIGHNY-24DEC14,KXHIGHNY-24DEC14-T32,less,,32,nws_climatological_report_daily,a6ce4cac04b81266,no,,0.0000,34,2024-12-15T06:17:00+00:00,CDUS41 KOKX 150617,nhigh: first final report with data,no,no,True,True,False,
2024-12-14,KXHIGHNY-24DEC14,KXHIGHNY-24DEC14-T39,greater,39,,nws_climatological_report_daily,a6ce4cac04b81266,no,,0.0000,34,2024-12-15T06:17:00+00:00,CDUS41 KOKX 150617,nhigh: first final report with data,no,no,True,True,False,
2024-12-15,KXHIGHNY-24DEC15,KXHIGHNY-24DEC15-B35.5,between,35,36,nws_climatological_report_daily,a6ce4cac04b81266,no,,0.0000,41,2024-12-16T06:24:00+00:00,CDUS41 KOKX 160624,nhigh: first final report with data,no,no,True,True,False,
2024-12-15,KXHIGHNY-24DEC15,KXHIGHNY-24DEC15-B37.5,between,37,38,nws_climatological_report_daily,a6ce4cac04b81266,no,,0.0000,41,2024-12-16T06:24:00+00:00,CDUS41 KOKX 160624,nhigh: first final report with data,no,no,True,True,False,
2024-12-15,KXHIGHNY-24DEC15,KXHIGHNY-24DEC15-B39.5,between,39,40,nws_climatological_report_daily,a6ce4cac04b81266,no,,0.0000,41,2024-12-16T06:24:00+00:00,CDUS41 KOKX 160624,nhigh: first final report with data,no,no,True,True,False,
2024-12-15,KXHIGHNY-24DEC15,KXHIGHNY-24DEC15-B41.5,between,41,42,nws_climatological_report_daily,a6ce4cac04b81266,yes,41.00,1.0000,41,2024-12-16T06:24:00+00:00,CDUS41 KOKX 160624,nhigh: first final report with data,yes,yes,True,True,False,
2024-12-15,KXHIGHNY-24DEC15,KXHIGHNY-24DEC15-T35,less,,35,nws_climatological_report_daily,a6ce4cac04b81266,no,,0.0000,41,2024-12-16T06:24:00+00:00,CDUS41 KOKX 160624,nhigh: first final report with data,no,no,True,True,False,
2024-12-15,KXHIGHNY-24DEC15,KXHIGHNY-24DEC15-T42,greater,42,,nws_climatological_report_daily,a6ce4cac04b81266,no,,0.0000,41,2024-12-16T06:24:00+00:00,CDUS41 KOKX 160624,nhigh: first final report with data,no,no,True,True,False,
2024-12-16,KXHIGHNY-24DEC16,KXHIGHNY-24DEC16-B45.5,between,45,46,nws_climatological_report_daily,a6ce4cac04b81266,no,,0.0000,52,2024-12-17T06:44:00+00:00,CDUS41 KOKX 170644,nhigh: first final report with data,no,no,True,True,False,
2024-12-16,KXHIGHNY-24DEC16,KXHIGHNY-24DEC16-B47.5,between,47,48,nws_climatological_report_daily,a6ce4cac04b81266,no,,0.0000,52,2024-12-17T06:44:00+00:00,CDUS41 KOKX 170644,nhigh: first final report with data,no,no,True,True,False,
2024-12-16,KXHIGHNY-24DEC16,KXHIGHNY-24DEC16-B49.5,between,49,50,nws_climatological_report_daily,a6ce4cac04b81266,no,,0.0000,52,2024-12-17T06:44:00+00:00,CDUS41 KOKX 170644,nhigh: first final report with data,no,no,True,True,False,
2024-12-16,KXHIGHNY-24DEC16,KXHIGHNY-24DEC16-B51.5,between,51,52,nws_climatological_report_daily,a6ce4cac04b81266,yes,52.00,1.0000,52,2024-12-17T06:44:00+00:00,CDUS41 KOKX 170644,nhigh: first final report with data,yes,yes,True,True,False,
2024-12-16,KXHIGHNY-24DEC16,KXHIGHNY-24DEC16-T45,less,,45,nws_climatological_report_daily,a6ce4cac04b81266,no,,0.0000,52,2024-12-17T06:44:00+00:00,CDUS41 KOKX 170644,nhigh: first final report with data,no,no,True,True,False,
2024-12-16,KXHIGHNY-24DEC16,KXHIGHNY-24DEC16-T52,greater,52,,nws_climatological_report_daily,a6ce4cac04b81266,no,,0.0000,52,2024-12-17T06:44:00+00:00,CDUS41 KOKX 170644,nhigh: first final report with data,no,no,True,True,False,
2024-12-17,KXHIGHNY-24DEC17,KXHIGHNY-24DEC17-B53.5,between,53,54,nws_climatological_report_daily,a6ce4cac04b81266,no,,0.0000,59,2024-12-18T06:20:00+00:00,CDUS41 KOKX 180620,nhigh: first final report with data,no,no,True,True,False,
2024-12-17,KXHIGHNY-24DEC17,KXHIGHNY-24DEC17-B55.5,between,55,56,nws_climatological_report_daily,a6ce4cac04b81266,no,,0.0000,59,2024-12-18T06:20:00+00:00,CDUS41 KOKX 180620,nhigh: first final report with data,no,no,True,True,False,
2024-12-17,KXHIGHNY-24DEC17,KXHIGHNY-24DEC17-B57.5,between,57,58,nws_climatological_report_daily,a6ce4cac04b81266,no,,0.0000,59,2024-12-18T06:20:00+00:00,CDUS41 KOKX 180620,nhigh: first final report with data,no,no,True,True,False,
2024-12-17,KXHIGHNY-24DEC17,KXHIGHNY-24DEC17-B59.5,between,59,60,nws_climatological_report_daily,a6ce4cac04b81266,yes,59.00,1.0000,59,2024-12-18T06:20:00+00:00,CDUS41 KOKX 180620,nhigh: first final report with data,yes,yes,True,True,False,
2024-12-17,KXHIGHNY-24DEC17,KXHIGHNY-24DEC17-T53,less,,53,nws_climatological_report_daily,a6ce4cac04b81266,no,,0.0000,59,2024-12-18T06:20:00+00:00,CDUS41 KOKX 180620,nhigh: first final report with data,no,no,True,True,False,
2024-12-17,KXHIGHNY-24DEC17,KXHIGHNY-24DEC17-T60,greater,60,,nws_climatological_report_daily,a6ce4cac04b81266,no,,0.0000,59,2024-12-18T06:20:00+00:00,CDUS41 KOKX 180620,nhigh: first final report with data,no,no,True,True,False,
2024-12-18,KXHIGHNY-24DEC18,KXHIGHNY-24DEC18-B45.5,between,45,46,nws_climatological_report_daily,a6ce4cac04b81266,no,,0.0000,53,2024-12-19T06:59:00+00:00,CDUS41 KOKX 190659,nhigh: first final report with data,no,no,True,True,False,
2024-12-18,KXHIGHNY-24DEC18,KXHIGHNY-24DEC18-B47.5,between,47,48,nws_climatological_report_daily,a6ce4cac04b81266,no,,0.0000,53,2024-12-19T06:59:00+00:00,CDUS41 KOKX 190659,nhigh: first final report with data,no,no,True,True,False,
2024-12-18,KXHIGHNY-24DEC18,KXHIGHNY-24DEC18-B49.5,between,49,50,nws_climatological_report_daily,a6ce4cac04b81266,no,,0.0000,53,2024-12-19T06:59:00+00:00,CDUS41 KOKX 190659,nhigh: first final report with data,no,no,True,True,False,
2024-12-18,KXHIGHNY-24DEC18,KXHIGHNY-24DEC18-B51.5,between,51,52,nws_climatological_report_daily,a6ce4cac04b81266,no,,0.0000,53,2024-12-19T06:59:00+00:00,CDUS41 KOKX 190659,nhigh: first final report with data,no,no,True,True,False,
2024-12-18,KXHIGHNY-24DEC18,KXHIGHNY-24DEC18-T45,less,,45,nws_climatological_report_daily,a6ce4cac04b81266,no,,0.0000,53,2024-12-19T06:59:00+00:00,CDUS41 KOKX 190659,nhigh: first final report with data,no,no,True,True,False,
2024-12-18,KXHIGHNY-24DEC18,KXHIGHNY-24DEC18-T52,greater,52,,nws_climatological_report_daily,a6ce4cac04b81266,yes,53.00,1.0000,53,2024-12-19T06:59:00+00:00,CDUS41 KOKX 190659,nhigh: first final report with data,yes,yes,True,True,False,
2024-12-19,KXHIGHNY-24DEC19,KXHIGHNY-24DEC19-B40.5,between,40,41,nws_climatological_report_daily,a6ce4cac04b81266,no,,0.0000,45,2024-12-20T06:22:00+00:00,CDUS41 KOKX 200622,nhigh: first final report with data,no,no,True,True,False,
2024-12-19,KXHIGHNY-24DEC19,KXHIGHNY-24DEC19-B42.5,between,42,43,nws_climatological_report_daily,a6ce4cac04b81266,no,,0.0000,45,2024-12-20T06:22:00+00:00,CDUS41 KOKX 200622,nhigh: first final report with data,no,no,True,True,False,
2024-12-19,KXHIGHNY-24DEC19,KXHIGHNY-24DEC19-B44.5,between,44,45,nws_climatological_report_daily,a6ce4cac04b81266,yes,45.00,1.0000,45,2024-12-20T06:22:00+00:00,CDUS41 KOKX 200622,nhigh: first final report with data,yes,yes,True,True,False,
2024-12-19,KXHIGHNY-24DEC19,KXHIGHNY-24DEC19-B46.5,between,46,47,nws_climatological_report_daily,a6ce4cac04b81266,no,,0.0000,45,2024-12-20T06:22:00+00:00,CDUS41 KOKX 200622,nhigh: first final report with data,no,no,True,True,False,
2024-12-19,KXHIGHNY-24DEC19,KXHIGHNY-24DEC19-T40,less,,40,nws_climatological_report_daily,a6ce4cac04b81266,no,,0.0000,45,2024-12-20T06:22:00+00:00,CDUS41 KOKX 200622,nhigh: first final report with data,no,no,True,True,False,
2024-12-19,KXHIGHNY-24DEC19,KXHIGHNY-24DEC19-T47,greater,47,,nws_climatological_report_daily,a6ce4cac04b81266,no,,0.0000,45,2024-12-20T06:22:00+00:00,CDUS41 KOKX 200622,nhigh: first final report with data,no,no,True,True,False,
2024-12-20,KXHIGHNY-24DEC20,KXHIGHNY-24DEC20-B35.5,between,35,36,nws_climatological_report_daily,a6ce4cac04b81266,no,,0.0000,37,2024-12-21T06:19:00+00:00,CDUS41 KOKX 210619,nhigh: first final report with data,no,no,True,True,False,
2024-12-20,KXHIGHNY-24DEC20,KXHIGHNY-24DEC20-B37.5,between,37,38,nws_climatological_report_daily,a6ce4cac04b81266,yes,37.00,1.0000,37,2024-12-21T06:19:00+00:00,CDUS41 KOKX 210619,nhigh: first final report with data,yes,yes,True,True,False,
2024-12-20,KXHIGHNY-24DEC20,KXHIGHNY-24DEC20-B39.5,between,39,40,nws_climatological_report_daily,a6ce4cac04b81266,no,,0.0000,37,2024-12-21T06:19:00+00:00,CDUS41 KOKX 210619,nhigh: first final report with data,no,no,True,True,False,
2024-12-20,KXHIGHNY-24DEC20,KXHIGHNY-24DEC20-B41.5,between,41,42,nws_climatological_report_daily,a6ce4cac04b81266,no,,0.0000,37,2024-12-21T06:19:00+00:00,CDUS41 KOKX 210619,nhigh: first final report with data,no,no,True,True,False,
2024-12-20,KXHIGHNY-24DEC20,KXHIGHNY-24DEC20-T35,less,,35,nws_climatological_report_daily,a6ce4cac04b81266,no,,0.0000,37,2024-12-21T06:19:00+00:00,CDUS41 KOKX 210619,nhigh: first final report with data,no,no,True,True,False,
2024-12-20,KXHIGHNY-24DEC20,KXHIGHNY-24DEC20-T42,greater,42,,nws_climatological_report_daily,a6ce4cac04b81266,no,,0.0000,37,2024-12-21T06:19:00+00:00,CDUS41 KOKX 210619,nhigh: first final report with data,no,no,True,True,False,
2024-12-21,KXHIGHNY-24DEC21,KXHIGHNY-24DEC21-B29.5,between,29,30,nws_climatological_report_daily,a6ce4cac04b81266,no,,0.0000,33,2024-12-22T06:26:00+00:00,CDUS41 KOKX 220626,nhigh: first final report with data,no,no,True,True,False,
2024-12-21,KXHIGHNY-24DEC21,KXHIGHNY-24DEC21-B31.5,between,31,32,nws_climatological_report_daily,a6ce4cac04b81266,no,,0.0000,33,2024-12-22T06:26:00+00:00,CDUS41 KOKX 220626,nhigh: first final report with data,no,no,True,True,False,
2024-12-21,KXHIGHNY-24DEC21,KXHIGHNY-24DEC21-B33.5,between,33,34,nws_climatological_report_daily,a6ce4cac04b81266,yes,33.00,1.0000,33,2024-12-22T06:26:00+00:00,CDUS41 KOKX 220626,nhigh: first final report with data,yes,yes,True,True,False,
2024-12-21,KXHIGHNY-24DEC21,KXHIGHNY-24DEC21-B35.5,between,35,36,nws_climatological_report_daily,a6ce4cac04b81266,no,,0.0000,33,2024-12-22T06:26:00+00:00,CDUS41 KOKX 220626,nhigh: first final report with data,no,no,True,True,False,
2024-12-21,KXHIGHNY-24DEC21,KXHIGHNY-24DEC21-T29,less,,29,nws_climatological_report_daily,a6ce4cac04b81266,no,,0.0000,33,2024-12-22T06:26:00+00:00,CDUS41 KOKX 220626,nhigh: first final report with data,no,no,True,True,False,
2024-12-21,KXHIGHNY-24DEC21,KXHIGHNY-24DEC21-T36,greater,36,,nws_climatological_report_daily,a6ce4cac04b81266,no,,0.0000,33,2024-12-22T06:26:00+00:00,CDUS41 KOKX 220626,nhigh: first final report with data,no,no,True,True,False,
2024-12-22,KXHIGHNY-24DEC22,KXHIGHNY-24DEC22-B21.5,between,21,22,nws_climatological_report_daily,a6ce4cac04b81266,yes,21.00,1.0000,21,2024-12-23T06:18:00+00:00,CDUS41 KOKX 230618,nhigh: first final report with data,yes,yes,True,True,False,
2024-12-22,KXHIGHNY-24DEC22,KXHIGHNY-24DEC22-B23.5,between,23,24,nws_climatological_report_daily,a6ce4cac04b81266,no,,0.0000,21,2024-12-23T06:18:00+00:00,CDUS41 KOKX 230618,nhigh: first final report with data,no,no,True,True,False,
2024-12-22,KXHIGHNY-24DEC22,KXHIGHNY-24DEC22-B25.5,between,25,26,nws_climatological_report_daily,a6ce4cac04b81266,no,,0.0000,21,2024-12-23T06:18:00+00:00,CDUS41 KOKX 230618,nhigh: first final report with data,no,no,True,True,False,
2024-12-22,KXHIGHNY-24DEC22,KXHIGHNY-24DEC22-B27.5,between,27,28,nws_climatological_report_daily,a6ce4cac04b81266,no,,0.0000,21,2024-12-23T06:18:00+00:00,CDUS41 KOKX 230618,nhigh: first final report with data,no,no,True,True,False,
2024-12-22,KXHIGHNY-24DEC22,KXHIGHNY-24DEC22-T21,less,,21,nws_climatological_report_daily,a6ce4cac04b81266,no,,0.0000,21,2024-12-23T06:18:00+00:00,CDUS41 KOKX 230618,nhigh: first final report with data,no,no,True,True,False,
2024-12-22,KXHIGHNY-24DEC22,KXHIGHNY-24DEC22-T28,greater,28,,nws_climatological_report_daily,a6ce4cac04b81266,no,,0.0000,21,2024-12-23T06:18:00+00:00,CDUS41 KOKX 230618,nhigh: first final report with data,no,no,True,True,False,
2024-12-23,KXHIGHNY-24DEC23,KXHIGHNY-24DEC23-B26.5,between,26,27,nws_climatological_report_daily,a6ce4cac04b81266,no,,0.0000,31,2024-12-24T06:17:00+00:00,CDUS41 KOKX 240617,nhigh: first final report with data,no,no,True,True,False,
2024-12-23,KXHIGHNY-24DEC23,KXHIGHNY-24DEC23-B28.5,between,28,29,nws_climatological_report_daily,a6ce4cac04b81266,no,,0.0000,31,2024-12-24T06:17:00+00:00,CDUS41 KOKX 240617,nhigh: first final report with data,no,no,True,True,False,
2024-12-23,KXHIGHNY-24DEC23,KXHIGHNY-24DEC23-B30.5,between,30,31,nws_climatological_report_daily,a6ce4cac04b81266,yes,31.00,1.0000,31,2024-12-24T06:17:00+00:00,CDUS41 KOKX 240617,nhigh: first final report with data,yes,yes,True,True,False,
2024-12-23,KXHIGHNY-24DEC23,KXHIGHNY-24DEC23-B32.5,between,32,33,nws_climatological_report_daily,a6ce4cac04b81266,no,,0.0000,31,2024-12-24T06:17:00+00:00,CDUS41 KOKX 240617,nhigh: first final report with data,no,no,True,True,False,
2024-12-23,KXHIGHNY-24DEC23,KXHIGHNY-24DEC23-T26,less,,26,nws_climatological_report_daily,a6ce4cac04b81266,no,,0.0000,31,2024-12-24T06:17:00+00:00,CDUS41 KOKX 240617,nhigh: first final report with data,no,no,True,True,False,
2024-12-23,KXHIGHNY-24DEC23,KXHIGHNY-24DEC23-T33,greater,33,,nws_climatological_report_daily,a6ce4cac04b81266,no,,0.0000,31,2024-12-24T06:17:00+00:00,CDUS41 KOKX 240617,nhigh: first final report with data,no,no,True,True,False,
2024-12-24,KXHIGHNY-24DEC24,KXHIGHNY-24DEC24-B34.5,between,34,35,nws_climatological_report_daily,a6ce4cac04b81266,no,,0.0000,39,2024-12-25T06:17:00+00:00,CDUS41 KOKX 250617,nhigh: first final report with data,no,no,True,True,False,
2024-12-24,KXHIGHNY-24DEC24,KXHIGHNY-24DEC24-B36.5,between,36,37,nws_climatological_report_daily,a6ce4cac04b81266,no,,0.0000,39,2024-12-25T06:17:00+00:00,CDUS41 KOKX 250617,nhigh: first final report with data,no,no,True,True,False,
2024-12-24,KXHIGHNY-24DEC24,KXHIGHNY-24DEC24-B38.5,between,38,39,nws_climatological_report_daily,a6ce4cac04b81266,yes,39.00,1.0000,39,2024-12-25T06:17:00+00:00,CDUS41 KOKX 250617,nhigh: first final report with data,yes,yes,True,True,False,
2024-12-24,KXHIGHNY-24DEC24,KXHIGHNY-24DEC24-B40.5,between,40,41,nws_climatological_report_daily,a6ce4cac04b81266,no,,0.0000,39,2024-12-25T06:17:00+00:00,CDUS41 KOKX 250617,nhigh: first final report with data,no,no,True,True,False,
2024-12-24,KXHIGHNY-24DEC24,KXHIGHNY-24DEC24-T34,less,,34,nws_climatological_report_daily,a6ce4cac04b81266,no,,0.0000,39,2024-12-25T06:17:00+00:00,CDUS41 KOKX 250617,nhigh: first final report with data,no,no,True,True,False,
2024-12-24,KXHIGHNY-24DEC24,KXHIGHNY-24DEC24-T41,greater,41,,nws_climatological_report_daily,a6ce4cac04b81266,no,,0.0000,39,2024-12-25T06:17:00+00:00,CDUS41 KOKX 250617,nhigh: first final report with data,no,no,True,True,False,
2024-12-25,KXHIGHNY-24DEC25,KXHIGHNY-24DEC25-B31.5,between,31,32,nws_climatological_report_daily,a6ce4cac04b81266,no,,0.0000,35,2024-12-26T06:16:00+00:00,CDUS41 KOKX 260616,nhigh: first final report with data,no,no,True,True,False,
2024-12-25,KXHIGHNY-24DEC25,KXHIGHNY-24DEC25-B33.5,between,33,34,nws_climatological_report_daily,a6ce4cac04b81266,no,,0.0000,35,2024-12-26T06:16:00+00:00,CDUS41 KOKX 260616,nhigh: first final report with data,no,no,True,True,False,
2024-12-25,KXHIGHNY-24DEC25,KXHIGHNY-24DEC25-B35.5,between,35,36,nws_climatological_report_daily,a6ce4cac04b81266,yes,35.00,1.0000,35,2024-12-26T06:16:00+00:00,CDUS41 KOKX 260616,nhigh: first final report with data,yes,yes,True,True,False,
2024-12-25,KXHIGHNY-24DEC25,KXHIGHNY-24DEC25-B37.5,between,37,38,nws_climatological_report_daily,a6ce4cac04b81266,no,,0.0000,35,2024-12-26T06:16:00+00:00,CDUS41 KOKX 260616,nhigh: first final report with data,no,no,True,True,False,
2024-12-25,KXHIGHNY-24DEC25,KXHIGHNY-24DEC25-T31,less,,31,nws_climatological_report_daily,a6ce4cac04b81266,no,,0.0000,35,2024-12-26T06:16:00+00:00,CDUS41 KOKX 260616,nhigh: first final report with data,no,no,True,True,False,
2024-12-25,KXHIGHNY-24DEC25,KXHIGHNY-24DEC25-T38,greater,38,,nws_climatological_report_daily,a6ce4cac04b81266,no,,0.0000,35,2024-12-26T06:16:00+00:00,CDUS41 KOKX 260616,nhigh: first final report with data,no,no,True,True,False,
2024-12-26,KXHIGHNY-24DEC26,KXHIGHNY-24DEC26-B32.5,between,32,33,nws_climatological_report_daily,a6ce4cac04b81266,no,,0.0000,36,2024-12-27T06:22:00+00:00,CDUS41 KOKX 270622,nhigh: first final report with data,no,no,True,True,False,
2024-12-26,KXHIGHNY-24DEC26,KXHIGHNY-24DEC26-B34.5,between,34,35,nws_climatological_report_daily,a6ce4cac04b81266,no,,0.0000,36,2024-12-27T06:22:00+00:00,CDUS41 KOKX 270622,nhigh: first final report with data,no,no,True,True,False,
2024-12-26,KXHIGHNY-24DEC26,KXHIGHNY-24DEC26-B36.5,between,36,37,nws_climatological_report_daily,a6ce4cac04b81266,yes,36.00,1.0000,36,2024-12-27T06:22:00+00:00,CDUS41 KOKX 270622,nhigh: first final report with data,yes,yes,True,True,False,
2024-12-26,KXHIGHNY-24DEC26,KXHIGHNY-24DEC26-B38.5,between,38,39,nws_climatological_report_daily,a6ce4cac04b81266,no,,0.0000,36,2024-12-27T06:22:00+00:00,CDUS41 KOKX 270622,nhigh: first final report with data,no,no,True,True,False,
2024-12-26,KXHIGHNY-24DEC26,KXHIGHNY-24DEC26-T32,less,,32,nws_climatological_report_daily,a6ce4cac04b81266,no,,0.0000,36,2024-12-27T06:22:00+00:00,CDUS41 KOKX 270622,nhigh: first final report with data,no,no,True,True,False,
2024-12-26,KXHIGHNY-24DEC26,KXHIGHNY-24DEC26-T39,greater,39,,nws_climatological_report_daily,a6ce4cac04b81266,no,,0.0000,36,2024-12-27T06:22:00+00:00,CDUS41 KOKX 270622,nhigh: first final report with data,no,no,True,True,False,
2024-12-27,KXHIGHNY-24DEC27,KXHIGHNY-24DEC27-B35.5,between,35,36,nws_climatological_report_daily,a6ce4cac04b81266,no,,0.0000,44,2024-12-28T06:21:00+00:00,CDUS41 KOKX 280621,nhigh: first final report with data,no,no,True,True,False,
2024-12-27,KXHIGHNY-24DEC27,KXHIGHNY-24DEC27-B37.5,between,37,38,nws_climatological_report_daily,a6ce4cac04b81266,no,,0.0000,44,2024-12-28T06:21:00+00:00,CDUS41 KOKX 280621,nhigh: first final report with data,no,no,True,True,False,
2024-12-27,KXHIGHNY-24DEC27,KXHIGHNY-24DEC27-B39.5,between,39,40,nws_climatological_report_daily,a6ce4cac04b81266,no,,0.0000,44,2024-12-28T06:21:00+00:00,CDUS41 KOKX 280621,nhigh: first final report with data,no,no,True,True,False,
2024-12-27,KXHIGHNY-24DEC27,KXHIGHNY-24DEC27-B41.5,between,41,42,nws_climatological_report_daily,a6ce4cac04b81266,no,,0.0000,44,2024-12-28T06:21:00+00:00,CDUS41 KOKX 280621,nhigh: first final report with data,no,no,True,True,False,
2024-12-27,KXHIGHNY-24DEC27,KXHIGHNY-24DEC27-T35,less,,35,nws_climatological_report_daily,a6ce4cac04b81266,no,,0.0000,44,2024-12-28T06:21:00+00:00,CDUS41 KOKX 280621,nhigh: first final report with data,no,no,True,True,False,
2024-12-27,KXHIGHNY-24DEC27,KXHIGHNY-24DEC27-T42,greater,42,,nws_climatological_report_daily,a6ce4cac04b81266,yes,44.00,1.0000,44,2024-12-28T06:21:00+00:00,CDUS41 KOKX 280621,nhigh: first final report with data,yes,yes,True,True,False,
2024-12-28,KXHIGHNY-24DEC28,KXHIGHNY-24DEC28-B43.5,between,43,44,nws_climatological_report_daily,a6ce4cac04b81266,no,,0.0000,54,2024-12-29T06:25:00+00:00,CDUS41 KOKX 290625,nhigh: first final report with data,no,no,True,True,False,
2024-12-28,KXHIGHNY-24DEC28,KXHIGHNY-24DEC28-B45.5,between,45,46,nws_climatological_report_daily,a6ce4cac04b81266,no,,0.0000,54,2024-12-29T06:25:00+00:00,CDUS41 KOKX 290625,nhigh: first final report with data,no,no,True,True,False,
2024-12-28,KXHIGHNY-24DEC28,KXHIGHNY-24DEC28-B47.5,between,47,48,nws_climatological_report_daily,a6ce4cac04b81266,no,,0.0000,54,2024-12-29T06:25:00+00:00,CDUS41 KOKX 290625,nhigh: first final report with data,no,no,True,True,False,
2024-12-28,KXHIGHNY-24DEC28,KXHIGHNY-24DEC28-B49.5,between,49,50,nws_climatological_report_daily,a6ce4cac04b81266,no,,0.0000,54,2024-12-29T06:25:00+00:00,CDUS41 KOKX 290625,nhigh: first final report with data,no,no,True,True,False,
2024-12-28,KXHIGHNY-24DEC28,KXHIGHNY-24DEC28-T43,less,,43,nws_climatological_report_daily,a6ce4cac04b81266,no,,0.0000,54,2024-12-29T06:25:00+00:00,CDUS41 KOKX 290625,nhigh: first final report with data,no,no,True,True,False,
2024-12-28,KXHIGHNY-24DEC28,KXHIGHNY-24DEC28-T50,greater,50,,nws_climatological_report_daily,a6ce4cac04b81266,yes,54.00,1.0000,54,2024-12-29T06:25:00+00:00,CDUS41 KOKX 290625,nhigh: first final report with data,yes,yes,True,True,False,
2024-12-29,KXHIGHNY-24DEC29,KXHIGHNY-24DEC29-B53.5,between,53,54,nws_climatological_report_daily,a6ce4cac04b81266,no,,0.0000,60,2024-12-30T06:42:00+00:00,CDUS41 KOKX 300642,nhigh: first final report with data,no,no,True,True,False,
2024-12-29,KXHIGHNY-24DEC29,KXHIGHNY-24DEC29-B55.5,between,55,56,nws_climatological_report_daily,a6ce4cac04b81266,no,,0.0000,60,2024-12-30T06:42:00+00:00,CDUS41 KOKX 300642,nhigh: first final report with data,no,no,True,True,False,
2024-12-29,KXHIGHNY-24DEC29,KXHIGHNY-24DEC29-B57.5,between,57,58,nws_climatological_report_daily,a6ce4cac04b81266,no,,0.0000,60,2024-12-30T06:42:00+00:00,CDUS41 KOKX 300642,nhigh: first final report with data,no,no,True,True,False,
2024-12-29,KXHIGHNY-24DEC29,KXHIGHNY-24DEC29-B59.5,between,59,60,nws_climatological_report_daily,a6ce4cac04b81266,yes,60.00,1.0000,60,2024-12-30T06:42:00+00:00,CDUS41 KOKX 300642,nhigh: first final report with data,yes,yes,True,True,False,
2024-12-29,KXHIGHNY-24DEC29,KXHIGHNY-24DEC29-T53,less,,53,nws_climatological_report_daily,a6ce4cac04b81266,no,,0.0000,60,2024-12-30T06:42:00+00:00,CDUS41 KOKX 300642,nhigh: first final report with data,no,no,True,True,False,
2024-12-29,KXHIGHNY-24DEC29,KXHIGHNY-24DEC29-T60,greater,60,,nws_climatological_report_daily,a6ce4cac04b81266,no,,0.0000,60,2024-12-30T06:42:00+00:00,CDUS41 KOKX 300642,nhigh: first final report with data,no,no,True,True,False,
2024-12-30,KXHIGHNY-24DEC30,KXHIGHNY-24DEC30-B52.5,between,52,53,nws_climatological_report_daily,a6ce4cac04b81266,no,,0.0000,58,2024-12-31T06:45:00+00:00,CDUS41 KOKX 310645,nhigh: first final report with data,no,no,True,True,False,
2024-12-30,KXHIGHNY-24DEC30,KXHIGHNY-24DEC30-B54.5,between,54,55,nws_climatological_report_daily,a6ce4cac04b81266,no,,0.0000,58,2024-12-31T06:45:00+00:00,CDUS41 KOKX 310645,nhigh: first final report with data,no,no,True,True,False,
2024-12-30,KXHIGHNY-24DEC30,KXHIGHNY-24DEC30-B56.5,between,56,57,nws_climatological_report_daily,a6ce4cac04b81266,no,,0.0000,58,2024-12-31T06:45:00+00:00,CDUS41 KOKX 310645,nhigh: first final report with data,no,no,True,True,False,
2024-12-30,KXHIGHNY-24DEC30,KXHIGHNY-24DEC30-B58.5,between,58,59,nws_climatological_report_daily,a6ce4cac04b81266,yes,58.00,1.0000,58,2024-12-31T06:45:00+00:00,CDUS41 KOKX 310645,nhigh: first final report with data,yes,yes,True,True,False,
2024-12-30,KXHIGHNY-24DEC30,KXHIGHNY-24DEC30-T52,less,,52,nws_climatological_report_daily,a6ce4cac04b81266,no,,0.0000,58,2024-12-31T06:45:00+00:00,CDUS41 KOKX 310645,nhigh: first final report with data,no,no,True,True,False,
2024-12-30,KXHIGHNY-24DEC30,KXHIGHNY-24DEC30-T59,greater,59,,nws_climatological_report_daily,a6ce4cac04b81266,no,,0.0000,58,2024-12-31T06:45:00+00:00,CDUS41 KOKX 310645,nhigh: first final report with data,no,no,True,True,False,
2024-12-31,KXHIGHNY-24DEC31,KXHIGHNY-24DEC31-B50.5,between,50,51,nws_climatological_report_daily,a6ce4cac04b81266,no,,0.0000,53,2025-01-01T06:56:00+00:00,CDUS41 KOKX 010656,nhigh: first final report with data,no,no,True,True,False,
2024-12-31,KXHIGHNY-24DEC31,KXHIGHNY-24DEC31-B52.5,between,52,53,nws_climatological_report_daily,a6ce4cac04b81266,yes,53.00,1.0000,53,2025-01-01T06:56:00+00:00,CDUS41 KOKX 010656,nhigh: first final report with data,yes,yes,True,True,False,
2024-12-31,KXHIGHNY-24DEC31,KXHIGHNY-24DEC31-B54.5,between,54,55,nws_climatological_report_daily,a6ce4cac04b81266,no,,0.0000,53,2025-01-01T06:56:00+00:00,CDUS41 KOKX 010656,nhigh: first final report with data,no,no,True,True,False,
2024-12-31,KXHIGHNY-24DEC31,KXHIGHNY-24DEC31-B56.5,between,56,57,nws_climatological_report_daily,a6ce4cac04b81266,no,,0.0000,53,2025-01-01T06:56:00+00:00,CDUS41 KOKX 010656,nhigh: first final report with data,no,no,True,True,False,
2024-12-31,KXHIGHNY-24DEC31,KXHIGHNY-24DEC31-T50,less,,50,nws_climatological_report_daily,a6ce4cac04b81266,no,,0.0000,53,2025-01-01T06:56:00+00:00,CDUS41 KOKX 010656,nhigh: first final report with data,no,no,True,True,False,
2024-12-31,KXHIGHNY-24DEC31,KXHIGHNY-24DEC31-T57,greater,57,,nws_climatological_report_daily,a6ce4cac04b81266,no,,0.0000,53,2025-01-01T06:56:00+00:00,CDUS41 KOKX 010656,nhigh: first final report with data,no,no,True,True,False,
